date,tic,close,ma20_lag
2016-01-01,SPY,199.5282394231048,
2016-01-04,SPY,200.58859536376858,
2016-01-05,SPY,200.17518996173155,
2016-01-06,SPY,199.584536186813,
2016-01-07,SPY,197.76828060244168,
2016-01-08,SPY,197.38599066465574,
2016-01-11,SPY,199.62023700062102,
2016-01-12,SPY,200.5068436641036,
2016-01-13,SPY,202.62595854653154,
2016-01-14,SPY,203.17082527602068,
2016-01-15,SPY,204.01351616565978,
2016-01-18,SPY,204.4324103052253,
2016-01-19,SPY,201.06732500959902,
2016-01-20,SPY,202.82716871961486,
2016-01-21,SPY,203.89482019911222,
2016-01-22,SPY,204.95266330518305,
2016-01-25,SPY,201.52715714263098,
2016-01-26,SPY,198.05305442756583,
2016-01-27,SPY,196.3307546754049,
2016-01-28,SPY,195.45082128798362,
2016-01-29,SPY,196.08690815186895,200.6752193963886
2016-02-01,SPY,196.0360986406582,200.5031528328268
2016-02-02,SPY,197.0966047261478,200.2755279966713
2016-02-03,SPY,195.87020116071892,200.12159873489207
2016-02-04,SPY,196.5140326802999,199.9358819835874
2016-02-05,SPY,197.32790434430194,199.87316958748028
2016-02-08,SPY,196.06276145244811,199.8702652714626
2016-02-09,SPY,199.46941137368614,199.69239149405396
2016-02-10,SPY,200.61957066176055,199.6405198795331
2016-02-11,SPY,203.06112134512517,199.54020048529452
2016-02-12,SPY,201.84207859717242,199.53471528874977
2016-02-15,SPY,200.38979275639525,199.4261434103254
2016-02-16,SPY,199.7404362875862,199.2240125328839
2016-02-17,SPY,199.56781794292556,199.15766809678325
2016-02-18,SPY,200.86915726565582,198.99470055794876
2016-02-19,SPY,201.40834482777262,198.84341741127596
2016-02-22,SPY,200.54761640674505,198.66620148740543
2016-02-23,SPY,198.66866109387388,198.61722445061113
2016-02-24,SPY,197.674145027299,198.64800478392652
2016-02-25,SPY,200.1271256269889,198.71517430152124
2016-02-26,SPY,198.55023108853592,198.9489895184715
2016-02-29,SPY,199.07591019315913,199.07215566530485
2016-03-01,SPY,199.96482190617687,199.22414624292992
2016-03-02,SPY,197.02585266407357,199.36755710193137
2016-03-03,SPY,197.16076485139703,199.4253396770991
2016-03-04,SPY,199.77559687656935,199.45767628565397
2016-03-07,SPY,195.79134464186404,199.58006091226733
2016-03-08,SPY,195.20084998550539,199.56649007173812
2016-03-09,SPY,195.0327055961776,199.35306200232907
2016-03-10,SPY,193.4777872576904,199.07371874904996
2016-03-11,SPY,194.47882200285105,198.5945520446782
2016-03-14,SPY,194.3965965612414,198.22638921496213
2016-03-15,SPY,191.58823318773852,197.9267294052044
2016-03-16,SPY,193.2126061264951,197.51911925021207
2016-03-17,SPY,194.5444895777583,197.20135865939056
2016-03-18,SPY,196.42348156292599,196.8851252749957
2016-03-21,SPY,199.29243785353694,196.63588211175332
2016-03-22,SPY,200.05422058271498,196.57312318409294
2016-03-23,SPY,200.33284439867109,196.642401158535
2016-03-24,SPY,197.77025058988897,196.77533612710357
2016-03-25,SPY,199.02696822403183,196.65749237524858
2016-03-28,SPY,197.849208387136,196.6813292320234
2016-03-29,SPY,196.99311110406404,196.6199941417222
2016-03-30,SPY,194.54096494082484,196.4714086016166
2016-03-31,SPY,192.69746688475135,196.34716421545414
2016-04-01,SPY,191.7125494865669,196.12399931712184
2016-04-04,SPY,194.22175530903522,195.72084694762174
2016-04-05,SPY,190.3144174813128,195.64236748098028
2016-04-06,SPY,187.57825653192268,195.39804585577068
2016-04-07,SPY,188.06474279679838,195.02532340255792
2016-04-08,SPY,190.81678774817038,194.7546711795133
2016-04-11,SPY,191.95882040364637,194.5715694667793
2016-04-12,SPY,188.35010346499016,194.44968065889955
2016-04-13,SPY,183.64467557782788,194.2877741727621
2016-04-14,SPY,184.33774547026013,193.80937764532877
2016-04-15,SPY,183.0174043588884,193.29904043995384
2016-04-18,SPY,181.00460351853158,192.62873657975197
2016-04-19,SPY,182.80989137967092,191.7143448630017
2016-04-20,SPY,184.86062752104525,190.85212840284947
2016-04-21,SPY,185.1882964595167,190.0785175589682
2016-04-22,SPY,185.68048345129236,189.44941985244958
2016-04-25,SPY,186.52414651321155,188.7820956138126
2016-04-26,SPY,189.53465380509124,188.21584252011638
2016-04-27,SPY,190.74583445598682,187.84291965516775
2016-04-28,SPY,191.7732860138995,187.65316313092586
2016-04-29,SPY,192.86205501478767,187.60695408738326
2016-05-02,SPY,189.87595152297797,187.66442936379428
2016-05-03,SPY,192.34763042734124,187.44713917449144
2016-05-04,SPY,194.2232161791937,187.54879982179287
2016-05-05,SPY,195.29071304855688,187.8810478041564
2016-05-06,SPY,191.4749757784168,188.24234631674432
2016-05-09,SPY,190.29993209806838,188.27525571825666
2016-05-10,SPY,191.94089525163935,188.19231130297777
2016-05-11,SPY,188.50282257947495,188.3718508923102
2016-05-12,SPY,188.19363604753758,188.61475824239255
2016-05-13,SPY,190.14996097091674,188.80755277125644
2016-05-16,SPY,187.69476632721452,189.16418060185788
2016-05-17,SPY,190.75439034713966,189.49868874229202
2016-05-18,SPY,191.84543673454223,189.89591369066545
2016-05-19,SPY,191.59577147878866,190.24515415134027
2016-05-20,SPY,192.25652172506702,190.5655279023039
2016-05-23,SPY,193.544315490656,190.89432981599265
2016-05-24,SPY,193.81603956702847,191.24533826486484
2016-05-25,SPY,196.07527607097603,191.45940755296172
2016-05-26,SPY,194.8173657925587,191.72587963371114
2016-05-27,SPY,194.04835121181648,191.87808362264414
2016-05-30,SPY,196.10853258212632,191.93739843249557
2016-05-31,SPY,196.2003092996586,192.24902748545298
2016-06-01,SPY,194.5120761110898,192.44166142906886
2016-06-02,SPY,196.3919483126856,192.45610442566368
2016-06-03,SPY,199.30934594099645,192.5111661888701
2016-06-06,SPY,198.46262784928578,192.90288469699908
2016-06-07,SPY,195.76354963147583,193.31101948455995
2016-06-08,SPY,195.5389144787031,193.5021522035518
2016-06-09,SPY,195.28663251059157,193.85395679851317
2016-06-10,SPY,194.74373635643093,194.2086066216659
2016-06-13,SPY,197.51838728011475,194.4382953909416
2016-06-14,SPY,195.52950259590102,194.9294764385866
2016-06-15,SPY,198.03342729286294,195.16823205102466
2016-06-16,SPY,195.56133249405335,195.4776315789407
2016-06-17,SPY,194.06129989127552,195.67590962970394
2016-06-20,SPY,195.3256505541736,195.76614853801436
2016-06-21,SPY,197.5693373663407,195.85521529119026
2016-06-22,SPY,199.30597648517116,196.04288018115585
2016-06-23,SPY,200.03389123193466,196.20441520186563
2016-06-24,SPY,200.35865893240324,196.4652414738344
2016-06-27,SPY,200.70424113466515,196.78075685986374
2016-06-28,SPY,201.898993884867,197.0105422874907
2016-06-29,SPY,201.5836327891833,197.2954765167511
2016-06-30,SPY,202.18321507685081,197.64905435065577
2016-07-01,SPY,203.38160863916355,197.93861768886404
2016-07-04,SPY,203.42399230164781,198.1422308237724
2016-07-05,SPY,205.0188005753535,198.3902990463905
2016-07-06,SPY,206.21996088855036,198.85306159358439
2016-07-07,SPY,210.4075298096847,199.38711391407674
2016-07-08,SPY,211.13331509097856,200.14315877903138
2016-07-11,SPY,210.27275057946363,200.96263771575877
2016-07-12,SPY,209.5314314405623,201.60035588072623
2016-07-13,SPY,209.54587738025313,202.3004523229593
2016-07-14,SPY,211.52353911017494,202.87607482732878
2016-07-15,SPY,210.85393239272676,203.6741851581349
2016-07-18,SPY,211.70963245565113,204.51381678320743
2016-07-19,SPY,215.64171816415694,205.33301587828132
2016-07-20,SPY,210.15432762419138,206.23663491817214
2016-07-21,SPY,207.8344159590864,206.77905247512314
2016-07-22,SPY,208.38288478290085,207.16907871148072
2016-07-25,SPY,209.2546241458559,207.5702900040056
2016-07-26,SPY,209.79570079330557,207.99780915456512
2016-07-27,SPY,208.93312262452048,208.39264449998706
2016-07-28,SPY,210.3437266485236,208.76011899175396
2016-07-29,SPY,210.97923828857537,209.16814457033757
2016-08-01,SPY,209.92001419926856,209.54802605280815
2016-08-02,SPY,215.06316764190834,209.8728271476892
2016-08-03,SPY,215.86994025861904,210.37504550101693
2016-08-04,SPY,214.71670049862354,210.85754446952038
2016-08-05,SPY,214.5461111887954,211.07300300396733
2016-08-08,SPY,214.1050144892594,211.24364280885817
2016-08-09,SPY,214.0135026947022,211.43525600434796
2016-08-10,SPY,208.21783440057288,211.65935956705493
2016-08-11,SPY,207.24566735172468,211.59295741807097
2016-08-12,SPY,209.3773330928601,211.37906383014843
2016-08-15,SPY,206.97250405462285,211.30523386515512
2016-08-16,SPY,206.87584750022575,211.06837744510366
2016-08-17,SPY,208.8897949926957,210.6300839119071
2016-08-18,SPY,210.7200388426739,210.56685728033236
2016-08-19,SPY,213.90412819691545,210.7111384245117
2016-08-22,SPY,210.30751564108755,210.9872005952124
2016-08-23,SPY,209.60640084351897,211.03984516997403
2016-08-24,SPY,208.93366912390837,211.03038017248468
2016-08-25,SPY,210.27771820213695,211.0304074974541
2016-08-26,SPY,212.61555959653143,211.02710707513475
2016-08-29,SPY,206.95396960351067,211.10892314053254
2016-08-30,SPY,209.24842540489607,210.9606209107447
2016-08-31,SPY,206.2613132718403,210.66988379889403
2016-09-01,SPY,207.71163944055826,210.18945244955512
2016-09-02,SPY,204.6538366280824,209.83919939665185
2016-09-05,SPY,205.05465676112053,209.34458566861622
2016-09-06,SPY,207.5453626031915,208.89206778220924
2016-09-07,SPY,207.2769657478612,208.5686607776337
2016-09-08,SPY,207.71453382979377,208.52161734499813
2016-09-09,SPY,209.41181839949553,208.54506066890158
2016-09-12,SPY,209.74976131833543,208.54678493423336
2016-09-13,SPY,209.60612178335225,208.685647797419
2016-09-14,SPY,212.86184157095286,208.8221615115753
2016-09-15,SPY,215.13620803469917,209.0207638404882
2016-09-16,SPY,214.54713269868438,209.24157230008942
2016-09-19,SPY,220.48005867380868,209.2737225251779
2016-09-20,SPY,217.99560328773777,209.7823496768139
2016-09-21,SPY,220.03301006786108,210.2018097990249
2016-09-22,SPY,219.49235688722652,210.75677684622252
2016-09-23,SPY,219.82678799031808,211.21750878047698
2016-09-26,SPY,221.42054455348153,211.5780702001663
2016-09-27,SPY,221.9568741176143,212.3013989476649
2016-09-28,SPY,223.4187826540234,212.93682138330078
2016-09-29,SPY,220.05113467812492,213.79469485240992
2016-09-30,SPY,216.77344864075982,214.41166961428826
2016-10-03,SPY,218.14983558923612,215.01765021492216
2016-10-04,SPY,216.09233688203108,215.67240915632792
2016-10-05,SPY,213.9170471593602,216.09975787026988
2016-10-06,SPY,210.81495180241384,216.43176194084486
2016-10-07,SPY,213.5268332870724,216.58678283947583
2016-10-10,SPY,215.1636403287404,216.79253358385466
2016-10-11,SPY,218.376194254105,217.06322753437493
2016-10-12,SPY,216.37207360766965,217.5017311579126
2016-10-13,SPY,216.41752550693656,217.67724275974842
2016-10-14,SPY,213.99298503075048,217.74130863336032
2016-10-17,SPY,215.67504989475327,217.71360124996357
2016-10-18,SPY,219.14617352308483,217.47335081101082
2016-10-19,SPY,217.23911749680425,217.53087932277816
2016-10-20,SPY,220.67221618510533,217.39118469422533
2016-10-21,SPY,222.89665720847432,217.4501776591193
2016-10-24,SPY,222.54484901185376,217.6036711200271
2016-10-25,SPY,218.20083879609564,217.65988634294567
2016-10-26,SPY,221.31376121262082,217.4720845768698
2016-10-27,SPY,221.14498624979595,217.36683350479962
2016-10-28,SPY,219.85609080688604,217.42152608338318
2016-10-31,SPY,220.77859680762606,217.57565819168948
2016-11-01,SPY,221.7278660320383,217.70709625260898
2016-11-02,SPY,225.0939057661026,217.98887271010935
2016-11-03,SPY,222.84264975207728,218.54771564044646
2016-11-04,SPY,225.4192396345787,219.14910053792966
2016-11-07,SPY,228.81711994490044,219.74372085530499
2016-11-08,SPY,232.18584798154927,220.42639483611296
2016-11-09,SPY,231.81290045411865,221.11687752248517
2016-11-10,SPY,230.1345088677996,221.8889188648076
2016-11-11,SPY,232.5246231068194,222.57476803285076
2016-11-14,SPY,232.83896224546223,223.50134993665424
2016-11-15,SPY,233.17469154801543,224.35954555418965
2016-11-16,SPY,236.5422345547782,225.06097145543623
2016-11-17,SPY,235.9664044957671,226.02612730833494
2016-11-18,SPY,230.5940978755723,226.79083672386795
2016-11-21,SPY,229.7473766239287,227.17570875722285
2016-11-22,SPY,225.5339862237349,227.53583513782664
2016-11-23,SPY,227.42572770571613,227.9024925092086
2016-11-24,SPY,228.19223152304517,228.2080908338634
2016-11-25,SPY,226.84314273150338,228.5604530975258
2016-11-28,SPY,226.8667360113675,228.9098056937567
2016-11-29,SPY,228.80105628026874,229.21421265394378
2016-11-30,SPY,229.02744369290747,229.5678721663553
2016-12-01,SPY,232.11134749106378,229.76454906269555
2016-12-02,SPY,232.01552074948492,230.22798394964485
2016-12-05,SPY,234.4756619803213,230.55779800539017
2016-12-06,SPY,238.01971650267336,230.84072510716118
2016-12-07,SPY,241.89918316187882,231.1324185332174
2016-12-08,SPY,240.322437417112,231.63673266860548
2016-12-09,SPY,242.4851091454758,232.14612909607104
2016-12-12,SPY,237.98459544473548,232.64415339800385
2016-12-13,SPY,235.45398768899585,232.9014350579675
2016-12-14,SPY,230.87960759840993,233.01539986501652
2016-12-15,SPY,233.39385333054113,232.7322685171981
2016-12-16,SPY,230.56527218098506,232.60364095893686
2016-12-19,SPY,230.58195578533855,232.6021996742075
2016-12-20,SPY,230.18486142090907,232.64392863227795
2016-12-21,SPY,230.16507121351785,232.87647239213666
2016-12-22,SPY,228.84962770955497,233.01343956752675
2016-12-23,SPY,229.43013494189813,233.04630937685224
2016-12-26,SPY,233.58572746656017,233.17565898737197
2016-12-27,SPY,233.73584963494247,233.5116085601316
2016-12-28,SPY,235.02369244205613,233.75834822786533
2016-12-29,SPY,237.42215474226896,234.05816066532276
2016-12-30,SPY,236.99966750023947,234.323701027883
2017-01-02,SPY,234.06160363975195,234.5729083654207
2017-01-03,SPY,232.808448413257,234.55220544839227
2017-01-04,SPY,235.35442935790715,234.29164204392146
2017-01-05,SPY,231.5270354455626,233.96440435372284
2017-01-06,SPY,230.1891661477959,233.52463425514537
2017-01-09,SPY,232.55415416199733,232.90983710526143
2017-01-10,SPY,234.44420700363827,232.63831504112449
2017-01-11,SPY,234.50895610536264,232.58782600685663
2017-01-12,SPY,236.44420795567092,232.76929343220428
2017-01-13,SPY,236.88394555140363,232.9218111634607
2017-01-16,SPY,234.13866089017375,233.23774483198167
2017-01-17,SPY,230.52369490197725,233.41558008722342
2017-01-18,SPY,229.09686356715412,233.4325217612768
2017-01-19,SPY,231.25662868157337,233.3791113789586
2017-01-20,SPY,229.99501935568574,233.49946142755957
2017-01-23,SPY,227.96563852177025,233.52770564824897
2017-01-24,SPY,226.25370659604695,233.24670120100942
2017-01-25,SPY,222.83327783092685,232.87259404906467
2017-01-26,SPY,222.61651693751526,232.26307331850822
2017-01-27,SPY,220.03504033009122,231.52279142827052
2017-01-30,SPY,220.8802960630851,230.67456006976312
2017-01-31,SPY,215.71148417873846,230.01549469092976
2017-02-01,SPY,216.46168818758824,229.16064647920385
2017-02-02,SPY,215.11613904946478,228.2160094206879
2017-02-03,SPY,210.9812886428973,227.395464600883
2017-02-06,SPY,212.55248623378307,226.43507072563813
2017-02-07,SPY,212.00939709281232,225.43498732922734
2017-02-08,SPY,207.32391143330844,224.31324683368607
2017-02-09,SPY,205.5511609680302,222.95399460008335
2017-02-10,SPY,206.19047491414796,221.40934225070131
2017-02-13,SPY,205.28616017141005,219.87466871883854
2017-02-14,SPY,206.92841596552947,218.43204368290034
2017-02-15,SPY,208.5167093860278,217.25227973607798
2017-02-16,SPY,209.94762744978155,216.22327202702164
2017-02-17,SPY,210.6753590182789,215.15782196543205
2017-02-20,SPY,213.52726492694316,214.1918389485617
2017-02-21,SPY,214.97889623652017,213.46992026882035
2017-02-22,SPY,215.99191586670875,212.90617975084402
2017-02-23,SPY,211.53388829201896,212.56411165263313
2017-02-24,SPY,213.47271437200408,212.00998022035827
2017-02-27,SPY,216.31067433715847,211.68186392245394
2017-02-28,SPY,215.71171422728366,211.4533828361576
2017-03-01,SPY,214.74207402140627,211.45339433858484
2017-03-02,SPY,218.95165958912125,211.36741363027576
2017-03-03,SPY,215.14598954806186,211.5591896572586
2017-03-06,SPY,216.19774563402098,211.76742470251685
2017-03-07,SPY,221.4810040542075,211.9496876725287
2017-03-08,SPY,219.4708408206025,212.42326802059847
2017-03-09,SPY,221.02818123922412,213.03061448996317
2017-03-10,SPY,225.241820144894,213.80446550352286
2017-03-13,SPY,225.0161037132447,214.7570327650602
2017-03-14,SPY,226.3238902040933,215.74352994215192
2017-03-15,SPY,228.41189929138864,216.7133036540801
2017-03-16,SPY,226.388699025753,217.7080631493481
2017-03-17,SPY,226.2322739404262,218.53011672814674
2017-03-20,SPY,226.93993238953726,219.30796247425405
2017-03-21,SPY,228.85844832499617,219.97859584738381
2017-03-22,SPY,228.82518577053847,220.6725734518076
2017-03-23,SPY,228.42396296809312,221.31423694699907
2017-03-24,SPY,226.1486865574832,222.1587406808028
2017-03-27,SPY,225.38209864581796,222.79253929007677
2017-03-28,SPY,227.43684515826146,223.2461105055097
2017-03-29,SPY,227.71373409026796,223.8323670520586
2017-03-30,SPY,225.81681390931132,224.48095005550167
2017-03-31,SPY,223.9614937341244,224.8242077715112
2017-04-03,SPY,229.97862200270973,225.2649829808143
2017-04-04,SPY,232.64613091077558,225.95402679924874
2017-04-05,SPY,234.1755359704931,226.51228314207714
2017-04-06,SPY,228.15038935080315,227.24751789957168
2017-04-07,SPY,229.61393205214395,227.60362830515064
2017-04-10,SPY,230.76359408603017,227.82223390051314
2017-04-11,SPY,234.69602946827786,228.10960841915238
2017-04-12,SPY,235.74690639362066,228.52821538236162
2017-04-13,SPY,235.6349541313427,228.89496573747323
2017-04-14,SPY,236.9131424454458,229.35727849275273
2017-04-17,SPY,232.35443974780873,229.8913219180037
2017-04-18,SPY,234.80172041684799,230.16204728591725
2017-04-19,SPY,235.61151603311316,230.45921089050984
2017-04-20,SPY,234.00447749652565,230.7985274036386
2017-04-21,SPY,237.1531769631658,231.07755313006024
2017-04-24,SPY,241.49151378744014,231.62777765034434
2017-04-25,SPY,238.15313213384974,232.43324840742542
2017-04-26,SPY,236.61386690034604,232.96906275620486
2017-04-27,SPY,237.35036410172538,233.41406939670878
2017-04-28,SPY,237.83328911920893,233.99074690632946
2017-05-01,SPY,236.93313612314572,234.68433667558375
2017-05-02,SPY,234.67229453249377,235.0320623816055
2017-05-03,SPY,239.69537850755086,235.13337056269143
2017-05-04,SPY,242.22988726446985,235.40936268954434
2017-05-05,SPY,239.38555466085793,236.11333758522764
2017-05-08,SPY,236.21367695378717,236.60191871566334
2017-05-09,SPY,240.28394212355815,236.87442285905118
2017-05-10,SPY,242.70876461603575,237.15381849181523
2017-05-11,SPY,247.17696163388624,237.50191140293595
2017-05-12,SPY,249.2288848625698,238.07901177806315
2017-05-15,SPY,247.1052665972621,238.69479889891932
2017-05-16,SPY,247.7988057668475,239.432340241392
2017-05-17,SPY,242.4957566559261,240.08219450889197
2017-05-18,SPY,240.73009938918148,240.42640654003267
2017-05-19,SPY,240.6364337575882,240.7626876346654
2017-05-22,SPY,241.94249957496243,240.93685047438652
2017-05-23,SPY,240.23063223218244,240.95939976376263
2017-05-24,SPY,239.98025372955763,241.06327476867932
2017-05-25,SPY,241.1286724995646,241.23159411013984
2017-05-26,SPY,242.08520290744286,241.4205095300318
2017-05-29,SPY,243.67811454698733,241.6331052194435
2017-05-30,SPY,244.2360928813563,241.9703541406356
2017-05-31,SPY,243.49377465341234,242.44854405807874
2017-06-01,SPY,245.46402148615917,242.6384638653718
2017-06-02,SPY,245.63427390261947,242.80017057645628
2017-06-05,SPY,243.65422682303628,243.11260653854433
2017-06-06,SPY,242.17785723204102,243.4846340320068
2017-06-07,SPY,242.22544894060306,243.57932978743096
2017-06-08,SPY,242.00840599182794,243.5551640036593
2017-06-09,SPY,242.43674694550026,243.2967362215564
2017-06-12,SPY,242.4840320875044,242.9571293257029
2017-06-13,SPY,242.95898330602927,242.72606760021503
2017-06-14,SPY,242.68130793881997,242.48407647717414
2017-06-15,SPY,239.675865931261,242.4933540413188
2017-06-16,SPY,240.73368389619952,242.44064236842277
2017-06-19,SPY,243.3184184712819,242.44550487535338
2017-06-20,SPY,244.42464847110284,242.51430082016935
2017-06-21,SPY,244.01096963265798,242.72400163211537
2017-06-22,SPY,245.14915064202586,242.92553742727037
2017-06-23,SPY,242.8307725690331,243.12656133439344
2017-06-26,SPY,238.27489531794475,243.16383981747293
2017-06-27,SPY,238.4644912470312,242.8936788560208
2017-06-28,SPY,236.29327769886754,242.6050987743046
2017-06-29,SPY,238.0887756762327,242.24507392657733
2017-06-30,SPY,235.55529522374204,241.87631163608103
2017-07-03,SPY,229.41080841897247,241.3723627021371
2017-07-04,SPY,227.07191317747078,240.66019178193397
2017-07-05,SPY,230.70074201970854,239.9048945792054
2017-07-06,SPY,229.866059055929,239.32865923316072
2017-07-07,SPY,226.76420782212523,238.72154188636577
2017-07-10,SPY,225.07854183345,237.93791493019702
2017-07-11,SPY,226.29598863904724,237.0676404174943
2017-07-12,SPY,227.46563167660787,236.23449068414521
2017-07-13,SPY,227.91312197773394,235.47370687103458
2017-07-14,SPY,231.34062597624063,234.88556967335822
2017-07-17,SPY,233.0213215109479,234.41591677736028
2017-07-18,SPY,233.01903811371682,233.90106192934354
2017-07-19,SPY,234.455989420619,233.33078141147425
2017-07-20,SPY,238.38215681483874,232.85303240087234
2017-07-21,SPY,240.74525092475656,232.514682709513
2017-07-24,SPY,243.25805303259784,232.41040662729915
2017-07-25,SPY,240.6726157476479,232.65956451303177
2017-07-26,SPY,240.36350740533578,232.7699707380626
2017-07-27,SPY,242.1658594442999,232.97348222338604
2017-07-28,SPY,241.49640828325417,233.17733641178938
2017-07-31,SPY,244.12597383721373,233.47439206476503
2017-08-01,SPY,245.6306246578928,234.21015033567704
2017-08-02,SPY,247.91069945216316,235.1380859096982
2017-08-03,SPY,247.43379143346777,235.9985837813209
2017-08-04,SPY,253.78387406945646,236.87697040019785
2017-08-07,SPY,256.98159196960313,238.22795371256439
2017-08-08,SPY,256.4793725751835,239.82310621937208
2017-08-09,SPY,256.76302082987354,241.3322754161789
2017-08-10,SPY,263.47789380554207,242.79714487384217
2017-08-11,SPY,262.62626007254374,244.57538346523262
2017-08-14,SPY,264.9745084526534,246.1396651700477
2017-08-15,SPY,267.62544599076807,247.737324517133
2017-08-16,SPY,267.6965941843593,249.46764491098557
2017-08-17,SPY,264.6257447826142,251.12967514917256
2017-08-18,SPY,265.1749395754909,252.44185454756135
2017-08-21,SPY,266.1809583373708,253.66333898009808
2017-08-22,SPY,269.24118384386713,254.8094842453367
2017-08-23,SPY,271.40289199637596,256.2379126501477
2017-08-24,SPY,271.52328552191733,257.7898818796997
2017-08-25,SPY,273.89524854722936,259.2577531835806
2017-08-28,SPY,275.42863076399954,260.8776951967793
2017-08-29,SPY,276.0512191294092,262.4428280431186
2017-08-30,SPY,276.2588360877569,263.9638577666944
2017-08-31,SPY,275.64178384137455,265.3812645984741
2017-09-01,SPY,277.5882573181417,266.7916642188694
2017-09-04,SPY,274.7174149110413,267.9818833813037
2017-09-05,SPY,273.04525511197903,268.8686745283756
2017-09-06,SPY,273.1134425307319,269.69696865521536
2017-09-07,SPY,269.1697762473027,270.51448974025834
2017-09-08,SPY,268.05034920268014,270.7990838623463
2017-09-11,SPY,262.71925773702395,271.07028831885316
2017-09-12,SPY,260.97773116561984,270.9575257830717
2017-09-13,SPY,262.51341537992516,270.6251400418143
2017-09-14,SPY,264.0527811915139,270.36598110159264
2017-09-15,SPY,263.9616486664494,270.33733292203755
2017-09-18,SPY,263.4017503469147,270.27666837658546
2017-09-19,SPY,259.72248975847896,270.1377079770627
2017-09-20,SPY,264.52168120805163,269.6617732727933
2017-09-21,SPY,265.9394358452378,269.3177127333771
2017-09-22,SPY,268.9005400993022,269.03852024954307
2017-09-25,SPY,266.5817378620011,268.78878482714674
2017-09-26,SPY,266.1412263657131,268.34644018204676
2017-09-27,SPY,261.35197029115795,267.850940543862
2017-09-28,SPY,263.4440729369515,267.10559725403203
2017-09-29,SPY,265.96033279408726,266.4957117088109
2017-10-02,SPY,260.96717971896936,265.91431548260823
2017-10-03,SPY,260.8833474595858,265.2268037230046
2017-10-04,SPY,262.57998519243284,264.61870834038496
2017-10-05,SPY,258.0057440977451,264.09203547347
2017-10-06,SPY,253.3475850270144,263.53383386599205
2017-10-09,SPY,250.69987892989033,262.7986956572088
2017-10-10,SPY,249.17255273036793,262.1977267168521
2017-10-11,SPY,245.7268445983666,261.6074677950895
2017-10-12,SPY,245.8537117503348,260.7681392560116
2017-10-13,SPY,246.51659299546802,259.85818578395265
2017-10-16,SPY,248.128840112223,258.9859330004036
2017-10-17,SPY,249.92035080604495,258.222287488669
2017-10-18,SPY,253.72577263494148,257.7321805410473
2017-10-19,SPY,256.7306854606659,257.1923851123918
2017-10-20,SPY,253.41403791609622,256.7319475931632
2017-10-23,SPY,252.18392159335608,255.95762248400288
2017-10-24,SPY,249.5608287195512,255.23773167057067
2017-10-25,SPY,246.923926266245,254.4087117882625
2017-10-26,SPY,246.7725622604431,253.6873095870169
2017-10-27,SPY,246.8354324148399,252.85373405319146
2017-10-30,SPY,248.09517393771242,251.8974890342291
2017-10-31,SPY,244.20772519321147,251.25388874516625
2017-11-01,SPY,241.2341457017661,250.42010763184754
2017-11-02,SPY,241.22665150315535,249.35281565731415
2017-11-03,SPY,240.79375106079573,248.51386102758474
2017-11-06,SPY,240.09241809889122,247.8861693292738
2017-11-07,SPY,239.98866577062023,247.35579628772385
2017-11-08,SPY,238.2133399431635,246.89660193973646
2017-11-09,SPY,239.9315065745039,246.52092670697624
2017-11-10,SPY,240.8294953709144,246.22481644818473
2017-11-13,SPY,240.66631907354719,245.94046156695708
2017-11-14,SPY,239.09701614234368,245.56733551502325
2017-11-15,SPY,238.72839651069353,245.0261687818382
2017-11-16,SPY,232.27890749646522,244.27629997562582
2017-11-17,SPY,230.0460041623796,243.05371107741576
2017-11-20,SPY,230.17788503313008,241.88530938972994
2017-11-21,SPY,226.7618299511675,240.7850075617186
2017-11-22,SPY,227.25962324993495,239.64505762329946
2017-11-23,SPY,227.64014509810102,238.66184247248398
2017-11-24,SPY,224.5498802968297,237.70522161436685
2017-11-27,SPY,224.03212859044797,236.59094400846635
2017-11-28,SPY,223.37386018196537,235.3877917411031
2017-11-29,SPY,224.4457735208135,234.3460984905408
2017-11-30,SPY,225.86403434686963,233.5066798814932
2017-12-01,SPY,225.8272150179576,232.7385490236789
2017-12-04,SPY,223.94993887680982,231.99022222153698
2017-12-05,SPY,223.6716311886697,231.18309826043293
2017-12-06,SPY,223.57002335683768,230.36724653133538
2017-12-07,SPY,225.25677202933312,229.6350807020191
2017-12-08,SPY,225.96481740280268,228.90134397476058
2017-12-11,SPY,224.37727587247932,228.15811007635497
2017-12-12,SPY,221.38316937502066,227.34365791630157
2017-12-13,SPY,220.60143913801602,226.45796557793543
2017-12-14,SPY,219.0122411694687,225.55161770930152
2017-12-15,SPY,216.6208919844767,224.88828439295176
2017-12-18,SPY,216.41306981021657,224.2170287840566
2017-12-19,SPY,215.39361195199848,223.52878802291093
2017-12-20,SPY,215.66379498962857,222.96037712295248
2017-12-21,SPY,216.83549694341818,222.38058570993712
2017-12-22,SPY,215.9833310885016,221.84035330220303
2017-12-25,SPY,221.04662346379115,221.4120258417866
2017-12-26,SPY,220.38021570911312,221.26275058545374
2017-12-27,SPY,222.85224043662134,221.11306836181112
2017-12-28,SPY,223.16793520893322,221.0333917076015
2017-12-29,SPY,225.70347796225298,220.89858675070468
2018-01-01,SPY,220.38608030080988,220.8923998979195
2018-01-02,SPY,218.77400659749944,220.71420696911946
2018-01-03,SPY,219.3582184257582,220.46932573956096
2018-01-04,SPY,220.7236479726414,220.258735493007
2018-01-05,SPY,225.92505620896122,220.0320792901724
2018-01-08,SPY,226.69893703842666,220.0300912304803
2018-01-09,SPY,229.6456632182985,220.14617428877773
2018-01-10,SPY,231.45168931305327,220.5592989809416
2018-01-11,SPY,233.69069608557513,221.10181148969346
2018-01-12,SPY,234.92940129227313,221.8357342354988
2018-01-15,SPY,234.6097263451806,222.7511597008886
2018-01-16,SPY,235.85111098238775,223.66099252763678
2018-01-17,SPY,233.35549293761483,224.68386747915625
2018-01-18,SPY,236.15894615075712,225.56845237655557
2018-01-19,SPY,233.8039737052232,226.53462483692252
2018-01-22,SPY,234.43338700097615,227.42565696775858
2018-01-23,SPY,239.45208528051694,228.09499514461785
2018-01-24,SPY,238.96499705872486,229.04858862318807
2018-01-25,SPY,239.0593995477184,229.85422645429327
2018-01-26,SPY,241.8875688010396,230.64879967123252
2018-01-29,SPY,241.9994228778974,231.45800421317182
2018-01-30,SPY,240.0933338347207,232.5386713420262
2018-01-31,SPY,240.7611770934478,233.60463770388728
2018-02-01,SPY,242.21086022871572,234.67478563727173
2018-02-02,SPY,243.97916668173664,235.74914625007546
2018-02-05,SPY,242.1431932193827,236.6518517737142
2018-02-06,SPY,246.4351960272838,237.424064582762
2018-02-07,SPY,250.592001958387,238.26354122321126
2018-02-08,SPY,250.68782236561103,239.22055685547798
2018-02-09,SPY,251.41128906851108,240.0704131694798
2018-02-12,SPY,250.3842550611128,240.89450755829165
2018-02-13,SPY,253.97508664877128,241.68323399408828
2018-02-14,SPY,252.23548994933276,242.58943277740747
2018-02-15,SPY,253.98624499234276,243.53343262799336
2018-02-16,SPY,252.81868775498768,244.42479757007263
2018-02-19,SPY,251.11467819046416,245.37553327256086
2018-02-20,SPY,252.96957394275265,246.20959783203526
2018-02-21,SPY,256.39433207973184,246.88547226514703
2018-02-22,SPY,256.41966439691345,247.75693901619738
2018-02-23,SPY,254.73388161490993,248.62495225865715
2018-02-26,SPY,256.8519495769837,249.26726789935066
2018-02-27,SPY,256.7761525121847,250.00989423430502
2018-02-28,SPY,257.62513794081,250.84403516817815
2018-03-01,SPY,261.59995305529196,251.6872332105463
2018-03-02,SPY,264.61259758227044,252.6566878518751
2018-03-05,SPY,263.2899650949339,253.6883593969018
2018-03-06,SPY,269.3550605596782,254.74569799067936
2018-03-07,SPY,269.41791406331214,255.89169121729907
2018-03-08,SPY,271.58932718121235,256.83298682254537
2018-03-09,SPY,269.8854850619818,257.8780620633254
2018-03-12,SPY,269.81892480303014,258.8017718629989
2018-03-13,SPY,265.15108696540136,259.7735053500948
2018-03-14,SPY,269.94149665287813,260.33230536592635
2018-03-15,SPY,273.68220707619855,261.2176057011036
2018-03-16,SPY,270.41088137748716,262.20240380529634
2018-03-19,SPY,266.39474384715817,263.0820134864213
2018-03-20,SPY,262.12959960485813,263.84601676925604
2018-03-21,SPY,265.264030266582,264.3040180523613
2018-03-22,SPY,264.0980642901571,264.7475029617038
2018-03-23,SPY,263.9910165660445,265.131422956366
2018-03-26,SPY,263.2181534840051,265.5942797039227
2018-03-27,SPY,262.95189038151966,265.91258989927377
2018-03-28,SPY,260.14310226536026,266.22137679274056
2018-03-29,SPY,260.2578467274847,266.34727500896804
2018-03-30,SPY,256.56740621359995,266.2801696925777
2018-04-02,SPY,256.43532913763397,265.87791012414414
2018-04-03,SPY,257.27835249034166,265.53517832627915
2018-04-04,SPY,258.53286688185585,264.93134292281235
2018-04-05,SPY,257.98550257664283,264.3870905637395
2018-04-06,SPY,255.70564995864467,263.70689933351105
2018-04-09,SPY,256.16482659051127,262.99790757834415
2018-04-10,SPY,254.9745741046391,262.3152026677182
2018-04-11,SPY,259.0180505866195,261.8063770246801
2018-04-12,SPY,261.05839341295723,261.2602047213672
2018-04-13,SPY,260.80988120025205,260.6290140382051
2018-04-16,SPY,259.63324904467083,260.14896402934335
2018-04-17,SPY,257.8607784730902,259.81088928921906
2018-04-18,SPY,255.49561322550701,259.59744823263065
2018-04-19,SPY,254.64494388568298,259.10902738057683
2018-04-20,SPY,255.4464900742891,258.6363713603531
2018-04-23,SPY,256.81447080440654,258.2091450357654
2018-04-24,SPY,258.3267436479811,257.8889609017855
2018-04-25,SPY,263.7998674136034,257.65770356510853
2018-04-26,SPY,261.99322243513376,257.84054182252066
2018-04-27,SPY,262.0795544862204,257.92731060790317
2018-04-30,SPY,269.456089748139,258.2029180215342
2018-05-01,SPY,264.47906121203306,258.8539560520594
2018-05-02,SPY,263.1527355073779,259.21399148814396
2018-05-03,SPY,263.65163206148276,259.4449849194201
2018-05-04,SPY,264.1114199031787,259.72829139366206
2018-05-07,SPY,265.2414651456683,260.1485798908888
2018-05-08,SPY,264.66136029139204,260.60241181864666
2018-05-09,SPY,265.683279720677,261.0867511279843
2018-05-10,SPY,265.87664659068776,261.4200125846872
2018-05-11,SPY,267.98067771334485,261.6609252435737
2018-05-14,SPY,262.962498971104,262.0194650692283
2018-05-15,SPY,260.68777015129996,262.18592756555
2018-05-16,SPY,260.73412086602866,262.32727714946043
2018-05-17,SPY,258.0958854643133,262.5892025314866
2018-05-18,SPY,255.45127450862574,262.7617496104181
2018-05-21,SPY,257.10594447230966,262.76198883213493
2018-05-22,SPY,255.48622781340714,262.7765625155301
2018-05-23,SPY,257.1594489849737,262.6345367238014
2018-05-24,SPY,259.12871412262484,262.3025158023699
2018-05-25,SPY,259.9747566757139,262.15929038674443
2018-05-28,SPY,261.34756816601583,262.05405049621913
2018-05-29,SPY,261.1264768420525,261.64862441711296
2018-05-30,SPY,257.4991487009268,261.4809951986139
2018-05-31,SPY,257.47321997053047,261.1983158582914
2018-06-01,SPY,258.69425091317953,260.88939525374377
2018-06-04,SPY,257.3764533553875,260.6185368042438
2018-06-05,SPY,257.17174741853967,260.22528621472975
2018-06-06,SPY,259.14997567845387,259.8508055710871
2018-06-07,SPY,256.9262324021592,259.52414036897596
2018-06-08,SPY,258.621997282434,259.0766196595496
2018-06-11,SPY,263.4907771919411,258.60868563800403
2018-06-12,SPY,262.0822503036026,258.63509954904583
2018-06-13,SPY,262.51866430326254,258.704823556661
2018-06-14,SPY,262.1761996536635,258.7940507285227
2018-06-15,SPY,266.26673572009685,258.9980664379902
2018-06-18,SPY,267.16239609594385,259.5388394985638
2018-06-19,SPY,269.6142247856708,260.04166207974544
2018-06-20,SPY,267.80759611554754,260.74806192835865
2018-06-21,SPY,267.81793509466405,261.2804692848873
2018-06-22,SPY,267.8451315566829,261.7149303334893
2018-06-25,SPY,263.1419582913395,262.1084490775378
2018-06-26,SPY,266.9859658848886,262.1981685838039
2018-06-27,SPY,269.4406494760921,262.49114303594575
2018-06-28,SPY,264.7816326207724,263.08821807470406
2018-06-29,SPY,266.8055193960981,263.4536387072161
2018-07-02,SPY,266.50893908023863,263.85920213136205
2018-07-03,SPY,267.75730786658767,264.3158264176046
2018-07-04,SPY,268.79207292115,264.845104440007
2018-07-05,SPY,264.8167132570795,265.3272093021418
2018-07-06,SPY,264.30814844208186,265.7217333448878
2018-07-09,SPY,268.3061168006432,266.0060409028702
2018-07-10,SPY,266.81740013147333,266.24680788330534
2018-07-11,SPY,264.14167027519983,266.48356537469886
2018-07-12,SPY,260.603281264753,266.5647156732957
2018-07-13,SPY,257.4731227807304,266.4860697538502
2018-07-16,SPY,258.3884498624893,266.04638910688186
2018-07-17,SPY,262.81356982512733,265.6076917952092
2018-07-18,SPY,263.9947642775129,265.26765904718195
2018-07-19,SPY,264.6956857202568,265.07701745528027
2018-07-20,SPY,270.66099743219706,264.9209049865599
2018-07-23,SPY,269.3092111592889,265.06169828033563
2018-07-24,SPY,267.5477433423373,265.3700609237331
2018-07-25,SPY,269.01512204132274,265.3981497966055
2018-07-26,SPY,270.5445635138831,265.37687342486703
2018-07-27,SPY,267.8533887899226,265.6650199695226
2018-07-30,SPY,264.7731355599631,265.7174134392138
2018-07-31,SPY,265.5966363116187,265.6306232632
2018-08-01,SPY,266.30683197586814,265.5225896854516
2018-08-02,SPY,262.879807792452,265.3983276381874
2018-08-03,SPY,262.4007120160815,265.3014823649561
2018-08-06,SPY,261.0292468149305,265.20611054365605
2018-08-07,SPY,262.2823307479559,264.84226704437043
2018-08-08,SPY,262.0285455158236,264.61551357519454
2018-08-09,SPY,261.8555377990845,264.50985733722575
2018-08-10,SPY,260.9822775097524,264.5724701639423
2018-08-13,SPY,263.7840644944489,264.7479279003934
2018-08-14,SPY,267.5054246029965,265.0177086319914
2018-08-15,SPY,266.57724192663454,265.2523013708849
2018-08-16,SPY,268.88609370251066,265.3814252533409
2018-08-17,SPY,266.9027656564001,265.5909456524536
2018-08-20,SPY,267.1482873331237,265.40303406366377
2018-08-21,SPY,269.20506685473447,265.29498787235553
2018-08-22,SPY,273.3352621490909,265.3778540479754
2018-08-23,SPY,272.34425128746517,265.59386105336375
2018-08-24,SPY,272.1970028986671,265.68384544204287
2018-08-27,SPY,272.7860204852827,265.90102614748014
2018-08-28,SPY,268.75396730860257,266.3016703937461
2018-08-29,SPY,268.85046612245316,266.45953694359525
2018-08-30,SPY,267.0871349556355,266.5867186509246
2018-08-31,SPY,268.1327258723737,266.79708500908373
2018-09-03,SPY,265.15653028809396,267.0836857018984
2018-09-04,SPY,259.9677763455707,267.2900498755565
2018-09-05,SPY,260.1192963640733,267.17432215543727
2018-09-06,SPY,260.84922388824356,267.07885969784974
2018-09-07,SPY,259.4695081434768,267.02854400230774
2018-09-10,SPY,261.82768868552114,266.9529055339939
2018-09-11,SPY,261.16480279202835,266.85508674354753
2018-09-12,SPY,259.63517321781444,266.5380556529991
2018-09-13,SPY,260.9274870275543,266.1909522175581
2018-09-14,SPY,256.8878315091956,265.79302188381024
2018-09-17,SPY,255.1989104366851,265.29227517645006
2018-09-18,SPY,255.1969410181926,264.6948063316281
2018-09-19,SPY,257.41434513593214,263.994400039801
2018-09-20,SPY,257.04697039127194,263.1983541891431
2018-09-21,SPY,257.89130642747585,262.4334901443334
2018-09-24,SPY,256.25241872354246,261.7182053207739
2018-09-25,SPY,257.0768367561348,260.89152523268683
2018-09-26,SPY,261.4046414935327,260.3076687050635
2018-09-27,SPY,259.66272963024085,259.93537747361745
2018-09-28,SPY,265.8588365415631,259.5641572073477
2018-10-01,SPY,264.20031233234806,259.4504627408072
2018-10-02,SPY,264.29842884966297,259.4026518430199
2018-10-03,SPY,264.809341571055,259.6191844682245
2018-10-04,SPY,267.5747577352616,259.85368672857356
2018-10-05,SPY,264.3183105186958,260.18996342092447
2018-10-08,SPY,258.8190463042733,260.4324035396854
2018-10-09,SPY,260.43927477581593,260.28197142062305
2018-10-10,SPY,262.5629981487829,260.2456950198124
2018-10-11,SPY,264.2530740593346,260.3920862663609
2018-10-12,SPY,271.2571193075375,260.5583656179499
2018-10-15,SPY,271.8673157395544,261.276830007867
2018-10-16,SPY,272.6119331398863,262.1102502730104
2018-10-17,SPY,275.19966662440305,262.98099987909507
2018-10-18,SPY,276.26971108447543,263.87026595351864
2018-10-19,SPY,280.9212451111399,264.83140298817887
2018-10-22,SPY,277.4988918536941,265.982899922362
2018-10-23,SPY,276.51266749418016,267.04522357886964
2018-10-24,SPY,267.0429240536316,268.01701511577187
2018-10-25,SPY,269.26583205166435,268.2989292437768
2018-10-26,SPY,268.31695917374844,268.779084364848
2018-10-29,SPY,270.8497705809023,268.90199049645724
2018-10-30,SPY,276.7384366734112,269.234463408885
2018-10-31,SPY,276.7774426616949,269.8564638000724
2018-11-01,SPY,276.12828199595754,270.4548688546044
2018-11-02,SPY,274.8040244252071,270.88254506763917
2018-11-05,SPY,272.55645821565986,271.4068307629647
2018-11-06,SPY,270.89286753331777,272.0937013585341
2018-11-07,SPY,272.67878687476644,272.61638099640913
2018-11-08,SPY,272.83377206543787,273.12217043270834
2018-11-09,SPY,273.06916538748385,273.5512053330135
2018-11-12,SPY,272.65062700151356,273.64180763701086
2018-11-13,SPY,275.1981758006871,273.6809732001088
2018-11-14,SPY,276.61262323477496,273.81028533314884
2018-11-15,SPY,276.2757599595229,273.88093316366746
2018-11-16,SPY,278.1674535570845,273.8812356074198
2018-11-19,SPY,277.8008847332009,273.74354602971704
2018-11-20,SPY,274.6536418870208,273.75864567369234
2018-11-21,SPY,278.7056556363224,273.6656943933344
2018-11-22,SPY,280.05819787069254,274.2488309724689
2018-11-23,SPY,277.4333168604303,274.7884492634204
2018-11-26,SPY,280.4818243172374,275.24426714775444
2018-11-27,SPY,281.50551113650266,275.7258698345712
2018-11-28,SPY,277.1580538015647,275.96422355772575
2018-11-29,SPY,281.67558785920477,275.9832541147193
2018-11-30,SPY,282.67127418010705,276.2606194078816
2018-12-03,SPY,285.2476807975606,276.6539818956266
2018-12-04,SPY,285.8690656123971,277.28854302472166
2018-12-05,SPY,285.4987794676402,278.03735292867566
2018-12-06,SPY,281.13591323703037,278.67835255831926
2018-12-07,SPY,283.9236103004888,279.09345961689894
2018-12-10,SPY,284.06590235466797,279.63618186254917
2018-12-11,SPY,283.30882559857355,280.20694563020686
2018-12-12,SPY,284.3596850385808,280.61247812010123
2018-12-13,SPY,284.6386523794441,280.9998312102915
2018-12-14,SPY,286.6187481991237,281.4179758312876
2018-12-17,SPY,285.61266174539156,281.84054056338954
2018-12-18,SPY,285.5656293031528,282.23112941399904
2018-12-19,SPY,279.51465193219406,282.77672878480564
2018-12-20,SPY,278.3873683082239,282.81717859959923
2018-12-21,SPY,280.32414922129095,282.73363712147585
2018-12-24,SPY,284.12739298502356,282.87817873951883
2018-12-25,SPY,283.1500600167613,283.0604571729082
2018-12-26,SPY,282.8631097481727,283.1426846169211
2018-12-27,SPY,287.39868397602186,283.42793741425146
2018-12-28,SPY,286.5198464625554,283.7140922200923
2018-12-31,SPY,288.6802284916745,283.9065208342148
2019-01-01,SPY,293.58293074554103,284.07814821892043
2019-01-02,SPY,293.7584339685323,284.4638414755776
2019-01-03,SPY,297.4213689081937,284.8768242006223
2019-01-04,SPY,295.36769528230235,285.69109698418043
2019-01-07,SPY,296.04016395524695,286.26330123327114
2019-01-08,SPY,295.8703671485299,286.86201431330005
2019-01-09,SPY,296.26953576203897,287.49009139079783
2019-01-10,SPY,299.67575607643914,288.0855839269708
2019-01-11,SPY,306.89756268289653,288.8374391118205
2019-01-14,SPY,304.91663538829914,289.8513798360092
2019-01-15,SPY,303.2239836950125,290.8165785181546
2019-01-16,SPY,304.79282929242993,291.6994962377475
2019-01-17,SPY,301.63777714695607,292.96340510575936
2019-01-18,SPY,303.1972918075521,294.1259255476959
2019-01-21,SPY,304.9919273057633,295.269582677009
2019-01-22,SPY,304.20655272483344,296.312809393046
2019-01-23,SPY,305.88331815747284,297.36563402844956
2019-01-24,SPY,301.20539151232776,298.5166444489146
2019-01-25,SPY,303.5544353530338,299.2069798257299
2019-01-28,SPY,298.9257336992687,300.0587092702538
2019-01-29,SPY,296.90365157191934,300.57098453063355
2019-01-30,SPY,295.3116606312938,300.7370205719524
2019-01-31,SPY,294.18612380618157,300.8146819050905
2019-02-01,SPY,296.77133444102935,300.65291964998994
2019-02-04,SPY,297.07300470152467,300.7231016079262
2019-02-05,SPY,295.95174213490634,300.77474364524016
2019-02-06,SPY,297.61937683976197,300.77881239455894
2019-02-07,SPY,302.38508629563256,300.84630444844515
2019-02-08,SPY,302.4642777509796,300.9817709594048
2019-02-11,SPY,303.6311790228724,300.7601067128089
2019-02-12,SPY,307.4560126764819,300.6958338945376
2019-02-13,SPY,308.34095356195945,300.9074353436111
2019-02-14,SPY,304.4439953370819,301.08484155708754
2019-02-15,SPY,312.0864105100422,301.22515246659384
2019-02-18,SPY,319.0408151605503,301.66960840171834
2019-02-19,SPY,312.77208437150244,302.3720527944577
2019-02-20,SPY,312.71216552812916,302.8003293767912
2019-02-21,SPY,314.07960184481175,303.1417717453239
2019-02-22,SPY,317.1755806151447,303.7854822619482
2019-02-25,SPY,319.36093958316746,304.4665395250537
2019-02-26,SPY,318.55552773316555,305.48829981924865
2019-02-27,SPY,315.2621848535178,306.57089362731097
2019-02-28,SPY,315.649819516992,307.56841983842213
2019-03-01,SPY,318.97498770535805,308.6416046239627
2019-03-04,SPY,315.5631775546509,309.7517872871791
2019-03-05,SPY,312.38485963206125,310.6762959298354
2019-03-06,SPY,312.37040256962507,311.4979518046932
2019-03-07,SPY,306.38073800909484,312.23550309118633
2019-03-08,SPY,305.64451341680973,312.43528567685945
2019-03-11,SPY,304.37140353774436,312.594297460151
2019-03-12,SPY,305.80426838931504,312.63130868589457
2019-03-13,SPY,303.719396360858,312.54872147153617
2019-03-14,SPY,301.10096630696273,312.3176436114811
2019-03-15,SPY,299.974272432933,312.15049215997516
2019-03-18,SPY,299.88450197223085,311.54488525611976
2019-03-19,SPY,297.9512714423909,310.58706959670377
2019-03-20,SPY,298.0469720855171,309.8460289502482
2019-03-21,SPY,300.3425890353483,309.1127692781176
2019-03-22,SPY,303.9620773150312,308.42591863764443
2019-03-25,SPY,309.2051481995766,307.7652434726387
2019-03-26,SPY,306.84441392707026,307.2574539034592
2019-03-27,SPY,305.6177491484084,306.67189821315435
2019-03-28,SPY,298.0907799578264,306.1896764278989
2019-03-29,SPY,303.812108535636,305.31172444994064
2019-04-01,SPY,301.67111192638805,304.5535804914545
2019-04-02,SPY,301.6307613686564,303.8589772100414
2019-04-03,SPY,303.26732644155743,303.32127229687114
2019-04-04,SPY,299.2079370914687,302.8661184904678
2019-04-05,SPY,300.6558404364668,302.50747844458647
2019-04-08,SPY,300.6366246342386,302.25804479556933
2019-04-09,SPY,295.20703792191966,302.071305850394
2019-04-10,SPY,296.12810030531307,301.5414443270243
2019-04-11,SPY,299.7246430983633,301.161879524247
2019-04-12,SPY,294.18632492773816,301.09306336381707
2019-04-15,SPY,296.61987764992807,300.8036659885573
2019-04-16,SPY,297.29977490925023,300.6404347724421
2019-04-17,SPY,298.77088251368025,300.60785994578515
2019-04-18,SPY,300.149741784203,300.64405546719325
2019-04-19,SPY,304.1235324231469,300.634413104636
2019-04-22,SPY,303.5041908771516,300.6424858600418
2019-04-23,SPY,306.21626604247405,300.35743799392054
2019-04-24,SPY,305.0222836353095,300.3260305996908
2019-04-25,SPY,307.30364726440985,300.2962573240358
2019-04-26,SPY,304.86371070622977,300.756900689365
2019-04-29,SPY,304.5943919846848,300.8094807978947
2019-04-30,SPY,309.9278772438766,300.9556448008095
2019-05-01,SPY,311.3709558513027,301.3705005945705
2019-05-02,SPY,310.94059404028434,301.7756820650578
2019-05-03,SPY,307.4431088984634,302.36231491249856
2019-05-06,SPY,305.07539112516315,302.7016783355984
2019-05-07,SPY,305.7271720841903,302.9236166601446
2019-05-08,SPY,308.66032541444395,303.44962336825813
2019-05-09,SPY,310.03714600008993,304.0762346237147
2019-05-10,SPY,311.7241829175023,304.59185976880104
2019-05-13,SPY,311.6563677308619,305.46875266828926
2019-05-14,SPY,315.932354086678,306.22057717233594
2019-05-15,SPY,314.76090758401887,307.15220613120727
2019-05-16,SPY,313.09355321865957,307.9517073847243
2019-05-17,SPY,315.93674345934414,308.5988979564471
2019-05-20,SPY,316.2008942088732,309.18955850825694
2019-05-21,SPY,315.3833256448192,309.824393674843
2019-05-22,SPY,313.62946902186854,310.2827466549603
2019-05-23,SPY,312.88650360493835,310.71310592428824
2019-05-24,SPY,314.9001254724027,310.99224874131465
2019-05-27,SPY,316.0770607232317,311.4940694796233
2019-05-28,SPY,312.31691098883135,312.0682029165506
2019-05-29,SPY,313.7108849820729,312.18765460379836
2019-05-30,SPY,314.3352253786201,312.3046510603369
2019-05-31,SPY,311.25418401835464,312.4743826272537
2019-06-03,SPY,313.72191463869825,312.66493638324823
2019-06-04,SPY,312.9049244017401,313.09726255892497
2019-06-05,SPY,311.9178898343701,313.4561501748025
2019-06-06,SPY,314.4625463144146,313.6190283957988
2019-06-07,SPY,318.6785322515855,313.84029841151505
2019-06-10,SPY,316.5479480062277,314.1880158782192
2019-06-11,SPY,317.99856357526454,314.4325948919875
2019-06-12,SPY,315.2762590161735,314.53590536641684
2019-06-13,SPY,322.63560026474903,314.56167293802457
2019-06-14,SPY,321.1070544283156,315.038775290329
2019-06-17,SPY,325.0084879512838,315.2972908387776
2019-06-18,SPY,322.969652557547,315.7376705258981
2019-06-19,SPY,325.65451263713476,316.1169868715345
2019-06-20,SPY,332.94551443636976,316.7182390522978
2019-06-21,SPY,324.55203900904564,317.7211895938694
2019-06-24,SPY,323.2067784775065,318.20378527070153
2019-06-25,SPY,324.88911767277864,318.5602711584153
2019-06-26,SPY,324.6524030893782,319.18888149261267
2019-06-27,SPY,322.54712730730915,319.73595739797787
2019-06-28,SPY,329.55332014143397,320.14655249441233
2019-07-01,SPY,329.8812303209115,321.06150930056634
2019-07-02,SPY,324.52256099773115,321.869475084677
2019-07-03,SPY,327.3593644008976,322.4503569144765
2019-07-04,SPY,321.78898429095983,323.2224306428029
2019-07-05,SPY,325.55664682855115,323.5887525416302
2019-07-08,SPY,323.7408520876639,323.93265827047844
2019-07-09,SPY,324.2745053976621,324.2923034745503
2019-07-10,SPY,328.42832277566083,324.60610056567015
2019-07-11,SPY,328.8811325692466,325.2637037536445
2019-07-12,SPY,324.37190511863577,325.5759803688694
2019-07-15,SPY,318.93561649285954,325.7392229033854
2019-07-16,SPY,322.77109435473847,325.4355793304642
2019-07-17,SPY,325.22555072837935,325.4256514203238
2019-07-18,SPY,322.6375480335844,325.404203324886
2019-07-19,SPY,325.47519825720036,324.8888050047467
2019-07-22,SPY,327.15677636020445,324.9349629671545
2019-07-23,SPY,329.34120777219175,325.13246286128935
2019-07-24,SPY,321.96757450477077,325.35506736625996
2019-07-25,SPY,321.05932923511597,325.22082593702964
2019-07-26,SPY,324.01438985042796,325.14643603341995
2019-07-29,SPY,326.455681870186,324.86948951886967
2019-07-30,SPY,329.39840884026904,324.69821209633335
2019-07-31,SPY,321.3701291487942,324.9420044884603
2019-08-01,SPY,321.9777218719801,324.64254272585515
2019-08-02,SPY,323.62687662881297,324.65197960490616
2019-08-05,SPY,331.9503151338543,324.55549109491926
2019-08-06,SPY,328.8507054361901,324.9659642472287
2019-08-07,SPY,327.8336732044303,325.1947742491551
2019-08-08,SPY,328.01678950076547,325.16504177059363
2019-08-09,SPY,330.98893165580046,325.1218246171696
2019-08-12,SPY,329.58776183515266,325.4526759440278
2019-08-13,SPY,333.43486727092034,325.9852832111425
2019-08-14,SPY,330.87439900793316,326.5184718569516
2019-08-15,SPY,331.8235762256426,326.80091427092924
2019-08-16,SPY,330.13992109692134,327.26021568053216
2019-08-19,SPY,330.7281738435323,327.4934518225182
2019-08-20,SPY,328.50959159199743,327.67202169668457
2019-08-21,SPY,323.32805708357387,327.63044088767487
2019-08-22,SPY,326.9269995167715,327.69846501661505
2019-08-23,SPY,327.98433454945723,327.99184853069784
2019-08-26,SPY,326.2176563839725,328.1903457656493
2019-08-27,SPY,326.9383531129063,328.1784444913386
2019-08-28,SPY,330.24097940765654,328.05544170497046
2019-08-29,SPY,327.0789944336862,328.4989842179136
2019-08-30,SPY,326.783461041325,328.75404784599885
2019-09-02,SPY,328.61071481054773,328.91187706662447
2019-09-03,SPY,330.4054392940978,328.74489705045914
2019-09-04,SPY,329.36365501666876,328.8226337433545
2019-09-05,SPY,322.4899050515035,328.89913283396646
2019-09-06,SPY,326.5627122016279,328.6227886115033
2019-09-09,SPY,327.7001110925132,328.40147763879474
2019-09-10,SPY,327.80847216632213,328.30709510166275
2019-09-11,SPY,326.9609916670981,328.02577534643285
2019-09-12,SPY,327.8876151683574,327.8301049793911
2019-09-13,SPY,326.5577065059043,327.63330692652687
2019-09-16,SPY,323.2768132014134,327.454196196976
2019-09-17,SPY,320.9499721719267,327.08162816487004
2019-09-18,SPY,319.09862648129314,326.7036471938665
2019-09-19,SPY,317.20844164269755,326.49217566375245
2019-09-20,SPY,313.5963360445909,326.0062477700488
2019-09-23,SPY,315.65455894356325,325.2868478448055
2019-09-24,SPY,311.5832367768876,324.758692972785
2019-09-25,SPY,313.70115099848806,323.99093715598406
2019-09-26,SPY,310.58089719895077,323.1639457355256
2019-09-27,SPY,311.737699992489,322.33904087378886
2019-09-30,SPY,316.0834920277256,321.5867528213471
2019-10-01,SPY,316.789220194513,320.96039168220597
2019-10-02,SPY,314.5374483520069,320.2795807272267
2019-10-03,SPY,314.75220446260835,319.5382703939936
2019-10-04,SPY,315.281415389855,319.1513853645489
2019-10-07,SPY,309.87810377874825,318.58732052396016
2019-10-08,SPY,308.0570021014647,317.69622015827196
2019-10-09,SPY,308.6207756976217,316.7086466550291
2019-10-10,SPY,307.23443193610353,315.7916358565553
2019-10-11,SPY,307.54076774495206,314.7589766949426
2019-10-14,SPY,309.85955130249704,313.80812975689497
2019-10-15,SPY,312.2967941652668,313.1372666619492
2019-10-16,SPY,315.18772273890244,312.70460776161616
2019-10-17,SPY,317.1057786034493,312.5090625744966
2019-10-18,SPY,316.25615943727166,312.5039294225342
2019-10-21,SPY,316.26119466740107,312.6369205921682
2019-10-22,SPY,315.4668679492005,312.6672523783601
2019-10-23,SPY,314.5418279383448,312.86143393697574
2019-10-24,SPY,314.0396167424579,312.9034677839686
2019-10-25,SPY,308.68617374098864,313.076403761144
2019-10-28,SPY,307.71944446858544,312.92382744856894
2019-10-29,SPY,307.70689665846027,312.5056250706119
2019-10-30,SPY,304.7714742425,312.05150889380934
2019-10-31,SPY,304.75922661299234,311.563210188334
2019-11-01,SPY,306.391291472337,311.06356129585316
2019-11-04,SPY,305.94885728346594,310.61905509997723
2019-11-05,SPY,312.3634725282488,310.42259277521316
2019-11-06,SPY,304.28433305702407,310.63791629655236
2019-11-07,SPY,303.7172905200138,310.4210941645225
2019-11-08,SPY,298.2339634329122,310.245237093718
2019-11-11,SPY,301.2162178101474,309.779896878116
2019-11-12,SPY,309.27114854610716,309.3477302034985
2019-11-13,SPY,301.5950167147018,309.1964479225406
2019-11-14,SPY,302.0411363353822,308.5168126213305
2019-11-15,SPY,303.6694104168587,307.76358050792714
2019-11-18,SPY,302.8117783828143,307.1342430569065
2019-11-19,SPY,304.5427961883815,306.46177224267717
2019-11-20,SPY,297.7728803480854,305.9155686546362
2019-11-21,SPY,300.369543093569,305.07712127512326
2019-11-22,SPY,301.54696480765796,304.3936175926788
2019-11-25,SPY,301.6761067923904,304.03665714601226
2019-11-26,SPY,299.96384590688814,303.7344902622025
2019-11-27,SPY,301.93879013607994,303.3473377246239
2019-11-28,SPY,300.5336085596778,303.2057035193029
2019-11-29,SPY,301.2642727236463,302.99442261663717
2019-12-02,SPY,299.78782027947705,302.7380716792027
2019-12-03,SPY,293.1121029518248,302.4300198290032
2019-12-04,SPY,293.0789434092102,301.467451350182
2019-12-05,SPY,293.73012809364724,300.90718186779134
2019-12-06,SPY,296.00472855804037,300.40782374647296
2019-12-09,SPY,293.47068611460526,300.2963620027294
2019-12-10,SPY,293.43229546533445,299.90908541795227
2019-12-11,SPY,295.3018924634689,299.11714276391365
2019-12-12,SPY,295.79041493520424,298.802486551352
2019-12-13,SPY,299.52466901906894,298.4899504813431
2019-12-16,SPY,305.550064427424,298.2827134114536
2019-12-17,SPY,302.8348535189185,298.41962771368406
2019-12-18,SPY,297.0782595504181,298.33423058021094
2019-12-19,SPY,299.6825394070534,298.29949954032753
2019-12-20,SPY,304.32595618695717,298.2651493560018
2019-12-23,SPY,307.1936205602546,298.4040989249668
2019-12-24,SPY,309.7553941449856,298.67997461335995
2019-12-25,SPY,307.9010448363169,299.1695520252648
2019-12-26,SPY,305.7655902080754,299.4676647602767
2019-12-27,SPY,308.54314123618985,299.7292638426966
2019-12-30,SPY,305.79231227023456,300.09320726832374
2019-12-31,SPY,300.30845533517,300.39343186786164
2020-01-01,SPY,297.37283997309913,300.7532494870289
2020-01-02,SPY,304.8435921340909,300.9679443152233
2020-01-03,SPY,310.7679070063287,301.5236175172455
2020-01-06,SPY,308.69675993828736,302.2617764396599
2020-01-07,SPY,306.50825399405545,303.02308013084405
2020-01-08,SPY,307.27885984311894,303.6768780572801
2020-01-09,SPY,305.03767520972514,304.2757264262626
2020-01-10,SPY,309.09495507582284,304.7380894399886
2020-01-13,SPY,308.9147305254721,305.21660374282635
2020-01-14,SPY,305.62076460992307,305.3848370477287
2020-01-15,SPY,309.68215725797694,305.52413260227894
2020-01-16,SPY,307.9382248963983,306.15432748765693
2020-01-17,SPY,308.6811678493313,306.56711176212417
2020-01-20,SPY,308.70382783855536,306.7848723452429
2020-01-21,SPY,307.795076094296,306.86038270915793
2020-01-22,SPY,308.85675318505207,306.7623668066234
2020-01-23,SPY,306.779708727669,306.8101522240602
2020-01-24,SPY,301.1825858346186,306.86085815003986
2020-01-27,SPY,294.5927871313004,306.4928303799613
2020-01-28,SPY,290.9204095533438,305.9328541230146
2020-01-29,SPY,288.7721337357552,305.4634518339233
2020-01-30,SPY,288.7635707448479,305.0334165220561
2020-01-31,SPY,288.98100066062204,304.2294154525939
2020-02-03,SPY,290.645632957851,303.1400701353086
2020-02-04,SPY,291.05215611910836,302.23751378628674
2020-02-05,SPY,288.8010227345693,301.4647088925394
2020-02-06,SPY,286.8114909304311,300.5408170371119
2020-02-07,SPY,280.79187247241464,299.62950782314726
2020-02-10,SPY,280.3731048858066,298.21435369297683
2020-02-11,SPY,281.7885927081137,296.7872724109935
2020-02-12,SPY,283.3374632106807,295.5956638159031
2020-02-13,SPY,283.0500881939573,294.27842911353827
2020-02-14,SPY,282.61367609710805,293.0340222784162
2020-02-17,SPY,285.31630976713853,291.73064769080503
2020-02-18,SPY,285.41727803587276,290.5612717872342
2020-02-19,SPY,287.5802399682874,289.442381884313
2020-02-20,SPY,289.3129142986254,288.3785562234748
2020-02-21,SPY,289.9874674727619,287.5052165020226
2020-02-24,SPY,293.8339249745529,286.9454605839298
2020-02-25,SPY,292.20991050853775,286.90751747609244
2020-02-26,SPY,291.2196795923036,286.9719925238521
2020-02-27,SPY,288.9249210706266,287.09436981667955
2020-02-28,SPY,286.6794376503548,287.10243733296846
2020-03-02,SPY,291.19747580870967,286.9873591824551
2020-03-03,SPY,296.37879894668805,287.0149513249981
2020-03-04,SPY,296.50595909543057,287.28128346637703
2020-03-05,SPY,298.2501281300156,287.6665302844201
2020-03-06,SPY,301.81517925703645,288.2384621443993
2020-03-09,SPY,304.3125948503737,289.2896274836304
2020-03-10,SPY,308.0414891676109,290.4866019818588
2020-03-11,SPY,304.2126361425322,291.7992468048336
2020-03-12,SPY,302.32840624310506,292.84300545142617
2020-03-13,SPY,303.7573759377838,293.8069213538836
2020-03-16,SPY,308.17806916734503,294.8641063459174
2020-03-17,SPY,308.5597710090055,296.00719431592773
2020-03-18,SPY,305.9726941032229,297.16431896458437
2020-03-19,SPY,304.949186132967,298.08394167133116
2020-03-20,SPY,302.9957362547934,298.86575526304824
2020-03-23,SPY,300.4556479166185,299.51616870214974
2020-03-24,SPY,305.0261288340608,299.8472548492531
2020-03-25,SPY,303.17888194116193,300.4880657655292
2020-03-26,SPY,303.3014313745618,301.08602588297214
2020-03-27,SPY,309.92075591601025,301.80485139816886
2020-03-30,SPY,313.6544285041968,302.96691731145165
2020-03-31,SPY,314.7715117970003,304.08976494622596
2020-04-01,SPY,312.90843261948424,305.00940058874164
2020-04-02,SPY,314.25488302466533,305.8295242649443
2020-04-03,SPY,319.4139456009326,306.6297620096768
2020-04-06,SPY,321.46790835122624,307.5097003268716
2020-04-07,SPY,325.58766951973024,308.36746600191424
2020-04-08,SPY,325.9721572054619,309.24477501952026
2020-04-09,SPY,327.7202603234596,310.33275107266667
2020-04-10,SPY,327.12721559237923,311.60234377668445
2020-04-13,SPY,328.58913957935897,312.7708357594142
2020-04-14,SPY,332.9279928437385,313.79138928001487
2020-04-15,SPY,328.22994376257645,315.00980037175157
2020-04-16,SPY,328.09038535931404,316.1226628547192
2020-04-17,SPY,328.9442875619198,317.2797228160365
2020-04-20,SPY,327.1315106620369,318.5771503813929
2020-04-21,SPY,326.1892637874,319.9109435186638
2020-04-22,SPY,328.8213150848113,320.96910026633077
2020-04-23,SPY,335.4689272560495,322.25122192351324
2020-04-24,SPY,337.64764356850776,323.8595967175876
2020-04-27,SPY,338.81628388973553,325.24594110021246
2020-04-28,SPY,333.6274982320313,326.50403386948943
2020-04-29,SPY,340.12504513964836,327.44683319124096
2020-04-30,SPY,340.4547597327544,328.8076638172492
2020-05-01,SPY,340.4076790076829,330.11765765265363
2020-05-04,SPY,336.6686302928123,331.16734432299114
2020-05-05,SPY,336.54461413203995,331.9273804200704
2020-05-06,SPY,332.9229447837645,332.47522765068595
2020-05-07,SPY,333.22594211267534,332.8227670296011
2020-05-08,SPY,334.84647135083685,333.09805111906184
2020-05-11,SPY,335.0180324541136,333.4840139069847
2020-05-12,SPY,336.02192776529836,333.80545855072245
2020-05-13,SPY,333.22680611971606,333.96015529680045
2020-05-14,SPY,338.0577950245772,334.20999841465743
2020-05-15,SPY,335.9171320897356,334.70836889792065
2020-05-18,SPY,329.8762881370192,335.0570111243114
2020-05-19,SPY,329.32373345878415,335.19424999806046
2020-05-20,SPY,326.87441548841,335.3509734816297
2020-05-21,SPY,323.6390857689158,335.25362850180966
2020-05-22,SPY,322.5552903931918,334.662136427453
2020-05-25,SPY,323.5590900929042,333.90751876868717
2020-05-26,SPY,319.799907347578,333.1446590788456
2020-05-27,SPY,319.42399834594454,332.45327953462294
2020-05-28,SPY,324.0451846391887,331.41822719493774
2020-05-29,SPY,326.32238661242843,330.5977484402594
2020-06-01,SPY,325.8917166527078,329.8934838204967
2020-06-02,SPY,326.3731832106351,329.3546381384915
2020-06-03,SPY,326.0471824137167,328.84606659242127
2020-06-04,SPY,325.9566041484837,328.50227847391886
2020-06-05,SPY,328.4090312062247,328.13881157570927
2020-06-08,SPY,328.1708560465871,327.8169395684787
2020-06-09,SPY,320.34582145807724,327.47458074810237
2020-06-10,SPY,320.3409733161269,326.6907754327413
2020-06-11,SPY,317.5556721561105,326.04648379256184
2020-06-12,SPY,319.68733461617745,325.0213776491385
2020-06-15,SPY,317.8001648061073,324.2098877754606
2020-06-16,SPY,318.33539457183036,323.606081608915
2020-06-17,SPY,325.33011217358467,323.05666466456734
2020-06-18,SPY,321.9893321074454,322.97944949882606
2020-06-19,SPY,318.4325092106509,322.89696181575255
2020-06-22,SPY,314.0014511956943,322.6908227566255
2020-06-23,SPY,306.5443597461006,322.212940811765
2020-06-24,SPY,300.8473125989833,321.5501634316911
2020-06-25,SPY,302.0042038160866,320.62132914434306
2020-06-26,SPY,300.13762400258537,319.51928010318795
2020-06-29,SPY,294.59060187191716,318.2100419726958
2020-06-30,SPY,290.28179524553013,316.6449862336563
2020-07-01,SPY,292.1316281047254,314.840416835401
2020-07-02,SPY,289.9252426482784,313.1446391199514
2020-07-03,SPY,288.9196582615924,311.3430710449412
2020-07-06,SPY,289.93220151993717,309.3686023977096
2020-07-07,SPY,293.92282035456776,307.4566696713771
2020-07-08,SPY,299.68671797499576,306.1355196162016
2020-07-09,SPY,302.8407567373942,305.10280684914505
2020-07-10,SPY,303.3362316450803,304.36706107820925
2020-07-13,SPY,303.9555527730702,303.5495059296544
2020-07-14,SPY,309.4941398272986,302.8572753280025
2020-07-15,SPY,313.9774667587898,302.4152125907759
2020-07-16,SPY,313.0653520137069,301.8475803200362
2020-07-17,SPY,314.56097318734254,301.4013813153493
2020-07-20,SPY,315.52651776209075,301.2078045141838
2020-07-21,SPY,315.75487689490456,301.28405784250367
2020-07-22,SPY,314.23912392534095,301.7445836999439
2020-07-23,SPY,310.1336670631936,302.41417426626174
2020-07-24,SPY,308.53951330126165,302.8206474286171
2020-07-27,SPY,303.83691631837297,303.2407418935509
2020-07-28,SPY,307.61592782033125,303.7030576158737
2020-07-29,SPY,309.3280268856401,304.5697642446138
2020-07-30,SPY,305.65951318789735,305.4295841836595
2020-07-31,SPY,309.9871314943072,306.21629771064045
2020-08-03,SPY,312.8133883661958,307.2696713722762
2020-08-04,SPY,306.9055781560729,308.4137307145891
2020-08-05,SPY,312.61835975287244,309.0628686046644
2020-08-06,SPY,315.21281886092044,309.7094506935582
2020-08-07,SPY,321.7824035665142,310.3280537997345
2020-08-10,SPY,317.88522639143133,311.25036239580623
2020-08-11,SPY,319.63584712518195,311.9468460767243
2020-08-12,SPY,321.05208564782833,312.45393144161847
2020-08-13,SPY,321.7643464368388,312.8076623860704
2020-08-14,SPY,322.3796826432341,313.24261210722693
2020-08-17,SPY,325.839932903661,313.63354758002157
2020-08-18,SPY,321.0356843197928,314.1492183371
2020-08-19,SPY,317.1123106088071,314.4132587083444
2020-08-20,SPY,312.75452584361085,314.5569180425178
2020-08-21,SPY,311.0729565453601,314.6879609815386
2020-08-24,SPY,309.2517466580651,314.8146331437436
2020-08-25,SPY,310.4497078300972,315.0853746607282
2020-08-26,SPY,311.3390831606454,315.22706366121645
2020-08-27,SPY,311.4988909552173,315.3276164749667
2020-08-28,SPY,309.4534954600057,315.6195853633327
2020-08-31,SPY,308.1478571228119,315.5929035616176
2020-09-01,SPY,311.14448742228353,315.35962699944844
2020-09-02,SPY,313.58270024592167,315.571572462759
2020-09-03,SPY,313.9619753273011,315.6197894874114
2020-09-04,SPY,313.0120463338097,315.5572473107305
2020-09-07,SPY,317.935759020849,315.1187294490952
2020-09-08,SPY,316.11033960915387,315.1212560805661
2020-09-09,SPY,318.22402241997355,314.94498070476476
2020-09-10,SPY,321.9587298073128,314.80357754337194
2020-09-11,SPY,321.16835363636875,314.8132967118957
2020-09-14,SPY,323.8836421149897,314.7527302615524
2020-09-15,SPY,320.33488527644903,314.65491572211886
2020-09-16,SPY,323.64262628621395,314.61987576995165
2020-09-17,SPY,324.35347551125494,314.946391553822
2020-09-18,SPY,319.27187810126156,315.5263390372042
2020-09-21,SPY,321.4733504717089,315.9362851149993
2020-09-22,SPY,318.66922531813765,316.54736530568147
2020-09-23,SPY,322.81777341257833,316.9583411800835
2020-09-24,SPY,320.6904480386035,317.5322756926802
2020-09-25,SPY,320.2263183234034,317.9918535468495
2020-09-28,SPY,321.1965193164993,318.53049469001934
2020-09-29,SPY,320.19303584131336,319.1829277997037
2020-09-30,SPY,321.08821848468415,319.63535522065524
2020-10-01,SPY,319.375758082734,320.01063113259335
2020-10-02,SPY,321.5852856123404,320.281320270365
2020-10-05,SPY,321.6672375050184,320.7099822342915
2020-10-06,SPY,322.41055484934793,320.89655615849995
2020-10-07,SPY,313.60042765740286,321.21156692050965
2020-10-08,SPY,317.3053781555779,320.98038718238115
2020-10-09,SPY,317.46985974034106,320.7477195997944
2020-10-12,SPY,311.8740696229472,320.562794904993
2020-10-13,SPY,312.2342025705923,319.96231628039084
2020-10-14,SPY,313.7553851358341,319.5572821450981
2020-10-15,SPY,317.17761770264565,319.0629200875791
2020-10-16,SPY,313.80690150037736,318.7041271971486
2020-10-19,SPY,318.7243909658462,318.43087836710436
2020-10-20,SPY,318.2802374722966,318.2934303918113
2020-10-21,SPY,325.96587275032806,318.2739809995192
2020-10-22,SPY,325.5543391620908,318.4313859664067
2020-10-23,SPY,327.83232467205045,318.6745805225811
2020-10-26,SPY,326.69602598495874,319.0548808400134
2020-10-27,SPY,323.1158628900671,319.3298561734364
2020-10-28,SPY,326.72396920517826,319.47599752587405
2020-10-29,SPY,329.7505627498913,319.75778506189874
2020-10-30,SPY,334.8898853799976,320.27652529525665
2020-11-02,SPY,337.82676592974366,320.9417552836395
2020-11-03,SPY,335.9579869110939,321.7497317048757
2020-11-04,SPY,330.4400177685524,322.427103307963
2020-11-05,SPY,328.35628207401487,323.2690828135205
2020-11-06,SPY,326.2054843248257,323.8216280094424
2020-11-09,SPY,323.61149936295345,324.2584092386666
2020-11-10,SPY,325.5609064269991,324.84528072566695
2020-11-11,SPY,326.6932058284515,325.5116159184873
2020-11-12,SPY,325.87722788734976,326.15850695311815
2020-11-13,SPY,326.5048109320075,326.5934874623534
2020-11-16,SPY,326.0946255852985,327.2283829339348
2020-11-17,SPY,326.8537139450035,327.59689466490744
2020-11-18,SPY,329.37720963830566,328.02556848854283
2020-11-19,SPY,332.603289047241,328.1961353329417
2020-11-20,SPY,330.38833598455744,328.54858282719925
2020-11-23,SPY,325.47611306716163,328.6763833928245
2020-11-24,SPY,330.1870959028058,328.61538774693474
2020-11-25,SPY,330.6312468714735,328.96894939757163
2020-11-26,SPY,334.3532404943707,329.1643132808864
2020-11-27,SPY,328.92631021920937,329.39444716811033
2020-11-30,SPY,327.9066443991418,329.09626841007093
2020-12-01,SPY,328.0610184905215,328.60026233354085
2020-12-02,SPY,323.39768094790185,328.20541391251226
2020-12-03,SPY,321.7939578181302,327.8532970714797
2020-12-04,SPY,324.1896232365553,327.52518085868553
2020-12-07,SPY,327.75103098755693,327.424387804272
2020-12-08,SPY,333.0411890956754,327.6313643855021
2020-12-09,SPY,330.2317077851353,328.0053785189359
2020-12-10,SPY,325.6701299928514,328.1823036167701
2020-12-11,SPY,327.43031613084634,328.1719487220452
2020-12-14,SPY,330.5751238411601,328.21822398198714
2020-12-15,SPY,331.2793596630783,328.4422488947802
2020-12-16,SPY,327.03415803049774,328.66353118068395
2020-12-17,SPY,329.65733096248664,328.5463786002936
2020-12-18,SPY,332.3360220387741,328.3990806960559
2020-12-21,SPY,334.2415197698236,328.4964649987667
2020-12-22,SPY,332.6803392022952,328.93473533389977
2020-12-23,SPY,333.75839876022343,329.05939749887426
2020-12-24,SPY,336.46419437098797,329.21575509331177
2020-12-25,SPY,334.65145298883965,329.3213027871426
2020-12-28,SPY,328.5483873671137,329.6075599256241
2020-12-29,SPY,329.693625970799,329.6396470740227
2020-12-30,SPY,331.34487340782334,329.72127744803663
2020-12-31,SPY,331.45592246043435,330.11863707103265
2021-01-01,SPY,334.4692608231538,330.60173530314785
2021-01-04,SPY,332.5740472257026,331.1157171824778
2021-01-05,SPY,332.3669116633638,331.35686799438514
2021-01-06,SPY,331.41902443029807,331.32315412276955
2021-01-07,SPY,333.3790599776505,331.38251995502765
2021-01-08,SPY,338.7653969308068,331.7679664542676
2021-01-11,SPY,337.98214484857704,332.33472049426564
2021-01-12,SPY,344.9952377902014,332.7050715446365
2021-01-13,SPY,350.3391249404919,333.3908654509927
2021-01-14,SPY,353.17931279884345,334.5561137964923
2021-01-15,SPY,355.3231190305973,335.7322128883102
2021-01-18,SPY,361.68632750320285,336.8815677379013
2021-01-19,SPY,361.1058052235882,338.2538081245703
2021-01-20,SPY,360.7737486942015,339.67508142563497
2021-01-21,SPY,357.01243402266886,341.02584892233386
2021-01-22,SPY,358.7718948120819,342.0532609049179
2021-01-25,SPY,363.6684964796908,343.25928299608
2021-01-26,SPY,365.67743064463406,345.0152884517089
2021-01-27,SPY,367.2977052985578,346.8144786854006
2021-01-28,SPY,366.6339938498038,348.61212027993736
2021-01-29,SPY,367.3290902868981,350.3710238494058
2021-02-01,SPY,362.1678399500677,352.0140153225931
2021-02-02,SPY,366.0387970391203,353.4937049588113
2021-02-03,SPY,364.6113752045452,355.1772992275991
2021-02-04,SPY,360.6567517196938,356.83691676631145
2021-02-05,SPY,358.0187503631167,358.2008013534136
2021-02-08,SPY,355.13830134774855,359.16346902502914
2021-02-09,SPY,358.2467529144024,360.0212768499877
2021-02-10,SPY,362.10923765902703,360.6838526061978
2021-02-11,SPY,357.2652032375995,361.27235824212454
2021-02-12,SPY,360.6459662932218,361.4766527640623
2021-02-15,SPY,363.920938711135,361.7427951271935
2021-02-16,SPY,361.88536029919794,361.8545256875901
2021-02-17,SPY,356.5782523822759,361.8935034413706
2021-02-18,SPY,353.99151383042533,361.68372862577434
2021-02-19,SPY,351.81867739162254,361.53268261616216
2021-02-22,SPY,353.09393259069816,361.18502174513924
2021-02-23,SPY,351.90162785225374,360.6562935506896
2021-02-24,SPY,344.8344884266245,359.96750341107054
2021-02-25,SPY,345.709005603481,358.8443425674739
2021-02-26,SPY,340.47413527644585,357.79809315515774
2021-03-01,SPY,343.62509975275896,356.4553454046351
2021-03-02,SPY,339.54678950841196,355.52820839476965
2021-03-03,SPY,337.26192857405033,354.20360801823426
2021-03-04,SPY,334.44823784985977,352.83613568670955
2021-03-05,SPY,332.7005006851983,351.5257099932179
2021-03-08,SPY,337.08552219993294,350.2597975093219
2021-03-09,SPY,340.0249346554786,349.3571585519311
2021-03-10,SPY,342.13900415253323,348.44606763898497
2021-03-11,SPY,343.2998637910073,347.44755596366025
2021-03-12,SPY,338.0549716673328,346.7492889913307
2021-03-15,SPY,336.3624705606495,345.6197392600362
2021-03-16,SPY,334.57382226218624,344.24181585251193
2021-03-17,SPY,331.3703245647987,342.87623895066133
2021-03-18,SPY,333.12357552793196,341.6158425597875
2021-03-19,SPY,330.7214461309601,340.5724456446628
2021-03-22,SPY,328.44010396784654,339.5175840816297
2021-03-23,SPY,325.0756336467696,338.2848926504871
2021-03-24,SPY,318.4521114162764,336.9435929402129
2021-03-25,SPY,320.41138646778734,335.6244740896955
2021-03-26,SPY,324.73964194090655,334.35959313291085
2021-03-29,SPY,325.37207342966036,333.57286846613385
2021-03-30,SPY,322.2594355440481,332.66021714997896
2021-03-31,SPY,313.6063962146959,331.7958494517608
2021-04-01,SPY,314.21140279875056,330.613072833793
2021-04-02,SPY,318.0959835391409,329.6012310812376
2021-04-05,SPY,319.10507747657414,328.8710052239347
2021-04-06,SPY,322.1274532114223,327.97198298776675
2021-04-07,SPY,326.9535059828876,327.0771089155639
2021-04-08,SPY,330.7033163072491,326.3178340070816
2021-04-09,SPY,329.3098572416931,325.6880066328937
2021-04-12,SPY,332.8414635689546,325.25075091161176
2021-04-13,SPY,335.48978207130045,325.07470056202703
2021-04-14,SPY,330.4003354990761,325.12049855248273
2021-04-15,SPY,329.1272527746111,325.07199909919655
2021-04-16,SPY,324.50690111122225,324.87218296153054
2021-04-19,SPY,324.21718976716465,324.56145571054367
2021-04-20,SPY,326.1569419605902,324.3503100005095
2021-04-21,SPY,322.7389022276986,324.4043754162006
2021-04-22,SPY,316.1686031640203,324.61871495677167
2021-04-23,SPY,320.3367740363027,324.40657579158335
2021-04-26,SPY,321.6080217105364,324.18643239635315
2021-04-27,SPY,326.40369227335526,323.99822981039694
2021-04-28,SPY,322.14846918953623,324.2054426468623
2021-04-29,SPY,325.6294576102658,324.63254629560436
2021-04-30,SPY,332.447928937094,325.2034490361801
2021-05-03,SPY,339.1870560135241,325.92104630607776
2021-05-04,SPY,338.54239551209736,326.9251452329253
2021-05-05,SPY,339.52130028747024,327.745892347959
2021-05-06,SPY,339.0663204220936,328.37428206318816
2021-05-07,SPY,342.5195047575138,328.7924322689304
2021-05-10,SPY,346.142639377916,329.4529146447214
2021-05-11,SPY,346.5129478892616,330.11797343516946
2021-05-12,SPY,341.8728424402931,330.6691317260675
2021-05-13,SPY,344.47480810606385,331.24275707312836
2021-05-14,SPY,342.92522532894105,332.010134839701
2021-05-17,SPY,345.1502872072679,332.9310510505869
2021-05-18,SPY,346.1275924980484,333.9777059225921
2021-05-19,SPY,351.81672163703075,334.97623844946503
2021-05-20,SPY,355.88952653567884,336.43012941993163
2021-05-21,SPY,354.3556607760262,338.4161755885146
2021-05-24,SPY,355.66329721156075,340.11711992550073
2021-05-25,SPY,362.0086281752554,341.81988370055194
2021-05-26,SPY,360.13599534472036,343.6001304956469
2021-05-27,SPY,361.76898147808583,345.4995068034062
2021-05-28,SPY,366.14910634168365,347.3064829967972
2021-05-31,SPY,370.8244093097159,348.9915418670266
2021-06-01,SPY,372.82168835340644,350.5734095318362
2021-06-02,SPY,367.9742661930022,352.2873741739017
2021-06-03,SPY,363.40776280076625,353.7100224691783
2021-06-04,SPY,364.37973859464233,354.9270945881119
2021-06-07,SPY,365.8640137283836,356.02010627996833
2021-06-08,SPY,375.2583995429626,357.0061749974917
2021-06-09,SPY,372.10102993178316,358.4434475801768
2021-06-10,SPY,376.4093034639861,359.95485695475134
2021-06-11,SPY,379.3846162292163,361.55158172264737
2021-06-14,SPY,373.11897955028536,363.3745512676611
2021-06-15,SPY,370.1403736548287,364.772985884812
2021-06-16,SPY,370.8297311277794,365.97362494265104
2021-06-17,SPY,369.07367603409887,366.9242754171885
2021-06-18,SPY,368.5774750228962,367.58348289210943
2021-06-21,SPY,370.3839709969209,368.294573604453
2021-06-22,SPY,367.45998674346515,369.03060729372095
2021-06-23,SPY,369.24727691193834,369.3031752221315
2021-06-24,SPY,366.9716640101166,369.7587393004923
2021-06-25,SPY,365.04633989382796,370.01887342709387
2021-06-28,SPY,367.0790913457612,369.96373510470113
2021-06-29,SPY,365.04750599663674,369.7764692065034
2021-06-30,SPY,366.16889692890953,369.3877600886649
2021-07-01,SPY,372.09856722137476,369.2974916254603
2021-07-02,SPY,372.2737725556575,369.7320318464907
2021-07-05,SPY,371.8044314149561,370.1267335445415
2021-07-06,SPY,374.6126310641976,370.4237544288701
2021-07-07,SPY,373.3180812415534,370.39146600493183
2021-07-08,SPY,377.43507733181355,370.4523185704203
2021-07-09,SPY,372.6685916722077,370.5036072638117
2021-07-12,SPY,375.04834230849883,370.16780603596123
2021-07-13,SPY,373.20280518650804,370.26427417387197
2021-07-14,SPY,370.2965814893135,370.4173957504559
2021-07-15,SPY,376.9236611528626,370.39073826853263
2021-07-16,SPY,373.7947873149574,370.7832375244708
2021-07-19,SPY,380.43601093201994,371.04410313907385
2021-07-20,SPY,383.01648821172995,371.5467051358288
2021-07-21,SPY,388.6583961208778,372.324530209242
2021-07-22,SPY,384.93990069565905,373.29508616968906
2021-07-23,SPY,389.63211916093775,374.19349800396617
2021-07-26,SPY,395.3860126960522,375.42278696732166
2021-07-27,SPY,395.0047879785003,376.83813303483623
2021-07-28,SPY,394.5741670299356,378.33599713392937
2021-07-29,SPY,404.3438759020316,379.7562606389807
2021-07-30,SPY,405.1422443779808,381.3685260730135
2021-08-02,SPY,403.51113045877065,383.0119496641297
2021-08-03,SPY,401.04989875179024,384.5972846163204
2021-08-04,SPY,402.9182892420788,385.91914800070003
2021-08-05,SPY,404.3303719382151,387.3991584007263
2021-08-06,SPY,405.12918280926203,388.7439231310464
2021-08-09,SPY,412.1843398155284,390.36695268789913
2021-08-10,SPY,410.915426685492,392.22375256325057
2021-08-11,SPY,412.94175828514676,394.1093836381998
2021-08-12,SPY,419.0501082940632,396.24164247799143
2021-08-13,SPY,414.92677353353366,398.34796483505147
2021-08-16,SPY,419.3195850467529,400.40456414598026
2021-08-17,SPY,427.085598174829,402.34874285171696
2021-08-18,SPY,421.3850577760475,404.5521983498719
2021-08-19,SPY,416.84448857982443,406.1885314326304
2021-08-20,SPY,412.5992949708858,407.7837608268386
2021-08-23,SPY,405.06415069708726,408.93211961733607
2021-08-24,SPY,406.978919856883,409.4160265173878
2021-08-25,SPY,399.5061552428119,410.01473311130695
2021-08-26,SPY,401.5789644030589,410.26133252195075
2021-08-27,SPY,407.4947916990063,410.12308694700204
2021-08-30,SPY,400.99459092972796,410.2407143130534
2021-08-31,SPY,399.8057093972736,410.11488733660127
2021-09-01,SPY,392.2174744048708,410.05267786887543
2021-09-02,SPY,395.3519250198451,409.51763712701506
2021-09-03,SPY,392.5157223440791,409.0687147810965
2021-09-06,SPY,391.5508813549649,408.43804175783737
2021-09-07,SPY,391.8421102657766,407.4063688348092
2021-09-08,SPY,394.0564691356911,406.45270301382345
2021-09-09,SPY,392.76887950872003,405.5084385563506
2021-09-10,SPY,392.9067152174124,404.1943771170835
2021-09-13,SPY,390.83754045683474,403.09337420127747
2021-09-14,SPY,391.36382904244675,401.66927197178154
2021-09-15,SPY,386.8530179857041,399.8831835151624
2021-09-16,SPY,387.176536107661,398.15658152564527
2021-09-17,SPY,379.7728714028253,396.67318390203707
2021-09-20,SPY,377.9871936709719,395.03186272363405
2021-09-21,SPY,385.3024558384886,393.6780148723283
2021-09-22,SPY,385.68603892817475,392.59419167140857
2021-09-23,SPY,380.90359905716963,391.9031858556767
2021-09-24,SPY,381.95920061404274,390.86941758838225
2021-09-27,SPY,378.3215536496889,389.59263803413404
2021-09-28,SPY,372.1500364884074,388.4589861701321
2021-09-29,SPY,369.48365786552444,387.07620252468877
2021-09-30,SPY,372.28016666360105,385.93951169772146
2021-10-01,SPY,373.78377607657785,384.78592377990924
2021-10-04,SPY,373.4959970247151,383.8493264665342
2021-10-05,SPY,370.1099301039855,382.94658225002166
2021-10-06,SPY,366.1920250560847,381.85997324193215
2021-10-07,SPY,371.207822350148,380.4667510379519
2021-10-08,SPY,372.189928927563,379.3886981800232
2021-10-11,SPY,368.7222263709191,378.3528588655308
2021-10-12,SPY,361.0126103132693,377.247093161235
2021-10-13,SPY,356.1390765842897,375.7295322247761
2021-10-14,SPY,365.0252278207535,374.1938351547054
2021-10-15,SPY,360.90438682912935,373.08626974036
2021-10-18,SPY,360.69932490174693,372.1428455116752
2021-10-19,SPY,361.5292036671808,371.278452073214
2021-10-20,SPY,361.0317348140269,370.08978946464856
2021-10-21,SPY,360.0994443506728,368.8570742589412
2021-10-22,SPY,355.22651173065367,367.81686652361634
2021-10-25,SPY,351.56388520581896,366.48023207944686
2021-10-26,SPY,357.5711241735677,365.1423486572534
2021-10-27,SPY,354.93801627001505,364.4134030415114
2021-10-28,SPY,358.00989138981214,363.686120961736
2021-10-29,SPY,352.01727279587965,362.9726071980465
2021-11-01,SPY,351.1226171989795,361.88428203401156
2021-11-02,SPY,352.10962940373264,360.7656130427248
2021-11-03,SPY,355.8297078767668,359.8655980077122
2021-11-04,SPY,351.90599128542965,359.3474821487463
2021-11-05,SPY,354.07177183106245,358.3823905955104
2021-11-08,SPY,355.5092352757667,357.47648274068536
2021-11-09,SPY,352.9579013798063,356.8158331859277
2021-11-10,SPY,354.7126934699324,356.41309773925457
2021-11-11,SPY,351.5982576898304,356.34177858353667
2021-11-12,SPY,348.8696099995534,355.67043007699056
2021-11-15,SPY,348.87394887996066,355.0686912355117
2021-11-16,SPY,339.47554515707276,354.47742243442246
2021-11-17,SPY,339.1713686417564,353.37473950891706
2021-11-18,SPY,335.84727085492347,352.2817212003035
2021-11-19,SPY,331.00160674761014,351.06911252551606
2021-11-22,SPY,329.66085728816375,349.8578672763639
2021-11-23,SPY,332.2419992919258,348.7627158804811
2021-11-24,SPY,330.96470099565653,347.49625963639903
2021-11-25,SPY,335.22041686990286,346.2975938726811
2021-11-26,SPY,331.40019795099533,345.15812014668563
2021-11-29,SPY,327.11736847499344,344.1272664044414
2021-11-30,SPY,332.2569074692176,342.9270039682421
2021-12-01,SPY,333.64840345883886,341.9343678715163
2021-12-02,SPY,336.86815894380806,340.82530265061996
2021-12-03,SPY,334.1502475791767,340.07341103353883
2021-12-06,SPY,336.905009038401,339.07733482094454
2021-12-07,SPY,337.8472999027678,338.1471235090763
2021-12-08,SPY,340.10607585831383,337.39159343522437
2021-12-09,SPY,340.2602195732669,336.6612625546435
2021-12-10,SPY,344.4328115959856,336.09436064881527
2021-12-13,SPY,342.2659555903641,335.8725207286369
2021-12-14,SPY,339.0358091263401,335.542121064157
2021-12-15,SPY,334.09410600117025,335.52013426262045
2021-12-16,SPY,338.03841461410025,335.2662711305911
2021-12-17,SPY,335.6100881854354,335.37582831854996
2021-12-20,SPY,332.1760546440335,335.6062523904412
2021-12-21,SPY,329.1210110890037,335.7320122582347
2021-12-22,SPY,327.72204477244156,335.5759628480886
2021-12-23,SPY,323.6213566541802,335.41383003692783
2021-12-24,SPY,322.7461094757915,334.8338770261417
2021-12-27,SPY,320.7862820572419,334.4011726023815
2021-12-28,SPY,319.0820352732593,334.08461828149393
2021-12-29,SPY,316.0842718886666,333.4258746716961
2021-12-30,SPY,316.2637447691306,332.5476680931874
2021-12-31,SPY,314.8694491437817,331.51744738445353
2022-01-03,SPY,315.29405701760294,330.5534074626838
2022-01-04,SPY,316.1432439770101,329.4728598616439
2022-01-05,SPY,317.2819771096529,328.387657065356
2022-01-06,SPY,310.39919615233447,327.2464521279229
2022-01-07,SPY,308.7984956175274,325.7534009568763
2022-01-10,SPY,306.4024057267228,323.9716851579534
2022-01-11,SPY,308.8360564403763,322.17850766477136
2022-01-12,SPY,304.0253302380411,320.66852003047313
2022-01-13,SPY,301.9139571710706,319.1650812423167
2022-01-14,SPY,301.087164506824,317.3588583701652
2022-01-17,SPY,300.13516044542513,315.63271218623464
2022-01-18,SPY,303.1703052480588,314.03066747630425
2022-01-19,SPY,301.88874561823314,312.733132184257
2022-01-20,SPY,304.8613836160318,311.4414672265466
2022-01-21,SPY,300.45428822831434,310.5034685746392
2022-01-24,SPY,295.06967270985285,309.3888775122653
2022-01-25,SPY,298.72634102732036,308.10304704489585
2022-01-26,SPY,300.0875019367319,307.08526233259886
2022-01-27,SPY,301.6111025863589,306.2854238350022
2022-01-28,SPY,302.0430094278445,305.5527917258636
2022-01-31,SPY,303.56627731798153,304.91146974006676
2022-02-01,SPY,299.93609699990566,304.32508075508565
2022-02-02,SPY,302.84106528612966,303.5147234062305
2022-02-03,SPY,301.29008255016777,302.7926778150543
2022-02-04,SPY,304.3200705649578,302.33722213494593
2022-02-07,SPY,304.6479533359779,302.11330088231745
2022-02-08,SPY,298.6960031797228,302.0255782627802
2022-02-09,SPY,294.91118350400984,301.5185755997475
2022-02-10,SPY,298.2958748007974,301.06286826304597
2022-02-11,SPY,297.94741284435526,300.88196414453233
2022-02-14,SPY,296.8287045723633,300.7249765614089
2022-02-15,SPY,297.6082623367618,300.5596537677558
2022-02-16,SPY,296.40266723286544,300.28155162219093
2022-02-17,SPY,294.84794911321114,300.00724770292254
2022-02-18,SPY,295.208852284609,299.5065759777815
2022-02-21,SPY,295.69382862036804,299.24430418059626
2022-02-22,SPY,300.237810784155,299.275511976122
2022-02-23,SPY,300.4347594315341,299.3510854639637
2022-02-24,SPY,306.1423385022517,299.36844833870384
2022-02-25,SPY,311.7224950263539,299.59501013449847
2022-02-28,SPY,317.13596194623887,300.0789844144239
2022-03-01,SPY,320.5656619898179,300.7574686458368
2022-03-02,SPY,321.0482679779253,301.7889468953324
2022-03-03,SPY,321.55304102439567,302.6993070299222
2022-03-04,SPY,321.15894448701687,303.71245495363365
2022-03-07,SPY,318.8751246698441,304.5543986497365
2022-03-08,SPY,318.7270382404243,305.2657572164299
2022-03-09,SPY,316.7483333567857,306.2673089694649
2022-03-10,SPY,322.0058398881194,307.3591664621037
2022-03-11,SPY,323.79102698109557,308.5446647164698
2022-03-14,SPY,322.4099863624349,309.83684542330684
2022-03-15,SPY,316.2984010628551,311.11590951281045
2022-03-16,SPY,316.19299632958854,312.05041644911506
2022-03-17,SPY,314.940071288965,313.03993290395124
2022-03-18,SPY,311.58335614180334,314.04453901273894
2022-03-21,SPY,308.10476223328044,314.8632642055987
2022-03-22,SPY,301.2337125975305,315.4838108862442
2022-03-23,SPY,303.00797846173936,315.53360597691307
2022-03-24,SPY,302.8694953463341,315.6622669284233
2022-03-25,SPY,310.7472453814867,315.4986247706275
2022-03-28,SPY,310.7131272479561,315.44986228838405
2022-03-29,SPY,310.3146886955085,315.12872055347
2022-03-30,SPY,314.8582663563776,314.6161718887545
2022-03-31,SPY,315.3432743448313,314.3066718076771
2022-04-01,SPY,315.9340166338409,313.9961834736988
2022-04-04,SPY,314.8232691149795,313.73493708104013
2022-04-05,SPY,312.98072106583294,313.5323443032968
2022-04-06,SPY,317.7361416126625,313.2450284445673
2022-04-07,SPY,320.97853887621073,313.29441885736117
2022-04-08,SPY,326.55119639211784,313.24305380676566
2022-04-11,SPY,325.47416889570127,313.3810622773168
2022-04-12,SPY,325.6373090206802,313.5342714039801
2022-04-13,SPY,322.8343047991813,314.0012168018714
2022-04-14,SPY,326.0211897689114,314.333282225351
2022-04-15,SPY,321.54455594207263,314.8873381493483
2022-04-18,SPY,323.4240986429579,315.38539813936177
2022-04-19,SPY,327.0334198364013,316.1513649598457
2022-04-20,SPY,331.71394163760306,317.4413503217892
2022-04-21,SPY,328.6628632256668,318.8766484805824
2022-04-22,SPY,332.3100245962069,320.166316874549
2022-04-25,SPY,330.00510748865213,321.24445583528507
2022-04-26,SPY,327.572603341325,322.20905484731986
2022-04-27,SPY,323.30416046957794,323.07195057961064
2022-04-28,SPY,327.1048469510883,323.4942452852707
2022-04-29,SPY,332.562473982158,324.0823239155835
2022-05-02,SPY,330.65224495330966,324.91374678299934
2022-05-03,SPY,328.2071578115639,325.70519557491593
2022-05-04,SPY,327.16018716394785,326.46651741220245
2022-05-05,SPY,335.42867013911325,326.9377196897667
2022-05-06,SPY,338.8647070143754,327.66022625291185
2022-05-09,SPY,337.0939849132465,328.2759017840247
2022-05-10,SPY,331.11312401102913,328.856892584902
2022-05-11,SPY,328.9521667291396,329.1306833344194
2022-05-12,SPY,332.92331892797955,329.43657643091734
2022-05-13,SPY,339.2077702046306,329.7816828888707
2022-05-16,SPY,338.37185982099663,330.66484360199865
2022-05-17,SPY,336.10000758472074,331.4122316609006
2022-05-18,SPY,334.45337005389166,331.8655610483166
2022-05-19,SPY,328.21350544641024,332.002532469131
2022-05-20,SPY,331.26011527597257,331.9800645801682
2022-05-23,SPY,327.7295690710092,331.9275691141564
2022-05-24,SPY,331.2793740828068,331.81379219327425
2022-05-25,SPY,325.6887577888955,331.9991307303484
2022-05-26,SPY,321.61736889129503,332.11836059631423
2022-05-27,SPY,322.60931939942634,331.8439866933246
2022-05-30,SPY,320.2105073552282,331.34632896418805
2022-05-31,SPY,322.77626719762947,330.8242420842839
2022-06-01,SPY,322.86752183182375,330.5526975535872
2022-06-02,SPY,319.1392430803218,330.33806428698097
2022-06-03,SPY,321.188092742482,329.5235929340414
2022-06-06,SPY,323.9565480247984,328.6397622204468
2022-06-07,SPY,317.8240380235159,327.98289037602433
2022-06-08,SPY,323.6918612283503,327.3184360766487
2022-06-09,SPY,325.36566263448174,327.0554208016093
2022-06-10,SPY,327.90434588309085,326.67753798693434
2022-06-13,SPY,321.87063139744276,326.11236677085736
2022-06-14,SPY,319.6184311754383,325.2873053496796
2022-06-15,SPY,318.5660045360549,324.46322652921555
2022-06-16,SPY,322.06098135024484,323.6688582533237
2022-06-17,SPY,317.4246997649738,323.36123204851543
2022-06-20,SPY,314.6827144892468,322.66946127296546
2022-06-21,SPY,308.3584041610546,322.01711854387736
2022-06-22,SPY,307.6767604162924,320.8710700477898
2022-06-23,SPY,308.80275740547313,319.97047017915963
2022-06-24,SPY,303.6574188404709,319.3297396048685
2022-06-27,SPY,301.9227490382056,318.3821445769207
2022-06-28,SPY,303.52413748674815,317.4677566610696
2022-06-29,SPY,308.39697566930266,316.50515017552556
2022-06-30,SPY,310.50658090562064,315.7816228673995
2022-07-01,SPY,309.6255332131767,315.3499897586645
2022-07-04,SPY,306.04034440869356,314.77186178219915
2022-07-05,SPY,303.2358082511686,313.8760516013939
2022-07-06,SPY,301.282287865559,313.14664011277654
2022-07-07,SPY,301.7856023289019,312.02616144463695
2022-07-08,SPY,301.69624881938347,310.84715842935805
2022-07-11,SPY,306.7861613130383,309.5367535761726
2022-07-12,SPY,307.72857009098846,308.78253007195246
2022-07-13,SPY,304.491745780291,308.1880370177299
2022-07-14,SPY,309.25505656034545,307.48432407994176
2022-07-15,SPY,312.251930928722,306.84402784044676
2022-07-18,SPY,312.63001838618464,306.5853893986342
2022-07-19,SPY,310.4382007775572,306.48275459348105
2022-07-20,SPY,304.69270699298295,306.5867444243062
2022-07-21,SPY,301.63906603357316,306.4375417531407
2022-07-22,SPY,304.44942604856016,306.07935718454576
2022-07-25,SPY,302.0661594488326,306.11895754495015
2022-07-26,SPY,298.1401238713314,306.12612806548157
2022-07-27,SPY,298.78280053247084,305.85692738471073
2022-07-28,SPY,299.5710929605296,305.37621862786915
2022-07-29,SPY,301.44757574497356,304.8294442306145
2022-08-01,SPY,303.48399990051325,304.4205463572044
2022-08-02,SPY,307.8208163552958,304.2927291317954
2022-08-03,SPY,305.298793303042,304.52197953700176
2022-08-04,SPY,308.34765531594826,304.7228048088759
2022-08-05,SPY,305.3649808922791,305.0509074582282
2022-08-08,SPY,307.5452045462801,305.234344061873
2022-08-09,SPY,308.1574135136167,305.2722962235351
2022-08-10,SPY,308.9686670772166,305.2937383946665
2022-08-11,SPY,312.02065944302876,305.51758445951276
2022-08-12,SPY,312.0288235003477,305.65586460364693
2022-08-15,SPY,315.561831877736,305.6447092322282
2022-08-16,SPY,318.38721828415953,305.7912999068058
2022-08-17,SPY,318.8822865176715,306.1887507821359
2022-08-18,SPY,317.1387723014624,306.89822975837035
2022-08-19,SPY,314.81263941581886,307.6732150717648
2022-08-22,SPY,313.21490437564785,308.19137574012774
2022-08-23,SPY,312.6437141113967,308.74881298646847
2022-08-24,SPY,312.62850992119445,309.4739924984718
2022-08-25,SPY,322.00998043437187,310.1662779679079
2022-08-26,SPY,324.1301212874192,311.2882223416001
2022-08-29,SPY,326.68812414365556,312.4223496187223
2022-08-30,SPY,323.94197168975575,313.5825558308794
2022-08-31,SPY,321.705357378228,314.38861359760244
2022-09-01,SPY,320.7432087155517,315.20894180136173
2022-09-02,SPY,321.4236999150287,315.8287194713419
2022-09-05,SPY,318.15825890699034,316.6316554224794
2022-09-06,SPY,323.3503998140691,317.16230814051494
2022-09-07,SPY,321.5938509629716,317.92195745553755
2022-09-08,SPY,325.12591715312755,318.55321664982523
2022-09-09,SPY,317.5963370735011,319.2084795353302
2022-09-12,SPY,317.6377035412089,319.4868552139879
2022-09-13,SPY,318.58357714375353,319.5906487971615
2022-09-14,SPY,319.2570147901416,319.6004667401412
2022-09-15,SPY,321.2419026516238,319.6192031537647
2022-09-16,SPY,322.2052355654516,319.8243596712728
2022-09-19,SPY,322.79276326632925,320.1939894787544
2022-09-20,SPY,316.7483903029773,320.6728824232885
2022-09-21,SPY,314.55174500405093,320.87811623286757
2022-09-22,SPY,307.24605246022986,320.9742779870104
2022-09-23,SPY,309.238595838447,320.2360815883033
2022-09-26,SPY,310.25118650481966,319.4915053158546
2022-09-27,SPY,309.7072260748675,318.66965843391284
2022-09-28,SPY,307.22530642823057,317.95792115316846
2022-09-29,SPY,305.4997308660219,317.2339186056686
2022-09-30,SPY,311.19879945533995,316.4717447131921
2022-10-03,SPY,316.6485118154098,315.96049969020766
2022-10-04,SPY,316.527369225457,315.88501233562863
2022-10-05,SPY,320.66763765805547,315.54386080619804
2022-10-06,SPY,315.6397135226444,315.4975501409522
2022-10-07,SPY,309.59481407795965,315.023239959428
2022-10-10,SPY,308.1613693443143,314.623163809651
2022-10-11,SPY,305.526726497365,314.1493470998063
2022-10-12,SPY,303.8794382360726,313.49650456748685
2022-10-13,SPY,304.51193220931344,312.7276257397834
2022-10-14,SPY,313.7840587720086,311.8911272176678
2022-10-17,SPY,311.7732392725966,311.47006837799574
2022-10-18,SPY,311.9902732732798,310.91909217830914
2022-10-19,SPY,312.91465648941266,310.68118632682416
2022-10-20,SPY,312.86989782255523,310.59933190109234
2022-10-21,SPY,315.84499669093015,310.88052416920857
2022-10-24,SPY,321.5158851997728,311.21084421183275
2022-10-25,SPY,317.5818777994391,311.7740791465804
2022-10-26,SPY,318.15902588701357,312.16781173280896
2022-10-27,SPY,317.379613224342,312.7144977057481
2022-10-28,SPY,318.573848162969,313.3084918236641
2022-10-31,SPY,313.75795808740736,313.67724425904555
2022-11-01,SPY,308.3050244307965,313.5327165726454
2022-11-02,SPY,301.2244660784133,313.1215993329124
2022-11-03,SPY,302.8671314225361,312.1494407539303
2022-11-04,SPY,303.50920380709726,311.5108116489249
2022-11-07,SPY,303.79341195489144,311.20653113538174
2022-11-08,SPY,296.66455678686486,310.9881332659106
2022-11-09,SPY,295.61562401491096,310.54502478038563
2022-11-10,SPY,293.4422228093409,310.1318340693275
2022-11-11,SPY,289.35247968883976,309.57834859932893
2022-11-14,SPY,286.7612250980302,308.3567696451704
2022-11-15,SPY,288.81931381175224,307.10616893644215
2022-11-16,SPY,290.44867966272454,305.94762096336575
2022-11-17,SPY,290.44091730404534,304.8243221220314
2022-11-18,SPY,291.9929905841016,303.70287309610586
2022-11-21,SPY,290.2893215744835,302.5102727907644
2022-11-22,SPY,290.5540123526537,300.94894460949996
2022-11-23,SPY,290.72915248042904,299.5975513371607
2022-11-24,SPY,292.39910471331825,298.2260576668315
2022-11-25,SPY,292.25299086273486,296.9770322412803
2022-11-28,SPY,291.8930734926424,295.6609893762686
2022-11-29,SPY,291.5582309835554,294.5677451465303
2022-11-30,SPY,289.73619340862047,293.73040547416826
2022-12-01,SPY,296.2656251756109,293.15599184067867
2022-12-02,SPY,297.8482937430143,292.8259165283324
2022-12-05,SPY,299.1853755567213,292.54287102512825
2022-12-06,SPY,306.1014097338912,292.3124692052197
2022-12-07,SPY,310.4572581967624,292.784311852571
2022-12-08,SPY,305.6870193458106,293.52639356166367
2022-12-09,SPY,307.8737035842937,294.1386333884871
2022-12-12,SPY,310.51516375388445,295.06469458325984
2022-12-13,SPY,316.43019992661334,296.25239151605246
2022-12-14,SPY,320.6567224595564,297.6329358217955
2022-12-15,SPY,323.1919466796588,299.14333796163714
2022-12-16,SPY,319.45191671589953,300.78088943041786
2022-12-19,SPY,316.7344085870702,302.15383573700774
2022-12-20,SPY,317.64929890347713,303.4760900876371
2022-12-21,SPY,319.3166500310185,304.83085441517824
2022-12-22,SPY,316.11866607101064,306.2602292927077
2022-12-23,SPY,314.9662245275463,307.4462073605923
2022-12-26,SPY,313.7685386601624,308.58186904383285
2022-12-27,SPY,314.02128946086424,309.6756423022089
2022-12-28,SPY,315.1403032771929,310.79879522607433
2022-12-29,SPY,314.2992177811915,312.0690007195029
2022-12-30,SPY,310.47471517251273,312.970680349782
2023-01-02,SPY,314.39498815218974,313.6020014212569
2023-01-03,SPY,319.4757606419415,314.3624820510303
2023-01-04,SPY,319.20117816604323,315.0311995964329
2023-01-05,SPY,322.5359961516674,315.46839559489683
2023-01-06,SPY,324.03310452844767,316.3108444351898
2023-01-09,SPY,326.235478637611,317.1188144823974
2023-01-10,SPY,327.8714764716394,317.9048302265837
2023-01-11,SPY,325.43438129382827,318.47689405383505
2023-01-12,SPY,327.36719299476476,318.7157769955487
2023-01-13,SPY,330.7409552693183,318.92453931130393
2023-01-16,SPY,327.8428142797747,319.4889912389749
2023-01-17,SPY,334.3547125833856,320.04441152361017
2023-01-18,SPY,341.4088678844117,320.8796822076055
2023-01-19,SPY,347.7012644206719,321.9842931002752
2023-01-20,SPY,354.6874241474695,323.5634230177583
2023-01-23,SPY,357.39171576155985,325.5494829987544
2023-01-24,SPY,356.2540945207976,327.7306418538243
2023-01-25,SPY,354.18804420171006,329.842282106821
2023-01-26,SPY,351.3793611866791,331.7946691530468
2023-01-27,SPY,351.8570213389647,333.6486763233212
2023-01-30,SPY,351.81181927404106,335.71779163164376
2023-01-31,SPY,354.2402838781534,337.5886331877364
2023-02-01,SPY,347.15591708404673,339.32685934954696
2023-02-02,SPY,355.2519513030081,340.72459629544716
2023-02-03,SPY,363.4098915380213,342.36039405301415
2023-02-06,SPY,363.38306296843115,344.3292334034928
2023-02-07,SPY,365.91271921942786,346.1866126200339
2023-02-08,SPY,367.7262233467062,348.0886747574233
2023-02-09,SPY,368.8053895147837,350.2032668600672
2023-02-10,SPY,368.10892580837583,352.27517668606816
2023-02-13,SPY,367.73057402004326,354.143575213021
2023-02-14,SPY,364.772053362715,356.13796320003445
2023-02-15,SPY,365.49485169702496,357.65883023900085
2023-02-16,SPY,365.47999783022243,358.8631294296316
2023-02-17,SPY,366.7233679309495,359.7520661001091
2023-02-20,SPY,363.66074785195957,360.35386328928314
2023-02-21,SPY,363.87715074804476,360.6673148938031
2023-02-22,SPY,364.1240168167565,361.0484677051654
2023-02-23,SPY,366.3969149637333,361.54526633591774
2023-02-24,SPY,362.57447452615787,362.2961440247705
2023-02-27,SPY,364.167929160968,362.8320166841301
2023-02-28,SPY,367.82143496298323,363.44982217847644
2023-03-01,SPY,370.09147368036236,364.12887973271796
2023-03-02,SPY,368.80125790798354,365.27565756253375
2023-03-03,SPY,367.0631638962691,365.9531228927825
2023-03-06,SPY,366.2693837495448,366.1357865106949
2023-03-07,SPY,369.01345045273297,366.28010254975055
2023-03-08,SPY,374.8176749506534,366.4351391114159
2023-03-09,SPY,374.30014371991683,366.7897116916132
2023-03-10,SPY,371.9692847108198,367.06444940186987
2023-03-13,SPY,373.4414521808306,367.25746734699203
2023-03-14,SPY,374.27921583501296,367.5430112550314
2023-03-15,SPY,370.95550136038025,368.0183693786463
2023-03-16,SPY,368.2942204582041,368.29140186181405
2023-03-17,SPY,367.9937851711277,368.43211299321314
2023-03-20,SPY,370.5389946180258,368.4956338552221
2023-03-21,SPY,366.1919790237201,368.83954619352534
2023-03-22,SPY,362.5366845626841,368.9552876073092
2023-03-23,SPY,364.418459313408,368.8759209946055
2023-03-24,SPY,360.02820814343596,368.77699821208927
2023-03-27,SPY,360.49214744582,368.6496848929532
2023-03-28,SPY,361.8339481526611,368.4658958071958
2023-03-29,SPY,361.50464638388354,368.1665214666797
2023-03-30,SPY,357.89635813380886,367.73718010185576
2023-03-31,SPY,357.7539366393025,367.191935113147
2023-04-03,SPY,356.63705269476304,366.7264737502986
2023-04-04,SPY,357.9069376563883,366.24485719755955
2023-04-05,SPY,354.97625366314134,365.6895315577423
2023-04-06,SPY,358.9218063786875,364.69746049336675
2023-04-07,SPY,352.9809499195976,363.92854362630527
2023-04-10,SPY,352.4293434611503,362.9791268867442
2023-04-11,SPY,352.5271031921981,361.9285214507602
2023-04-12,SPY,355.9875387430159,360.84091581861946
2023-04-13,SPY,353.89281396405784,360.0925176877512
2023-04-14,SPY,355.895420072189,359.3724473630439
2023-04-17,SPY,353.9495302042989,358.76752910809694
2023-04-18,SPY,356.63315466532055,357.93805588741054
2023-04-19,SPY,362.90022353982374,357.4601146694906
2023-04-20,SPY,361.5174708539927,357.4782916183476
2023-04-21,SPY,363.19111838936874,357.33324219537684
2023-04-24,SPY,359.89549844160683,357.4913877076735
2023-04-25,SPY,363.47001213198274,357.46155525746286
2023-04-26,SPY,367.94347779239973,357.5433584564289
2023-04-27,SPY,368.1469679969858,357.8653000268547
2023-04-28,SPY,364.04270653337653,358.37783052001356
2023-05-01,SPY,365.5804168171179,358.6922690147173
2023-05-02,SPY,369.8543913681342,359.139437220835
2023-05-03,SPY,373.9583197016381,359.7368099064223
2023-05-04,SPY,377.0740690337818,360.68591320834713
2023-05-05,SPY,370.24717310053353,361.5935263411019
2023-05-08,SPY,367.8042500957633,362.45683750014865
2023-05-09,SPY,373.10763039904367,363.22558283187925
2023-05-10,SPY,368.6077956663546,364.25460919222155
2023-05-11,SPY,372.85178237380853,364.88562203838853
2023-05-12,SPY,379.94505304968555,365.83357045887607
2023-05-15,SPY,382.9157955034181,367.03605210775083
2023-05-16,SPY,387.28192821388274,368.48436537270686
2023-05-17,SPY,386.0708728870282,370.01680405013497
2023-05-18,SPY,381.4170871065539,371.1753365174951
2023-05-19,SPY,381.10145592072274,372.1703173301232
2023-05-22,SPY,380.4197616487185,373.0658342066909
2023-05-23,SPY,380.3150590869085,374.0920473670465
2023-05-24,SPY,383.0411045075449,374.9342997147928
2023-05-25,SPY,382.5637048378765,375.6891810505501
2023-05-26,SPY,383.37411352153083,376.4100178925946
2023-05-29,SPY,385.0767379716435,377.3765882420023
2023-05-30,SPY,385.1333221026036,378.3514042997286
2023-05-31,SPY,392.30996618348433,379.115350836452
2023-06-01,SPY,394.1240903384909,380.0329331605443
2023-06-02,SPY,394.53637671958853,380.8854342257798
2023-06-05,SPY,393.7960435682709,382.0998944067326
2023-06-06,SPY,391.4126482804732,383.399484080358
2023-06-07,SPY,396.75258797355906,384.3147349744294
2023-06-08,SPY,397.42711142380136,385.7219745897896
2023-06-09,SPY,393.2191411355725,386.9507410422893
2023-06-12,SPY,391.0863350799595,387.6144454465836
2023-06-13,SPY,390.63033858567474,388.0229724254107
2023-06-14,SPY,388.96834765805977,388.19039294400034
2023-06-15,SPY,393.26401800225295,388.3352666825519
2023-06-16,SPY,388.77430250037105,388.9276132273368
2023-06-19,SPY,390.7646419073269,389.3112555563192
2023-06-20,SPY,391.40353224433784,389.82849956924963
2023-06-21,SPY,386.8721032204692,390.3829232271211
2023-06-22,SPY,387.13302982766504,390.57447316276733
2023-06-23,SPY,386.84494957803713,390.80293941225676
2023-06-26,SPY,388.86190747662954,390.9764812150821
2023-06-27,SPY,387.18925691736837,391.1657396903314
2023-06-28,SPY,388.44077894995314,391.26853643106966
2023-06-29,SPY,382.0494361207018,391.0750770693931
2023-06-30,SPY,377.98566142030654,390.47134435850364
2023-07-03,SPY,381.0282899292681,389.6438085935395
2023-07-04,SPY,385.073485959387,389.00542091158934
2023-07-05,SPY,385.1009023854142,388.6884627955351
2023-07-06,SPY,382.87097721937886,388.10587851612786
2023-07-07,SPY,387.09275244236346,387.3780718059067
2023-07-10,SPY,379.0729793230827,387.07175237124625
2023-07-11,SPY,376.117810500477,386.4710845834024
2023-07-12,SPY,378.72114906388975,385.7454581791425
2023-07-13,SPY,381.2683738173239,385.233098249434
2023-07-14,SPY,377.40886360760044,384.6333160401876
2023-07-17,SPY,370.36131317379113,384.06504409554907
2023-07-18,SPY,375.81297601132354,383.0448776588722
2023-07-19,SPY,376.46305644944664,382.26534984722156
2023-07-20,SPY,373.16436079633814,381.7448975086704
2023-07-21,SPY,373.44270540713654,381.04646405710406
2023-07-24,SPY,376.885020290007,380.376351848559
2023-07-25,SPY,367.19244987047784,379.7775074892279
2023-07-26,SPY,371.3429047065128,378.7776671368834
2023-07-27,SPY,374.1653146476598,377.9227734247114
2023-07-28,SPY,366.4535960081443,377.5285673510592
2023-07-31,SPY,369.3517969580692,376.95196408045115
2023-08-01,SPY,362.85095325953273,376.3681394318912
2023-08-02,SPY,367.05778589936426,375.2570127968985
2023-08-03,SPY,368.5940721670685,374.354856972596
2023-08-04,SPY,376.97004897387103,373.6410117199805
2023-08-07,SPY,374.7432775510492,373.13487654655586
2023-08-08,SPY,374.8358713645979,372.9183914579542
2023-08-09,SPY,378.83644896667124,372.85429450116027
2023-08-10,SPY,376.4879392615258,372.8600594962993
2023-08-11,SPY,373.90915539776177,372.6210377685094
2023-08-14,SPY,372.5936657467642,372.4460523580175
2023-08-15,SPY,372.39670013773406,372.55766998666616
2023-08-16,SPY,368.4412964034433,372.3868561929866
2023-08-17,SPY,370.2989433491115,371.9857681906865
2023-08-18,SPY,372.3847642469943,371.8424973183252
2023-08-21,SPY,372.72551664212085,371.789600260318
2023-08-22,SPY,379.1364387733239,371.5816250779237
2023-08-23,SPY,377.96999067922593,372.17882452306606
2023-08-24,SPY,382.98402106411714,372.5101788217017
2023-08-25,SPY,380.9670612367735,372.95111414252455
2023-08-28,SPY,383.9225492076766,373.676787403956
2023-08-29,SPY,376.57109318821045,374.4053250164364
2023-08-30,SPY,377.39203918977665,375.0913320128703
2023-08-31,SPY,376.8057303216031,375.6080446773909
2023-09-01,SPY,375.01578916646895,376.0186275851176
2023-09-04,SPY,372.80099490864933,375.9209145947475
2023-09-05,SPY,371.58046576629494,375.8238004626275
2023-09-06,SPY,368.9800046719203,375.66103018271235
2023-09-07,SPY,360.96258463030324,375.1682079679748
2023-09-08,SPY,358.8824885056552,374.3919402364137
2023-09-11,SPY,356.9819869814509,373.6406068918083
2023-09-12,SPY,355.18170394901125,372.8600229535427
2023-09-13,SPY,351.49582834223236,371.99927314410655
2023-09-14,SPY,351.0892039720477,371.151999741046
2023-09-15,SPY,353.9136759382333,370.1915127721928
2023-09-18,SPY,353.09901791469525,369.2679583567548
2023-09-19,SPY,351.4299310858011,368.2866334203835
2023-09-20,SPY,356.2708359445544,366.9013080360074
2023-09-21,SPY,359.8227024061052,365.8163502992738
2023-09-22,SPY,363.21164783255006,364.6582843663732
2023-09-25,SPY,367.4811376311562,363.770513696162
2023-09-26,SPY,366.3523276884053,362.948443117336
2023-09-27,SPY,365.9516365909089,362.43750484234573
2023-09-28,SPY,370.09914404229767,361.8654847124024
2023-09-29,SPY,368.1225562589169,361.5301553984371
2023-10-02,SPY,367.7559614500957,361.18549375305946
2023-10-03,SPY,369.21897071401463,360.9332420801318
2023-10-04,SPY,370.6689960093486,360.81516732751777
2023-10-05,SPY,369.7187394219821,360.89961689438917
2023-10-06,SPY,373.4287466741438,361.3374246339731
2023-10-09,SPY,372.8385849668577,362.0647375423976
2023-10-10,SPY,375.6175696930252,362.8575674416679
2023-10-11,SPY,379.7138843491768,363.8793607288686
2023-10-12,SPY,382.29310485975395,365.29026352921585
2023-10-13,SPY,385.17341010515463,366.8504585736011
2023-10-16,SPY,380.7833353936685,368.41344528194725
2023-10-17,SPY,375.86723343857756,369.79766115589587
2023-10-18,SPY,373.61677546372795,371.01952627353467
2023-10-19,SPY,375.46708045349817,371.8868232494934
2023-10-20,SPY,381.177154852285,372.669042151863
2023-10-23,SPY,376.59389536598627,373.56731750284973
2023-10-24,SPY,377.8239853877882,374.02295538959123
2023-10-25,SPY,374.67233754915117,374.59653827456043
2023-10-26,SPY,372.00352529608574,375.0325733224725
2023-10-27,SPY,371.0497266171185,375.12779238516197
2023-10-30,SPY,373.6904127927847,375.27415090307204
2023-10-31,SPY,374.5607291073973,375.5708734702065
2023-11-01,SPY,379.0538662947725,375.8379613898756
2023-11-02,SPY,375.39364619130254,376.25720490414676
2023-11-03,SPY,378.8069908149253,376.54095024261284
2023-11-06,SPY,382.40567717201657,376.80986244965186
2023-11-07,SPY,382.74807506186744,377.2882170599098
2023-11-08,SPY,384.6511888657672,377.644742328352
2023-11-09,SPY,382.56141360813956,377.89160755418146
2023-11-10,SPY,378.4681942976073,377.90502299160073
2023-11-13,SPY,377.01016789022026,377.5697622012234
2023-11-14,SPY,374.66294838867793,377.38110382605095
2023-11-15,SPY,385.566105489948,377.320889573556
2023-11-16,SPY,383.7729980548511,377.91835607486695
2023-11-17,SPY,390.18220021890096,378.3336519549346
2023-11-20,SPY,391.04865453672613,378.78390422326544
2023-11-21,SPY,392.34753172585965,379.5066421818025
2023-11-22,SPY,395.3427260706986,380.23281949870596
2023-11-23,SPY,392.3418264740404,381.2663389247833
2023-11-24,SPY,396.01619882646366,382.28325398368105
2023-11-27,SPY,397.58593120082924,383.53157759414836
2023-11-28,SPY,391.63886143008926,384.72635351455057
2023-11-29,SPY,394.0720313800664,385.5802601306852
2023-11-30,SPY,396.32820679810084,386.3311683849499
2023-12-01,SPY,398.20160832462545,387.3778964152898
2023-12-04,SPY,404.5924886388977,388.34762729077477
2023-12-05,SPY,402.9970572995481,389.45696786411884
2023-12-06,SPY,405.14044824992095,390.4694169760029
2023-12-07,SPY,408.25328273318206,391.49387994521055
2023-12-08,SPY,404.65950820507055,392.7784734014627
2023-12-11,SPY,409.5954653143329,394.0880390968358
2023-12-12,SPY,403.735935359195,395.7173039680415
2023-12-13,SPY,398.5681126820238,397.1709533165673
2023-12-14,SPY,400.7300127656508,397.8210536761711
2023-12-15,SPY,396.44653608456497,398.66890441171114
2023-12-18,SPY,396.064761231101,398.9821212049943
2023-12-19,SPY,389.62873315391863,399.23292653971305
2023-12-20,SPY,389.97600087486234,399.096986611116
2023-12-21,SPY,385.6335809907919,398.8286503513242
2023-12-22,SPY,387.0295380923749,398.49323807716183
2023-12-25,SPY,381.1753706953403,398.04390504045733
2023-12-26,SPY,382.96168200732615,397.2233770151829
2023-12-27,SPY,382.01789085532874,396.7895180440447
2023-12-28,SPY,382.33908413682394,396.1868110178078
2023-12-29,SPY,382.1573566460038,395.487354884744
2024-01-01,SPY,382.73280644651663,394.6851423008129
2024-01-02,SPY,377.7521670130243,393.59215819119385
2024-01-03,SPY,368.13880769415266,392.3299136768677
2024-01-04,SPY,368.33802895754394,390.4798316490793
2024-01-05,SPY,364.964846784471,388.48406896029735
2024-01-08,SPY,363.3790817635968,386.4993358892674
2024-01-09,SPY,365.0018946311528,384.1885167117306
2024-01-10,SPY,357.8285254610095,382.2518146753285
2024-01-11,SPY,355.1692485914822,380.21483531427776
2024-01-12,SPY,353.0733696225878,377.9367971055693
2024-01-15,SPY,349.4110804116796,375.76813878247043
2024-01-16,SPY,350.62295179765306,373.43545474149937
2024-01-17,SPY,350.20130344131474,371.48516567368614
2024-01-18,SPY,347.3972433523185,369.4964308020087
2024-01-19,SPY,344.0467023138152,367.584613920085
2024-01-22,SPY,346.89306307500453,365.4354721311571
2024-01-23,SPY,344.6748293706152,363.7213567501403
2024-01-24,SPY,346.7603725126401,361.8070141183047
2024-01-25,SPY,348.3879163660343,360.0441382011703
2024-01-26,SPY,341.85976316422074,358.34657981263086
2024-01-29,SPY,338.22392130878853,356.3317001385417
2024-01-30,SPY,338.30193254785445,354.10625588165533
2024-01-31,SPY,339.5265983650294,352.1337441583968
2024-02-01,SPY,342.24180689380006,350.7031336919406
2024-02-02,SPY,345.0561649837291,349.39832258875344
2024-02-05,SPY,348.6938578763277,348.4028884987164
2024-02-06,SPY,347.45983645149505,347.66862730435287
2024-02-07,SPY,346.79820329278624,346.79152439536995
2024-02-08,SPY,349.5577439468162,346.24000828695887
2024-02-09,SPY,348.1405344185415,345.95943305472554
2024-02-12,SPY,351.8889241105932,345.71279129452324
2024-02-13,SPY,346.36701793398527,345.8366834794689
2024-02-14,SPY,348.69986074915505,345.6238867862855
2024-02-15,SPY,348.1655865034945,345.54881465167756
2024-02-16,SPY,341.38711654071517,345.58723180923636
2024-02-19,SPY,344.8001832085026,345.4542525205813
2024-02-20,SPY,345.94174702923317,345.34960852725624
2024-02-21,SPY,346.08334210543927,345.4129544101871
2024-02-22,SPY,342.42656816176327,345.3791028898271
2024-02-23,SPY,340.90150473886877,345.0810354796135
2024-02-26,SPY,346.12339051562407,345.0331225583459
2024-02-27,SPY,343.32927824935786,345.42809601868765
2024-02-28,SPY,331.4783344922318,345.6794633037629
2024-02-29,SPY,328.7052005818984,345.277050110123
2024-03-01,SPY,324.8276548743957,344.6002197945279
2024-03-04,SPY,324.46370349430487,343.58879428906124
2024-03-05,SPY,323.25262847239065,342.3772865699601
2024-03-06,SPY,320.36811903503764,341.1669261710049
2024-03-07,SPY,317.73556534499056,339.84542195811747
2024-03-08,SPY,321.1282946444702,338.25431302802616
2024-03-11,SPY,316.56031935330213,336.9037010393226
2024-03-12,SPY,322.8175762412141,335.13727080145804
2024-03-13,SPY,321.1259019733758,333.9597987168195
2024-03-14,SPY,317.68124308267676,332.58110077803053
2024-03-15,SPY,320.2458044700804,331.05688360698963
2024-03-18,SPY,322.11672134247027,329.99981800345785
2024-03-19,SPY,318.82208179498764,328.8656449101563
2024-03-20,SPY,321.2729789234217,327.50966164844397
2024-03-21,SPY,315.4266698744385,326.26914348934315
2024-03-22,SPY,312.5762563858273,324.91914857497693
2024-03-25,SPY,316.15920024825226,323.50288615732484
2024-03-26,SPY,315.4140674129387,322.00467664395626
2024-03-27,SPY,311.3702526218595,320.6089161021353
2024-03-28,SPY,313.0329033017074,319.6035120086167
2024-03-29,SPY,315.9653498411198,318.8198971446071
2024-04-01,SPY,315.9579888534943,318.3767818929433
2024-04-02,SPY,310.3124921095486,317.9514961609028
2024-04-03,SPY,309.29995320361115,317.3044893427607
2024-04-04,SPY,310.6548879817445,316.7510810511894
2024-04-05,SPY,313.10502561539397,316.39704718302704
2024-04-08,SPY,318.96969816829767,315.99588373157326
2024-04-09,SPY,318.2273571429277,316.116352672323
2024-04-10,SPY,316.7557263179861,315.8868417174087
2024-04-11,SPY,316.6979029710149,315.6683329346392
2024-04-12,SPY,320.5813820861258,315.61916592905607
2024-04-15,SPY,317.6268859311611,315.6359448098584
2024-04-16,SPY,321.83637072010515,315.41145303929295
2024-04-17,SPY,313.0535217767014,315.5621674855488
2024-04-18,SPY,315.6128635479481,315.1511946282128
2024-04-19,SPY,313.54368613249744,315.1605043118883
2024-04-22,SPY,315.04585172196676,315.2088757992218
2024-04-23,SPY,317.2778936702449,315.1532083729075
2024-04-24,SPY,313.5893094106751,315.2463996857729
2024-04-25,SPY,313.38111592723976,315.35735252521357
2024-04-26,SPY,314.1978812438406,315.37476315649025
2024-04-29,SPY,316.1059094295685,315.2863897266262
2024-04-30,SPY,313.2292176796322,315.29378575542995
2024-05-01,SPY,310.18582687760176,315.43962203393414
2024-05-02,SPY,304.28046131655026,315.4839157176337
2024-05-03,SPY,312.0684274772483,315.16519438437393
2024-05-06,SPY,311.5305491422584,315.1133644774667
2024-05-07,SPY,310.89996799152806,314.7414070261647
2024-05-08,SPY,306.3152114944395,314.37503756859473
2024-05-09,SPY,309.22513655902776,313.8530118274174
2024-05-10,SPY,307.6336757419318,313.47937350681804
2024-05-13,SPY,312.1116599269106,312.83198818960835
2024-05-14,SPY,314.83287235739755,312.5562268893958
2024-05-15,SPY,314.96179269732204,312.2060519712605
2024-05-16,SPY,317.3144148691773,312.30146551729143
2024-05-17,SPY,313.8497125935191,312.3865430833529
2024-05-20,SPY,312.8903248830574,312.401844406404
2024-05-21,SPY,311.1504247605592,312.29406806445854
2024-05-22,SPY,307.26310275503636,311.9876946189742
2024-05-23,SPY,307.3769683566422,311.67138428619234
2024-05-24,SPY,306.9928596838869,311.37117690766246
2024-05-27,SPY,311.4609605010731,311.01092582966476
2024-05-28,SPY,301.0806890271184,310.77867838323994
2024-05-29,SPY,299.1172369530071,310.1712519506143
2024-05-30,SPY,296.42975345914994,309.6178224543845
2024-05-31,SPY,295.11324367998196,309.22528706151456
2024-06-03,SPY,296.41738866766866,308.37752787165124
2024-06-04,SPY,297.67348682120314,307.62186984792174
2024-06-05,SPY,297.81731892044814,306.9605457894055
2024-06-06,SPY,296.46501759794944,306.5356511607059
2024-06-07,SPY,297.9903061948063,305.89764521265204
2024-06-10,SPY,299.12195873378,305.4154767352957
2024-06-11,SPY,293.66945535380336,304.76599167563916
2024-06-12,SPY,292.9581379769605,303.70782082545946
2024-06-13,SPY,288.9895106351885,302.6076380894414
2024-06-14,SPY,285.63250660331545,301.19139287774203
2024-06-17,SPY,286.108463063214,299.7805325782318
2024-06-18,SPY,286.33827180553,298.4414394872396
2024-06-19,SPY,286.72157261238976,297.20083183948816
2024-06-20,SPY,284.2683796523326,296.1737553323558
2024-06-21,SPY,283.75315065124204,295.0183258971403
2024-06-24,SPY,281.2202272435691,293.8563404455081
2024-06-25,SPY,282.3504973867134,292.34430378263295
2024-06-26,SPY,284.3514900562343,291.40779420061267
2024-06-27,SPY,289.3993584876082,290.66950685577405
2024-06-28,SPY,293.1213081094764,290.3179871071969
2024-07-01,SPY,290.8192170298306,290.21839032867166
2024-07-02,SPY,289.5461365117656,289.93848174677976
2024-07-03,SPY,286.8866695592528,289.5321142313079
2024-07-04,SPY,287.8218894435777,288.98558176324815
2024-07-05,SPY,293.57978814018236,288.55342535552955
2024-07-08,SPY,295.71856345273073,288.33289945279836
2024-07-09,SPY,289.27374770071026,288.16272968874586
2024-07-10,SPY,285.69406561642177,287.9429443060912
2024-07-11,SPY,282.0584092462042,287.5797406880643
2024-07-12,SPY,283.56781517544823,287.23318561861504
2024-07-15,SPY,283.6281119959981,287.1299510472217
2024-07-16,SPY,284.5354794133709,287.0059334938609
2024-07-17,SPY,289.66159361525115,286.9157938742529
2024-07-18,SPY,287.3236881244379,287.06279492439603
2024-07-19,SPY,284.9457113941803,287.2155603480013
2024-07-22,SPY,290.60402337493286,287.2751883851482
2024-07-23,SPY,291.65688913338846,287.7443781917164
2024-07-24,SPY,289.44345677991646,288.20969777905015
2024-07-25,SPY,283.62928040767326,288.4642961152343
2024-07-26,SPY,279.36272760778076,288.17579221123754
2024-07-29,SPY,272.58974917723225,287.48786318615277
2024-07-30,SPY,272.8305441194075,286.5763897935228
2024-07-31,SPY,273.00557010385205,285.7406101739049
2024-08-01,SPY,275.7710112515156,285.0465552011349
2024-08-02,SPY,275.4421288891951,284.44401129153175
2024-08-05,SPY,273.5866766498282,283.5371283289824
2024-08-06,SPY,271.61377578681,282.4305339888373
2024-08-07,SPY,276.8320099367295,281.54753539314225
2024-08-08,SPY,271.9994792670751,281.10443260915764
2024-08-09,SPY,272.52644689640044,280.60148611020117
2024-08-12,SPY,272.6507887351433,280.0494176962488
2024-08-13,SPY,274.38688173571063,279.500551533206
2024-08-14,SPY,273.3315767473853,278.99312164932303
2024-08-15,SPY,274.7508315116936,278.17662080592976
2024-08-16,SPY,277.04669982298515,277.5479779752925
2024-08-19,SPY,276.6937873977406,277.1530273967328
2024-08-20,SPY,275.4830438698728,276.45751559787317
2024-08-21,SPY,275.0249477964531,275.64882333469734
2024-08-22,SPY,272.4262077996142,274.9278978855242
2024-08-23,SPY,271.9147468715096,274.36774425512124
2024-08-26,SPY,271.1480952081831,273.9953452183077
2024-08-27,SPY,271.7723976782618,273.92326251985526
2024-08-28,SPY,275.45800853341046,273.87035519779795
2024-08-29,SPY,279.11531349547425,273.99297711927585
2024-08-30,SPY,277.9281075461698,274.16019223147384
2024-09-02,SPY,279.65951560179514,274.2844911643225
2024-09-03,SPY,280.54025999179794,274.5881331119209
2024-09-04,SPY,282.7329177275724,275.03445732217034
2024-09-05,SPY,282.8501417272186,275.32950271171245
2024-09-06,SPY,283.65836619533286,275.8720358347196
2024-09-09,SPY,282.38522116974855,276.4286317996662
2024-09-10,SPY,280.22620673059174,276.9153534213965
2024-09-11,SPY,282.7260181105913,277.20731967114057
2024-09-12,SPY,286.45470526524474,277.6770417393008
2024-09-13,SPY,288.40906505349784,278.26223542697846
2024-09-16,SPY,289.7236470072301,278.83035368850403
2024-09-17,SPY,290.5528871285411,279.4818466689785
2024-09-18,SPY,289.3032242630354,280.2353388319119
2024-09-19,SPY,284.20250297839783,280.949252655241
2024-09-20,SPY,286.1448718688196,281.53806741418026
2024-09-23,SPY,286.77235187309765,282.2495736640457
2024-09-24,SPY,285.2404085402247,283.03078649729144
2024-09-25,SPY,282.5456930335593,283.7041870403896
2024-09-26,SPY,286.21276279829965,284.05857126539706
2024-09-27,SPY,281.10595416404465,284.4134437305383
2024-09-30,SPY,286.1148094280705,284.5723360614321
2024-10-01,SPY,288.0020603306152,284.8951007527458
2024-10-02,SPY,294.8873619674864,285.26819076968667
2024-10-03,SPY,292.8297461004777,285.87591298168235
2024-10-04,SPY,292.82451042704093,286.37489320034535
2024-10-07,SPY,291.3996986965531,286.83320041193076
2024-10-08,SPY,291.910154210614,287.283924288271
2024-10-09,SPY,291.3556606721714,287.8681216622721
2024-10-10,SPY,289.2332669405859,288.2996037903511
2024-10-11,SPY,292.39994527894464,288.43853187411815
2024-10-14,SPY,290.1634323749304,288.63807588539055
2024-10-15,SPY,288.7480598710094,288.6600651537755
2024-10-16,SPY,290.40711357645677,288.5698237908989
2024-10-17,SPY,288.90398844909646,288.62501825657
2024-10-18,SPY,287.70616715988865,288.8600925301049
2024-10-21,SPY,288.7878462685314,288.93815729465837
2024-10-22,SPY,287.7833395690442,289.0389320144301
2024-10-23,SPY,284.25351353140246,289.16607856587103
2024-10-24,SPY,284.0196617885414,289.2514695907632
2024-10-25,SPY,283.45214245258296,289.1418145402753
2024-10-28,SPY,288.3410546178994,289.2591239547022
2024-10-29,SPY,285.2356200224422,289.37043621419366
2024-10-30,SPY,288.05766203800397,289.232114198785
2024-10-31,SPY,285.8512840832873,288.8906292023109
2024-11-01,SPY,284.89097655034544,288.5417061014514
2024-11-04,SPY,284.01713889553486,288.14502940761656
2024-11-05,SPY,284.84225850830126,287.77590141756565
2024-11-06,SPY,287.35868119541897,287.42250663245
2024-11-07,SPY,292.44461421281824,287.2226576586124
2024-11-08,SPY,290.64184171752663,287.383225022224
2024-11-11,SPY,294.5653829953048,287.2953198441531
2024-11-12,SPY,297.556326939908,287.5154173751718
2024-11-13,SPY,300.0336701227437,287.9558307286168
2024-11-14,SPY,297.8154428769125,288.4371585559311
2024-11-15,SPY,300.55729820135195,288.88273127732197
2024-11-18,SPY,300.29466593518964,289.5252878293951
2024-11-19,SPY,301.41573121676953,290.10062881272796
2024-11-20,SPY,300.66489387047295,290.78224839511427
2024-11-21,SPY,302.721786108385,291.6028174120678
2024-11-22,SPY,306.1577413686272,292.53792362805996
2024-11-25,SPY,309.6816298622664,293.67320357386217
2024-11-26,SPY,309.1079435394008,294.7402323360805
2024-11-27,SPY,312.2466173667279,295.93384851192843
2024-11-28,SPY,316.84301899188415,297.14329627836463
2024-11-29,SPY,313.9428378739923,298.6928830237945
2024-12-02,SPY,318.62764868000147,300.1454760899768
2024-12-03,SPY,314.4366712677832,301.87600157920014
2024-12-04,SPY,316.2061351114675,303.3557222171743
2024-12-05,SPY,318.14754464118835,304.7980949129767
2024-12-06,SPY,322.92879782888383,306.08324143439523
2024-12-09,SPY,323.893568386544,307.6975892399631
2024-12-10,SPY,322.4014705908628,309.163998509525
2024-12-11,SPY,319.89699779047913,310.40625569207276
2024-12-12,SPY,315.9585159357643,311.39942207545954
2024-12-13,SPY,318.44180833543203,312.3065757284021
2024-12-16,SPY,317.7510115252376,313.2008012351061
2024-12-17,SPY,315.5342206971255,314.07361851460854
2024-12-18,SPY,317.2758664461686,314.7795429886263
2024-12-19,SPY,314.91244047322647,315.61009161741106
2024-12-20,SPY,313.59973614385837,316.2196243356532
2024-12-23,SPY,312.2249799955865,316.59172407441474
2024-12-24,SPY,317.45264292822486,316.71889158108075
2024-12-25,SPY,322.1597362806891,317.1361265505219
2024-12-26,SPY,321.71529200855065,317.63178249622
2024-12-27,SPY,316.724792588387,317.8753961470533
2024-12-30,SPY,317.66403753585405,318.0144938827731
2024-12-31,SPY,317.9557906708457,317.9663133255657
2025-01-01,SPY,319.1287708026618,318.14226929571885
2025-01-02,SPY,320.9972176309118,318.2884010802785
2025-01-03,SPY,320.032717723403,318.43088472976467
2025-01-06,SPY,323.05727018672894,318.28608072449066
2025-01-07,SPY,325.8256151081244,318.2442658144999
2025-01-08,SPY,326.57695491949767,318.415473040363
2025-01-09,SPY,325.3154387407604,318.74947089681393
2025-01-10,SPY,323.81684091288076,319.2173170370637
2025-01-13,SPY,326.1244215710523,319.48606866593616
2025-01-14,SPY,322.60377873188946,319.9047391682269
2025-01-15,SPY,322.1534978019395,320.2582170699651
2025-01-16,SPY,319.80178483975044,320.50209863775365
2025-01-17,SPY,315.4095247759881,320.7465658560799
2025-01-20,SPY,317.3767196365574,320.8370552876863
2025-01-21,SPY,317.35861917158667,321.0946422697349
2025-01-22,SPY,317.53580135717795,321.08994108190296
2025-01-23,SPY,320.37572491908276,320.8587443357274
2025-01-24,SPY,315.6534918150896,320.791765981254
2025-01-27,SPY,315.5049161447796,320.7382009425891
2025-01-28,SPY,316.47873636139633,320.6302448730354
2025-01-29,SPY,319.1761106156619,320.5563921575629
2025-01-30,SPY,315.77703108733255,320.55875914821297
2025-01-31,SPY,318.10073483033113,320.297749821034
2025-02-03,SPY,318.8625091063401,320.2011506763804
2025-02-04,SPY,323.24946814708494,319.991412622361
2025-02-05,SPY,326.9951885649335,319.862605274309
2025-02-06,SPY,328.85786023302967,319.88351695658076
2025-02-07,SPY,335.9890618897103,320.06063803119423
2025-02-10,SPY,336.05200307145657,320.6692490800357
2025-02-11,SPY,334.69288243665596,321.1656281550559
2025-02-12,SPY,333.61938961446333,321.77008334029426
2025-02-13,SPY,330.5485931422251,322.3433779309204
2025-02-14,SPY,330.51958930957085,322.88071834604415
2025-02-17,SPY,324.37725236860655,323.6362215727233
2025-02-18,SPY,324.16812483522824,323.98624820932577
2025-02-19,SPY,325.6133976396261,324.3267234925079
2025-02-20,SPY,328.9061653282466,324.73060330663026
2025-02-21,SPY,327.82958098200595,325.15712532708847
2025-02-24,SPY,332.4479426780133,325.76592978543425
2025-02-25,SPY,330.3492568777652,326.6130811120959
2025-02-26,SPY,329.97068222540076,327.3066071379144
2025-02-27,SPY,323.84089199705807,327.84633571840135
2025-02-28,SPY,321.44060405411045,328.2495287638876
2025-03-03,SPY,318.9608474519745,328.41652222507656
2025-03-04,SPY,323.6775983611969,328.4214391423583
2025-03-05,SPY,325.4188721817556,328.4428456530639
2025-03-06,SPY,321.97485775129536,328.36402983390497
2025-03-07,SPY,323.717204765686,328.01987970981827
2025-03-10,SPY,325.30413341694447,327.406286853617
2025-03-11,SPY,324.6273199976139,326.86889337089144
2025-03-12,SPY,324.76486676231303,326.3656152489394
2025-03-13,SPY,323.8617780094415,325.92288910633187
2025-03-14,SPY,322.2111118457802,325.58854834969264
2025-03-17,SPY,316.69796370615353,325.1731244765032
2025-03-18,SPY,316.4813611749161,324.7891600433805
2025-03-19,SPY,320.5142988260689,324.40482186036485
2025-03-20,SPY,325.06046886253876,324.14986691968704
2025-03-21,SPY,324.2410059138955,323.9575820964016
2025-03-24,SPY,321.941199440398,323.77815334299606
2025-03-25,SPY,321.3405233664933,323.2528161811153
2025-03-26,SPY,324.22104979017877,322.80237950555176
2025-03-27,SPY,325.39820387409003,322.51489788379064
2025-03-28,SPY,323.60868926091916,322.5927634776422
2025-03-31,SPY,324.817444435017,322.7011677379827
2025-04-01,SPY,324.22877058416765,322.9939975871348
2025-04-02,SPY,325.9249467134046,323.02155619828335
2025-04-03,SPY,324.6933994308584,323.04685992486577
2025-04-04,SPY,320.0969139743582,323.18278700884395
2025-04-07,SPY,320.3422010133679,323.00177246927757
2025-04-08,SPY,322.78237110936414,322.7536758490987
2025-04-09,SPY,319.36039920466067,322.66142840468626
2025-04-10,SPY,319.089845837709,322.3912050268036
2025-04-11,SPY,321.88518122713634,322.152608418217
2025-04-14,SPY,320.77446898979616,322.13631188728476
2025-04-15,SPY,318.8033371764883,322.34013715146693
2025-04-16,SPY,325.177150670742,322.4562359515456
2025-04-17,SPY,327.8717842584733,322.6893785437792
2025-04-18,SPY,331.2208799184357,322.82994431357594
2025-04-21,SPY,328.2349481801366,323.17893801380296
2025-04-22,SPY,333.5213886180709,323.49362545078986
2025-04-23,SPY,328.2064290987783,324.10266871336876
2025-04-24,SPY,326.6151081705775,324.3019376787987
2025-04-25,SPY,329.0333728848598,324.36278289362315
2025-04-28,SPY,333.36068907793145,324.6340170748201
2025-04-29,SPY,330.4101923816127,325.06117930696587
2025-04-30,SPY,328.341150069177,325.37025039683806
2025-05-01,SPY,329.03453117165816,325.49106056462676
2025-05-02,SPY,322.92606079707446,325.7081171516667
2025-05-05,SPY,324.99848589078294,325.84957449280256
2025-05-06,SPY,326.83325533796767,326.0823887366733
2025-05-07,SPY,325.4767496702647,326.28493294810346
2025-05-08,SPY,327.2429701061804,326.59075047138367
2025-05-09,SPY,329.77720985671385,326.9984066848072
2025-05-12,SPY,330.83420405608024,327.39300811628607
2025-05-13,SPY,332.5788509964944,327.89599486960026
2025-05-14,SPY,337.5348401410499,328.5847705606006
2025-05-15,SPY,336.0368587141222,329.202655034116
2025-05-16,SPY,336.6320115845274,329.6109087568985
2025-05-19,SPY,334.9918791825924,329.881465340203
2025-05-20,SPY,338.42122482452015,330.2193118903258
2025-05-21,SPY,337.1508175075354,330.46430370064826
2025-05-22,SPY,338.76965358655826,330.91152312108613
2025-05-23,SPY,339.28697124298964,331.5192503918852
2025-05-26,SPY,339.57301769686364,332.0319303097917
2025-05-27,SPY,345.291911624094,332.34254674073827
2025-05-28,SPY,345.0765249792357,333.08663270286235
2025-05-29,SPY,349.88380325795146,333.92340144836527
2025-05-30,SPY,352.75328419340997,334.96586505267993
2025-06-02,SPY,357.33182433843086,336.4572262224967
2025-06-03,SPY,356.83272375339754,338.0738931448791
2025-06-04,SPY,360.1092538975464,339.5738665656506
2025-06-05,SPY,362.81642371136587,341.3054917770147
2025-06-06,SPY,360.73305049964677,343.08416445727397
2025-06-09,SPY,361.74496926401997,344.63195648942065
2025-06-10,SPY,361.36721199965496,346.1774947498176
2025-06-11,SPY,361.3147407612104,347.61691279997564
2025-06-12,SPY,365.9337639440619,348.8059078309837
2025-06-13,SPY,363.45866285301526,350.30075309248065
2025-06-16,SPY,357.6226876467843,351.642085655905
2025-06-17,SPY,351.67638955105576,352.77362607911465
2025-06-18,SPY,350.2092751566286,353.4363843154414
2025-06-19,SPY,348.09785025894405,354.0893071978961
2025-06-20,SPY,348.21540195646685,354.5557170315153
2025-06-23,SPY,350.1869669063082,355.0021385671892
2025-06-24,SPY,356.2093749860501,355.53283602766146
2025-06-25,SPY,357.34394502085104,356.07870919575925
2025-06-26,SPY,359.0139597683603,356.69208019784
2025-06-27,SPY,356.54021436549,357.1485880233605
2025-06-30,SPY,358.6088224575751,357.3379345319645
2025-07-01,SPY,363.38224312115545,357.4017844379217
2025-07-02,SPY,368.155641334635,357.72926040630955
2025-07-03,SPY,361.2896588386587,358.131579778164
2025-07-04,SPY,364.46546787454025,358.0552415345286
2025-07-07,SPY,370.10497777355283,358.24186240327333
2025-07-08,SPY,373.1285238292552,358.65986282874997
2025-07-09,SPY,367.8257211756714,359.2479284202299
2025-07-10,SPY,366.8106745885457,359.573477440953
2025-07-11,SPY,368.96039674985417,359.6173229731772
2025-07-14,SPY,370.51166184081677,359.8924096680191
2025-07-15,SPY,367.68858857482206,360.53685837772076
2025-07-16,SPY,364.6078535622579,361.33746832890904
2025-07-17,SPY,368.0740381100091,362.05739724919056
2025-07-18,SPY,363.4164395026765,363.0562066417438
2025-07-21,SPY,368.50916684825677,363.81625851905426
2025-07-22,SPY,368.6541938895889,364.7323685161517
2025-07-23,SPY,369.7956319466491,365.35460946132866
2025-07-24,SPY,365.12004090102977,365.9771938076186
2025-07-25,SPY,363.09800172805245,366.28249786425204
2025-07-28,SPY,365.5796618371773,366.6103872323801
2025-07-29,SPY,360.47590042287766,366.95892920136026
2025-07-30,SPY,367.7332451453675,366.81361206644635
2025-07-31,SPY,362.83856167570866,366.792492256983
2025-08-01,SPY,358.64458905665134,366.86993739883553
2025-08-04,SPY,358.86530076042925,366.57889345794104
2025-08-05,SPY,360.6000028421463,366.0169096072849
2025-08-06,SPY,363.2153169866384,365.39048355792943
2025-08-07,SPY,361.99125833272296,365.1599633484778
2025-08-08,SPY,361.3413436197862,364.9189925356867
2025-08-11,SPY,360.59302449707536,364.53803987918326
2025-08-12,SPY,358.67104205461067,364.04210801199616
2025-08-13,SPY,349.85098743959503,363.5912306859856
2025-08-14,SPY,353.1554614699047,362.85338737985245
2025-08-15,SPY,354.07862130704916,362.1074585478473
2025-08-18,SPY,354.68933325431317,361.6405676380659
2025-08-19,SPY,352.6169375883551,360.94957595836865
2025-08-20,SPY,353.53882081723754,360.147713143307
2025-08-21,SPY,353.5647299125441,359.3348725868364
2025-08-22,SPY,353.3743803503525,358.7571070374121
2025-08-25,SPY,357.1985990357168,358.2709259685272
2025-08-26,SPY,351.35918423713895,357.85187282845413
2025-08-27,SPY,352.2798382968631,357.39603701916724
2025-08-28,SPY,348.74094748545093,356.62336667674197
2025-08-29,SPY,347.7457017138154,355.91848596722906
2025-09-01,SPY,352.82320314659813,355.3735416000873
2025-09-02,SPY,349.21962674175916,355.0714367193957
2025-09-03,SPY,348.9544228796012,354.5024179143764
2025-09-04,SPY,347.0413112159078,353.7893732090245
2025-09-05,SPY,350.2763717676121,353.04187585318374
2025-09-08,SPY,347.05068964644585,352.4886272605751
2025-09-09,SPY,341.51016605133617,351.8115105180436
2025-09-10,SPY,343.26444424442093,350.95346671787985
2025-09-11,SPY,342.1657808392193,350.62413955812116
2025-09-12,SPY,341.18470120293796,350.07465552658687
2025-09-15,SPY,344.7934718148822,349.4299595213813
2025-09-16,SPY,341.92241669572877,348.9351664494098
2025-09-17,SPY,340.76436019146314,348.4004404047784
2025-09-18,SPY,341.3156414069351,347.7617173734897
2025-09-19,SPY,342.7391163790505,347.1492629482093
2025-09-22,SPY,341.1069593300021,346.61749974964414
2025-09-23,SPY,344.56556453238784,345.8129177643584
2025-09-24,SPY,352.0512974058073,345.47323677912084
2025-09-25,SPY,350.7399824808348,345.4618097345681
2025-09-26,SPY,357.1077070171461,345.5617614843373
2025-09-29,SPY,349.9446736219417,346.0298617495038
2025-09-30,SPY,354.74249385557766,345.885935273271
2025-10-01,SPY,353.6410831407382,346.1620786289619
2025-10-02,SPY,354.178141584261,346.39641164201873
2025-10-03,SPY,353.09379002743356,346.75325316043643
2025-10-06,SPY,351.006411908677,346.89412407342746
2025-10-07,SPY,346.77004997571174,347.09191018653905
2025-10-08,SPY,345.52512600480264,347.3549043827578
2025-10-09,SPY,349.8953405445703,347.4679384707769
2025-10-10,SPY,353.79628663896005,347.8544164560445
2025-10-13,SPY,352.6836071086038,348.48499572784556
2025-10-14,SPY,350.9659717941374,348.8795024925317
2025-10-15,SPY,348.67054826167845,349.3316802474521
2025-10-16,SPY,344.7235401746963,349.7269896509629
2025-10-17,SPY,350.7635860674703,349.8973845893509
2025-10-20,SPY,353.06849552006776,350.2986080737719
2025-10-21,SPY,353.5366777616049,350.8966848832752
2025-10-22,SPY,351.9392878436899,351.34524054473604
2025-10-23,SPY,348.5552563013354,351.3396400666302
2025-10-24,SPY,353.0313645917557,351.2304037576552
2025-10-27,SPY,355.7491968930106,351.0265866363857
2025-10-28,SPY,352.56631323556746,351.31681279993916
2025-10-29,SPY,355.9852575144593,351.2080037689386
2025-10-30,SPY,352.27214240327066,351.3252124876247
2025-10-31,SPY,354.51378169311397,351.22991252857514
2025-11-03,SPY,351.31405999904575,351.3009121118592
2025-11-04,SPY,349.98624208296906,351.31629451637764
2025-11-05,SPY,351.7195520047587,351.47710412174047
2025-11-06,SPY,353.2496905605427,351.7868254217383
2025-11-07,SPY,356.7508691767462,351.9545429225369
2025-11-10,SPY,353.9558679584454,352.10227204942623
2025-11-11,SPY,359.39161688018163,352.1658850919183
2025-11-12,SPY,364.10247829071784,352.58716734622055
2025-11-13,SPY,364.1396389089744,353.3587638476725
2025-11-14,SPY,365.83877654558887,354.3295687843864
2025-11-17,SPY,363.1789514163046,355.0833283082923
2025-11-18,SPY,362.720309415686,355.58885110310416
2025-11-19,SPY,358.1938110106304,356.0480326858082
2025-11-20,SPY,358.57189860383244,356.3607588441552
2025-11-21,SPY,359.3299589659272,356.8615909592801
2025-11-24,SPY,364.0369484084244,357.17652067798866
2025-11-25,SPY,367.4219989102885,357.5909082537593
2025-11-26,SPY,370.3695740888571,358.3336925374954
2025-11-27,SPY,369.15691540490735,359.0529083662153
2025-11-28,SPY,368.43418311342947,359.89714701629714
2025-12-01,SPY,367.30222868919594,360.59316708731296
2025-12-02,SPY,368.1595370558724,361.3925755218204
2025-12-03,SPY,361.4100813035144,362.3012402704656
2025-12-04,SPY,364.15732450089433,362.7857667354034
2025-12-05,SPY,358.7519713940863,363.33114843242095
2025-12-08,SPY,357.0490485412755,363.43120354328795
2025-12-09,SPY,357.1968188637856,363.58586257242945
2025-12-10,SPY,355.5074393943987,363.4761226716097
2025-12-11,SPY,361.25396552575,363.0463707267937
2025-12-12,SPY,360.98729254430475,362.90208705763246
2025-12-15,SPY,366.50621457953355,362.6595128575683
2025-12-16,SPY,370.7094944148618,362.8258760157297
2025-12-17,SPY,369.0151495557674,363.2253352656885
2025-12-18,SPY,370.5090851443215,363.76640219294535
2025-12-19,SPY,375.2012796958753,364.3632615199698
2025-12-22,SPY,374.07662193343873,365.1568275564672
2025-12-23,SPY,374.4686033773183,365.65881123271794
2025-12-24,SPY,372.5372591588651,366.0111414560694
2025-12-25,SPY,372.8216864095047,366.1195257095698
2025-12-26,SPY,371.6298677180085,366.3027642597997
2025-12-29,SPY,371.99904234968847,366.4625484900286
2025-12-30,SPY,375.6516796637459,366.69738917305324
2025-12-31,SPY,380.74984338740126,367.07199630344695
