step,price,portfolio_value,position,action_dir,reward,weight_dqn,weight_ppo,weight_a2c
0,0.0,100000.0,0.0,2,0.0,1.0,1.093271e-19,0.0
0,0.0,100000.0,0.0,1,0.0,1.0,1.0925373e-19,0.0
0,0.0,100000.0,0.0,0,0.0,1.0,1.0936881e-19,0.0
0,0.0,100000.0,0.0,2,0.0,1.0,1.0955923e-19,0.0
0,0.0,100000.0,0.0,1,0.0,1.0,1.0938216e-19,0.0
0,0.0,100000.0,0.0,1,0.0,1.0,1.0860881e-19,0.0
0,0.0,100000.0,0.0,0,0.0,1.0,1.0895573e-19,0.0
0,0.0,100000.0,0.0,0,0.0,1.0,1.0968301e-19,0.0
0,0.0,100000.0,0.0,1,0.0,1.0,1.0984211e-19,0.0
0,0.0,100000.0,0.0,0,0.0,1.0,1.1128623e-19,0.0
0,0.0,100000.0,0.0,0,0.0,1.0,1.1183607e-19,0.0
0,0.0,100000.0,0.0,0,0.0,1.0,1.1032251e-19,0.0
0,0.0,100000.0,0.0,1,0.0,1.0,1.1130321e-19,0.0
0,0.0,100000.0,0.0,1,0.0,1.0,1.1112163e-19,0.0
0,0.0,100000.0,0.0,2,0.0,1.0,1.0990918e-19,0.0
0,0.0,100000.0,0.0,1,0.0,1.0,1.0782118e-19,0.0
0,0.0,100000.0,0.0,1,0.0,1.0,1.1106739e-19,0.0
0,0.0,99989.60390792487,1.0,2,-0.0027367414043324816,1.0,1.0498495e-19,0.0
0,0.0,99981.81424620407,0.25,1,-0.00205060609342514,1.0,1.0590689e-19,0.0
0,0.0,99981.81424620407,0.25,2,0.0,1.0,1.0879956e-19,0.0
0,0.0,99981.81424620407,0.25,2,0.0,1.0,1.046922e-19,0.0
0,0.0,99981.81424620407,0.25,1,0.0,1.0,9.779553e-20,0.0
0,0.0,99981.81424620407,0.25,2,0.0,1.0,1.02631245e-19,0.0
0,0.0,99981.81424620407,0.25,1,0.0,1.0,1.0001086e-19,0.0
0,0.0,99974.02462642724,1.0,1,-0.002050595051794146,1.0,9.579138e-20,0.0
0,0.0,99974.02462642724,1.0,1,0.0,1.0,9.470572e-20,0.0
0,0.0,99974.02462642724,1.0,2,0.0,1.0,9.6308736e-20,0.0
0,0.0,99974.02462642724,1.0,2,0.0,1.0,9.5432486e-20,0.0
0,0.0,99963.6337293262,0.0,1,-0.0027353738423121624,1.0,9.804056e-20,0.0
0,0.0,99963.6337293262,0.0,0,0.0,1.0,1.0118821e-19,0.0
0,0.0,99963.6337293262,0.0,2,0.0,1.0,1.0005207e-19,0.0
0,0.0,99963.6337293262,0.0,2,0.0,1.0,9.8407765e-20,0.0
0,0.0,99963.6337293262,0.0,1,0.0,1.0,9.6727e-20,0.0
0,0.0,99963.6337293262,0.0,2,0.0,1.0,9.651175e-20,0.0
0,0.0,99963.6337293262,0.0,1,0.0,1.0,9.9178077e-20,0.0
0,0.0,99963.6337293262,0.0,2,0.0,1.0,9.980201e-20,0.0
0,0.0,99962.59774230618,-0.1,0,-0.0002727206099704204,1.0,9.918261e-20,0.0
0,0.0,99962.59774230618,-0.1,1,0.0,1.0,1.00818324e-19,0.0
0,0.0,99962.59774230618,-0.1,2,0.0,1.0,9.6504383e-20,0.0
0,0.0,99962.59774230618,-0.1,1,0.0,1.0,9.427318e-20,0.0
0,0.0,99957.40631097734,0.4,0,-0.001366629399078424,1.0,9.473751e-20,0.0
0,0.0,99957.40631097734,0.4,0,0.0,1.0,9.0042616e-20,0.0
0,0.0,99957.40631097734,0.4,1,0.0,1.0,8.987652e-20,0.0
0,0.0,99957.40631097734,0.4,2,0.0,1.0,9.4772215e-20,0.0
0,0.0,99953.57256791374,-0.35,0,-0.0010092218595133952,1.0,1.0226545e-19,0.0
0,0.0,99953.57256791374,-0.35,1,0.0,1.0,9.940078e-20,0.0
0,0.0,99953.57256791374,-0.35,1,0.0,1.0,9.529861e-20,0.0
0,0.0,99953.57256791374,-0.35,2,0.0,1.0,1.00087193e-19,0.0
0,0.0,99946.832727374,-1.0,2,-0.0017742436802609127,1.0,9.903139e-20,0.0
0,0.0,99946.832727374,-1.0,0,0.0,1.0,9.7952344e-20,0.0
0,0.0,99946.832727374,-1.0,1,0.0,1.0,1.0135201e-19,0.0
0,0.0,99938.93349845205,-0.25,0,-0.0020794493446929206,1.0,1.0432543e-19,0.0
0,0.0,99938.93349845205,-0.25,0,0.0,1.0,1.0270174e-19,0.0
0,0.0,99938.93349845205,-0.25,2,0.0,1.0,1.04604375e-19,0.0
0,0.0,99938.93349845205,-0.25,1,0.0,1.0,9.892567e-20,0.0
0,0.0,99938.93349845205,-0.25,2,0.0,1.0,1.0038391e-19,0.0
0,0.0,99938.93349845205,-0.25,2,0.0,1.0,8.748562e-20,0.0
0,0.0,99938.93349845205,-0.25,1,0.0,1.0,8.645319e-20,0.0
0,0.0,99938.93349845205,-0.25,0,0.0,1.0,9.049025e-20,0.0
0,0.0,99938.93349845205,-0.25,0,0.0,1.0,8.4481436e-20,0.0
0,0.0,99938.93349845205,-0.25,0,0.0,1.0,8.538212e-20,0.0
0,0.0,99938.93349845205,-0.25,0,0.0,1.0,8.396481e-20,0.0
0,0.0,99938.93349845205,-0.25,1,0.0,1.0,8.314122e-20,0.0
0,0.0,99938.93349845205,-0.25,1,0.0,1.0,7.948658e-20,0.0
0,0.0,99938.93349845205,-0.25,1,0.0,1.0,8.002448e-20,0.0
0,0.0,99938.93349845205,-0.25,0,0.0,1.0,8.086284e-20,0.0
0,0.0,99938.93349845205,-0.25,2,0.0,1.0,8.272994e-20,0.0
0,0.0,99938.93349845205,-0.25,2,0.0,1.0,8.428058e-20,0.0
0,0.0,99938.93349845205,-0.25,1,0.0,1.0,8.8249845e-20,0.0
0,0.0,99938.93349845205,-0.25,2,0.0,1.0,9.196156e-20,0.0
0,0.0,99938.93349845205,-0.25,0,0.0,1.0,8.5992714e-20,0.0
0,0.0,99938.93349845205,-0.25,2,0.0,1.0,8.421245e-20,0.0
0,0.0,99938.93349845205,-0.25,1,0.0,1.0,8.2401115e-20,0.0
0,0.0,99938.73427970205,-0.25,2,-5.244376422452031e-05,1.0,8.83981e-20,0.0
0,0.0,99938.73427970205,-0.25,2,0.0,1.0,8.9367805e-20,0.0
0,0.0,99933.54938979828,-0.75,1,-0.0013649073877008509,1.0,8.121154e-20,0.0
0,0.0,99933.54938979828,-0.75,2,0.0,1.0,1.04743335e-19,0.0
0,0.0,99930.95848978312,-1.0,2,-0.0006820469936905473,1.0,8.881452e-20,0.0
0,0.0,99930.95848978312,-1.0,2,0.0,1.0,8.865881e-20,0.0
0,0.0,99930.95848978312,-1.0,2,0.0,1.0,9.356238e-20,0.0
0,0.0,99930.95848978312,-1.0,0,0.0,1.0,8.6026835e-20,0.0
0,0.0,99930.95848978312,-1.0,1,0.0,1.0,9.259236e-20,0.0
0,0.0,99930.95848978312,-1.0,2,0.0,1.0,7.714926e-20,0.0
0,0.0,99930.95848978312,-1.0,0,0.0,1.0,8.887688e-20,0.0
0,0.0,99930.35692728312,-1.0,1,-0.00015835960177600252,1.0,8.5481193e-20,0.0
0,0.0,99930.35692728312,-1.0,2,0.0,1.0,7.373663e-20,0.0
0,0.0,99930.35692728312,-1.0,1,0.0,1.0,7.3038995e-20,0.0
0,0.0,99930.35692728312,-1.0,2,0.0,1.0,8.510117e-20,0.0
0,0.0,99930.35692728312,-1.0,1,0.0,1.0,7.38729e-20,0.0
0,0.0,99929.61632706378,-0.9340000003576279,2,-0.00019496088238678025,1.0,7.907286e-20,0.0
0,0.0,99929.61632706378,-0.9340000003576279,0,0.0,1.0,7.8927e-20,0.0
0,0.0,99929.1493270636,-0.9340000003576279,1,-0.0001229364098621674,1.0,8.491957e-20,0.0
0,0.0,99929.1493270636,-0.9340000003576279,2,0.0,1.0,8.3095566e-20,0.0
0,0.0,99929.1493270636,-0.9340000003576279,2,0.0,1.0,8.095296e-20,0.0
0,0.0,99929.1493270636,-0.9340000003576279,0,0.0,1.0,8.607673e-20,0.0
0,0.0,99929.1493270636,-0.9340000003576279,2,0.0,1.0,7.177728e-20,0.0
0,0.0,99929.1493270636,-0.9340000003576279,2,0.0,1.0,6.562977e-20,0.0
0,0.0,99929.1493270636,-0.9340000003576279,2,0.0,1.0,6.6634814e-20,0.0
0,0.0,99929.1493270636,-0.9340000003576279,2,0.0,1.0,6.58987e-20,0.0
0,0.0,99929.1493270636,-0.9340000003576279,2,0.0,1.0,6.666431e-20,0.0
0,0.0,99929.05446768856,-0.9340000003576279,1,-2.4971458253252753e-05,1.0,6.0980756e-20,0.0
0,0.0,99926.4441252438,-0.6840000003576279,0,-0.000687165157488926,1.0,6.679769e-20,0.0
0,0.0,99926.4441252438,-0.6840000003576279,1,0.0,1.0,5.924272e-20,0.0
0,0.0,99926.4441252438,-0.6840000003576279,2,0.0,1.0,7.033208e-20,0.0
0,0.0,99923.85316356432,-0.9340000003576279,1,-0.0006820632266465766,1.0,6.96029e-20,0.0
0,0.0,99923.85316356432,-0.9340000003576279,1,0.0,1.0,6.408794e-20,0.0
0,0.0,99923.85316356432,-0.9340000003576279,1,0.0,1.0,6.2364035e-20,0.0
0,0.0,99923.85316356432,-0.9340000003576279,0,0.0,1.0,6.156885e-20,0.0
0,0.0,99923.85316356432,-0.9340000003576279,0,0.0,1.0,7.2456227e-20,0.0
0,0.0,99923.85316356432,-0.9340000003576279,2,0.0,1.0,7.4041046e-20,0.0
0,0.0,99922.20293550122,-1.0,2,-0.00043441780182677716,1.0,8.1545565e-20,0.0
0,0.0,99922.20293550122,-1.0,2,0.0,1.0,8.185473e-20,0.0
0,0.0,99922.20293550122,-1.0,0,0.0,1.0,8.275393e-20,0.0
0,0.0,99922.20293550122,-1.0,1,0.0,1.0,8.7173805e-20,0.0
0,0.0,99922.20293550122,-1.0,0,0.0,1.0,8.094925e-20,0.0
0,0.0,99922.20293550122,-1.0,2,0.0,1.0,7.410886e-20,0.0
0,0.0,99922.20293550122,-1.0,2,0.0,1.0,8.163147e-20,0.0
0,0.0,99922.20293550122,-1.0,2,0.0,1.0,6.7992624e-20,0.0
0,0.0,99922.20293550122,-1.0,1,0.0,1.0,6.615965e-20,0.0
0,0.0,99922.20293550122,-1.0,0,0.0,1.0,6.746659e-20,0.0
0,0.0,99922.20293550122,-1.0,1,0.0,1.0,6.601746e-20,0.0
0,0.0,99917.0078146449,-0.5,2,-0.001367600656600077,1.0,6.719741e-20,0.0
0,0.0,99917.0078146449,-0.5,0,0.0,1.0,6.7161534e-20,0.0
0,0.0,99917.0078146449,-0.5,2,0.0,1.0,7.19187e-20,0.0
0,0.0,99917.0078146449,-0.5,1,0.0,1.0,7.4671875e-20,0.0
0,0.0,99914.41337730784,-0.25,2,-0.0006829781835293479,1.0,7.1246966e-20,0.0
0,0.0,99914.41337730784,-0.25,1,0.0,1.0,8.3777964e-20,0.0
0,0.0,99914.41337730784,-0.25,2,0.0,1.0,7.913925e-20,0.0
0,0.0,99914.41337730784,-0.25,1,0.0,1.0,8.5206414e-20,0.0
0,0.0,99914.41337730784,-0.25,0,0.0,1.0,8.864663e-20,0.0
0,0.0,99914.41337730784,-0.25,1,0.0,1.0,8.944966e-20,0.0
0,0.0,99914.41337730784,-0.25,2,0.0,1.0,9.887888e-20,0.0
0,0.0,99914.41337730784,-0.25,1,0.0,1.0,9.878689e-20,0.0
0,0.0,99914.41337730784,-0.25,1,0.0,1.0,9.7264246e-20,0.0
0,0.0,99914.41337730784,-0.25,1,0.0,1.0,7.949507e-20,0.0
0,0.0,99914.41337730784,-0.25,1,0.0,1.0,7.5898726e-20,0.0
0,0.0,99914.41337730784,-0.25,2,0.0,1.0,7.435466e-20,0.0
0,0.0,99914.41337730784,-0.25,0,0.0,1.0,7.4550053e-20,0.0
0,0.0,99914.41337730784,-0.25,1,0.0,1.0,6.95806e-20,0.0
0,0.0,99914.41337730784,-0.25,2,0.0,1.0,6.473563e-20,0.0
0,0.0,99906.49629330361,-1.0,1,-0.0020841496438616844,1.0,6.8809846e-20,0.0
0,0.0,99905.45947993918,-0.9,0,-0.00027293814276700316,1.0,8.033524e-20,0.0
0,0.0,99905.45947993918,-0.9,0,0.0,1.0,7.857732e-20,0.0
0,0.0,99905.45947993918,-0.9,2,0.0,1.0,8.006479e-20,0.0
0,0.0,99905.45947993918,-0.9,1,0.0,1.0,7.3170626e-20,0.0
0,0.0,99905.45947993918,-0.9,2,0.0,1.0,7.259899e-20,0.0
0,0.0,99905.45947993918,-0.9,1,0.0,1.0,7.2705415e-20,0.0
0,0.0,99905.45947993918,-0.9,1,0.0,1.0,8.6045214e-20,0.0
0,0.0,99905.45947993918,-0.9,0,0.0,1.0,8.673066e-20,0.0
0,0.0,99905.45947993918,-0.9,2,0.0,1.0,9.261073e-20,0.0
0,0.0,99905.45947993918,-0.9,2,0.0,1.0,9.1769524e-20,0.0
0,0.0,99904.42069445607,-1.0,2,-0.0002734572973470999,1.0,9.784926e-20,0.0
0,0.0,99904.42069445607,-1.0,1,0.0,1.0,8.615426e-20,0.0
0,0.0,99904.42069445607,-1.0,2,0.0,1.0,8.706082e-20,0.0
0,0.0,99904.42069445607,-1.0,2,0.0,1.0,7.95776e-20,0.0
0,0.0,99904.42069445607,-1.0,0,0.0,1.0,7.5575143e-20,0.0
0,0.0,99904.42069445607,-1.0,1,0.0,1.0,8.724833e-20,0.0
0,0.0,99904.42069445607,-1.0,1,0.0,1.0,8.6962564e-20,0.0
0,0.0,99904.42069445607,-1.0,2,0.0,1.0,9.20781e-20,0.0
0,0.0,99904.42069445607,-1.0,0,0.0,1.0,8.267189e-20,0.0
0,0.0,99904.42069445607,-1.0,1,0.0,1.0,9.500823e-20,0.0
0,0.0,99904.42069445607,-1.0,0,0.0,1.0,9.4958945e-20,0.0
0,0.0,99904.42069445607,-1.0,0,0.0,1.0,8.9496076e-20,0.0
0,0.0,99904.42069445607,-1.0,2,0.0,1.0,9.1187454e-20,0.0
0,0.0,99904.42069445607,-1.0,2,0.0,1.0,9.256552e-20,0.0
0,0.0,99904.42069445607,-1.0,2,0.0,1.0,9.0589725e-20,0.0
0,0.0,99904.42069445607,-1.0,1,0.0,1.0,9.687618e-20,0.0
0,0.0,99904.42069445607,-1.0,0,0.0,1.0,8.834146e-20,0.0
0,0.0,99904.42069445607,-1.0,0,0.0,1.0,9.0976206e-20,0.0
0,0.0,99904.42069445607,-1.0,2,0.0,1.0,9.0049486e-20,0.0
0,0.0,99904.42069445607,-1.0,2,0.0,1.0,8.5313095e-20,0.0
0,0.0,99904.42069445607,-1.0,2,0.0,1.0,8.3186905e-20,0.0
0,0.0,99904.42069445607,-1.0,1,0.0,1.0,9.2418744e-20,0.0
0,0.0,99904.42069445607,-1.0,1,0.0,1.0,9.293632e-20,0.0
0,0.0,99904.42069445607,-1.0,0,0.0,1.0,1.0153466e-19,0.0
0,0.0,99904.42069445607,-1.0,1,0.0,1.0,1.04150466e-19,0.0
0,0.0,99904.42069445607,-1.0,1,0.0,1.0,1.0699027e-19,0.0
0,0.0,99904.42069445607,-1.0,1,0.0,1.0,1.01046264e-19,0.0
0,0.0,99904.42069445607,-1.0,2,0.0,1.0,9.715152e-20,0.0
0,0.0,99904.42069445607,-1.0,0,0.0,1.0,9.478378e-20,0.0
0,0.0,99904.42069445607,-1.0,2,0.0,1.0,8.861282e-20,0.0
0,0.0,99904.42069445607,-1.0,1,0.0,1.0,9.230036e-20,0.0
0,0.0,99904.42069445607,-1.0,1,0.0,1.0,9.081255e-20,0.0
0,0.0,99904.42069445607,-1.0,1,0.0,1.0,8.654558e-20,0.0
0,0.0,99904.42069445607,-1.0,1,0.0,1.0,8.505573e-20,0.0
0,0.0,99904.42069445607,-1.0,0,0.0,1.0,9.2815856e-20,0.0
0,0.0,99904.42069445607,-1.0,0,0.0,1.0,8.921929e-20,0.0
0,0.0,99904.42069445607,-1.0,1,0.0,1.0,9.077099e-20,0.0
0,0.0,99904.42069445607,-1.0,2,0.0,1.0,8.943738e-20,0.0
0,0.0,99904.42069445607,-1.0,1,0.0,1.0,9.3258785e-20,0.0
0,0.0,99904.42069445607,-1.0,0,0.0,1.0,9.7463325e-20,0.0
0,0.0,99904.42069445607,-1.0,2,0.0,1.0,9.7810456e-20,0.0
0,0.0,99904.42069445607,-1.0,1,0.0,1.0,9.488508e-20,0.0
0,0.0,99904.42069445607,-1.0,2,0.0,1.0,9.160863e-20,0.0
0,0.0,99904.42069445607,-1.0,2,0.0,1.0,9.322606e-20,0.0
0,0.0,99904.42069445607,-1.0,1,0.0,1.0,9.198542e-20,0.0
0,0.0,99904.42069445607,-1.0,2,0.0,1.0,9.221168e-20,0.0
0,0.0,99904.42069445607,-1.0,1,0.0,1.0,9.5521357e-20,0.0
0,0.0,99896.62121926852,-0.25,1,-0.0020531894603845365,1.0,9.5122824e-20,0.0
0,0.0,99896.62121926852,-0.25,2,0.0,1.0,9.645433e-20,0.0
0,0.0,99896.62121926852,-0.25,1,0.0,1.0,9.65309e-20,0.0
0,0.0,99896.62121926852,-0.25,1,0.0,1.0,9.719304e-20,0.0
0,0.0,99896.62121926852,-0.25,0,0.0,1.0,9.587912e-20,0.0
0,0.0,99896.62121926852,-0.25,2,0.0,1.0,9.345109e-20,0.0
0,0.0,99896.62121926852,-0.25,0,0.0,1.0,9.2725266e-20,0.0
0,0.0,99896.62121926852,-0.25,1,0.0,1.0,9.255281e-20,0.0
0,0.0,99896.62121926852,-0.25,2,0.0,1.0,9.3813985e-20,0.0
0,0.0,99896.62121926852,-0.25,2,0.0,1.0,9.134482e-20,0.0
0,0.0,99896.62121926852,-0.25,1,0.0,1.0,9.301293e-20,0.0
0,0.0,99896.62121926852,-0.25,1,0.0,1.0,9.300725e-20,0.0
0,0.0,99896.62121926852,-0.25,0,0.0,1.0,9.3706684e-20,0.0
0,0.0,99896.62121926852,-0.25,1,0.0,1.0,9.220183e-20,0.0
0,0.0,99896.62121926852,-0.25,1,0.0,1.0,9.292923e-20,0.0
0,0.0,99896.62121926852,-0.25,1,0.0,1.0,9.366523e-20,0.0
0,0.0,99896.62121926852,-0.25,0,0.0,1.0,9.3716694e-20,0.0
0,0.0,99896.62121926852,-0.25,0,0.0,1.0,9.5425203e-20,0.0
0,0.0,99896.62121926852,-0.25,2,0.0,1.0,9.589082e-20,0.0
0,0.0,99896.62121926852,-0.25,1,0.0,1.0,9.35738e-20,0.0
0,0.0,99896.62121926852,-0.25,1,0.0,1.0,9.400026e-20,0.0
0,0.0,99896.62121926852,-0.25,1,0.0,1.0,9.4340815e-20,0.0
0,0.0,99896.62121926852,-0.25,2,0.0,1.0,9.3056934e-20,0.0
0,0.0,99888.71564682,-1.0,2,-0.002081119259859698,1.0,9.770604e-20,0.0
0,0.0,99888.71564682,-1.0,2,0.0,1.0,9.498213e-20,0.0
0,0.0,99888.71564682,-1.0,2,0.0,1.0,9.304416e-20,0.0
0,0.0,99888.71564682,-1.0,1,0.0,1.0,9.514314e-20,0.0
0,0.0,99888.71564682,-1.0,2,0.0,1.0,9.0851353e-20,0.0
0,0.0,99888.71564682,-1.0,2,0.0,1.0,8.9729903e-20,0.0
0,0.0,99888.71564682,-1.0,0,0.0,1.0,9.4604614e-20,0.0
0,0.0,99888.71564682,-1.0,1,0.0,1.0,9.541356e-20,0.0
0,0.0,99888.71564682,-1.0,2,0.0,1.0,9.439121e-20,0.0
0,0.0,99888.71564682,-1.0,1,0.0,1.0,9.9244684e-20,0.0
0,0.0,99888.71564682,-1.0,0,0.0,1.0,1.0772744e-19,0.0
0,0.0,99888.71564682,-1.0,2,0.0,1.0,1.0442736e-19,0.0
0,0.0,99888.71564682,-1.0,1,0.0,1.0,1.02813064e-19,0.0
0,0.0,99888.71564682,-1.0,1,0.0,1.0,1.03913944e-19,0.0
0,0.0,99888.71564682,-1.0,2,0.0,1.0,1.049353e-19,0.0
0,0.0,99888.71564682,-1.0,0,0.0,1.0,1.0528012e-19,0.0
0,0.0,99888.71564682,-1.0,2,0.0,1.0,1.0877632e-19,0.0
0,0.0,99888.71564682,-1.0,0,0.0,1.0,1.0806165e-19,0.0
0,0.0,99888.71564682,-1.0,2,0.0,1.0,1.0947233e-19,0.0
0,0.0,99888.71564682,-1.0,1,0.0,1.0,1.0613499e-19,0.0
0,0.0,99888.71564682,-1.0,2,0.0,1.0,1.05879416e-19,0.0
0,0.0,99888.71564682,-1.0,1,0.0,1.0,1.0215472e-19,0.0
0,0.0,99888.71564682,-1.0,0,0.0,1.0,1.02331005e-19,0.0
0,0.0,99888.71564682,-1.0,2,0.0,1.0,1.0149129e-19,0.0
0,0.0,99888.71564682,-1.0,1,0.0,1.0,1.0276601e-19,0.0
0,0.0,99880.9094810706,-0.25,1,-0.002054950731589603,1.0,1.075993e-19,0.0
0,0.0,99880.9094810706,-0.25,2,0.0,1.0,1.07660064e-19,0.0
0,0.0,99880.9094810706,-0.25,0,0.0,1.0,1.0755662e-19,0.0
0,0.0,99880.9094810706,-0.25,1,0.0,1.0,1.07801434e-19,0.0
0,0.0,99880.9094810706,-0.25,1,0.0,1.0,1.0727143e-19,0.0
0,0.0,99873.10765238258,0.5,0,-0.0020538090126300274,1.0,1.03392006e-19,0.0
0,0.0,99873.10765238258,0.5,2,0.0,1.0,1.0780801e-19,0.0
0,0.0,99873.10765238258,0.5,2,0.0,1.0,1.0816888e-19,0.0
0,0.0,99873.05687113258,0.5,1,-1.3368018331740471e-05,1.0,1.0589234e-19,0.0
0,0.0,99873.00804300758,0.5,0,-1.2853863780519683e-05,1.0,1.0041761e-19,0.0
0,0.0,99873.00804300758,0.5,2,0.0,1.0,1.0755662e-19,0.0
0,0.0,99873.00804300758,0.5,0,0.0,1.0,9.405191e-20,0.0
0,0.0,99873.00804300758,0.5,0,0.0,1.0,9.565408e-20,0.0
0,0.0,99873.00804300758,0.5,0,0.0,1.0,1.0011621e-19,0.0
0,0.0,99873.00804300758,0.5,0,0.0,1.0,1.0114499e-19,0.0
0,0.0,99873.00804300758,0.5,1,0.0,1.0,9.004674e-20,0.0
0,0.0,99873.00804300758,0.5,2,0.0,1.0,9.809294e-20,0.0
0,0.0,99873.00804300758,0.5,0,0.0,1.0,9.5150405e-20,0.0
0,0.0,99873.00804300758,0.5,0,0.0,1.0,8.7370894e-20,0.0
0,0.0,99873.00804300758,0.5,0,0.0,1.0,8.007456e-20,0.0
0,0.0,99873.00804300758,0.5,1,0.0,1.0,8.671346e-20,0.0
0,0.0,99870.41691313781,0.75,0,-0.0006821075022549893,1.0,8.238226e-20,0.0
0,0.0,99870.41691313781,0.75,1,0.0,1.0,8.7506985e-20,0.0
0,0.0,99867.8257949246,1.0,0,-0.0006821044337017169,1.0,9.328725e-20,0.0
0,0.0,99867.8257949246,1.0,1,0.0,1.0,9.3132226e-20,0.0
0,0.0,99867.8257949246,1.0,0,0.0,1.0,8.7893724e-20,0.0
0,0.0,99867.8257949246,1.0,2,0.0,1.0,8.341188e-20,0.0
0,0.0,99867.8257949246,1.0,0,0.0,1.0,8.688431e-20,0.0
0,0.0,99867.8257949246,1.0,0,0.0,1.0,9.288528e-20,0.0
0,0.0,99867.8257949246,1.0,2,0.0,1.0,9.1699537e-20,0.0
0,0.0,99867.8257949246,1.0,2,0.0,1.0,9.177232e-20,0.0
0,0.0,99867.8257949246,1.0,1,0.0,1.0,9.6594255e-20,0.0
0,0.0,99867.8257949246,1.0,1,0.0,1.0,8.7325574e-20,0.0
0,0.0,99867.8257949246,1.0,0,0.0,1.0,8.5311796e-20,0.0
0,0.0,99867.8257949246,1.0,2,0.0,1.0,8.2526944e-20,0.0
0,0.0,99867.8257949246,1.0,2,0.0,1.0,7.723171e-20,0.0
0,0.0,99867.8257949246,1.0,2,0.0,1.0,7.4018454e-20,0.0
0,0.0,99867.8257949246,1.0,0,0.0,1.0,8.299166e-20,0.0
0,0.0,99867.8257949246,1.0,2,0.0,1.0,8.787897e-20,0.0
0,0.0,99867.8257949246,1.0,1,0.0,1.0,9.125427e-20,0.0
0,0.0,99867.8257949246,1.0,0,0.0,1.0,8.4441486e-20,0.0
0,0.0,99867.8257949246,1.0,0,0.0,1.0,8.555296e-20,0.0
0,0.0,99867.8257949246,1.0,0,0.0,1.0,7.873935e-20,0.0
0,0.0,99867.8257949246,1.0,2,0.0,1.0,7.792301e-20,0.0
0,0.0,99859.90140107709,0.25,2,-0.002086073939130513,1.0,7.8157595e-20,0.0
0,0.0,99859.90140107709,0.25,0,0.0,1.0,8.03193e-20,0.0
0,0.0,99859.90140107709,0.25,0,0.0,1.0,7.779233e-20,0.0
0,0.0,99859.90140107709,0.25,1,0.0,1.0,7.769268e-20,0.0
0,0.0,99859.90140107709,0.25,0,0.0,1.0,7.150945e-20,0.0
0,0.0,99859.90140107709,0.25,0,0.0,1.0,7.5817695e-20,0.0
0,0.0,99859.82620576459,0.25,1,-1.9794950222000315e-05,1.0,6.745218e-20,0.0
0,0.0,99859.82620576459,0.25,2,0.0,1.0,6.506639e-20,0.0
0,0.0,99859.82620576459,0.25,1,0.0,1.0,7.0381464e-20,0.0
0,0.0,99855.81628182592,1.0,2,-0.001055600969277255,1.0,6.1148474e-20,0.0
0,0.0,99855.81628182592,1.0,0,0.0,1.0,6.3118424e-20,0.0
0,0.0,99855.81628182592,1.0,1,0.0,1.0,7.000445e-20,0.0
0,0.0,99855.81628182592,1.0,0,0.0,1.0,6.248215e-20,0.0
0,0.0,99855.81628182592,1.0,0,0.0,1.0,5.5280144e-20,0.0
0,0.0,99855.81628182592,1.0,0,0.0,1.0,5.6528935e-20,0.0
0,0.0,99855.81628182592,1.0,1,0.0,1.0,5.9877976e-20,0.0
0,0.0,99855.81628182592,1.0,0,0.0,1.0,5.4340125e-20,0.0
0,0.0,99855.81628182592,1.0,1,0.0,1.0,5.5677165e-20,0.0
0,0.0,99855.81628182592,1.0,2,0.0,1.0,5.611728e-20,0.0
0,0.0,99855.81628182592,1.0,2,0.0,1.0,5.831802e-20,0.0
0,0.0,99855.81628182592,1.0,1,0.0,1.0,6.001793e-20,0.0
0,0.0,99854.81628182592,1.0,2,-0.00026324713022504313,1.0,6.252411e-20,0.0
0,0.0,99854.81628182592,1.0,2,0.0,1.0,7.008247e-20,0.0
0,0.0,99854.81628182592,1.0,2,0.0,1.0,6.2719994e-20,0.0
0,0.0,99854.81628182592,1.0,1,0.0,1.0,6.759643e-20,0.0
0,0.0,99854.81628182592,1.0,1,0.0,1.0,6.567385e-20,0.0
0,0.0,99854.81628182592,1.0,0,0.0,1.0,6.4104565e-20,0.0
0,0.0,99854.81628182592,1.0,1,0.0,1.0,6.337126e-20,0.0
0,0.0,99853.91393807592,1.0,1,-0.00023753940266400377,1.0,6.8327516e-20,0.0
0,0.0,99853.91393807592,1.0,0,0.0,1.0,6.403613e-20,0.0
0,0.0,99853.91393807592,1.0,0,0.0,1.0,6.251552e-20,0.0
0,0.0,99853.91393807592,1.0,1,0.0,1.0,6.7561366e-20,0.0
0,0.0,99853.91393807592,1.0,1,0.0,1.0,6.582132e-20,0.0
0,0.0,99853.91393807592,1.0,1,0.0,1.0,5.610957e-20,0.0
0,0.0,99853.91393807592,1.0,1,0.0,1.0,6.266451e-20,0.0
0,0.0,99853.91393807592,1.0,2,0.0,1.0,6.145434e-20,0.0
0,0.0,99853.91393807592,1.0,1,0.0,1.0,6.306836e-20,0.0
0,0.0,99853.91393807592,1.0,0,0.0,1.0,6.5124e-20,0.0
0,0.0,99853.91393807592,1.0,0,0.0,1.0,6.984867e-20,0.0
0,0.0,99853.31628182592,1.0,2,-0.00015733129267356093,1.0,7.660848e-20,0.0
0,0.0,99853.31628182592,1.0,2,0.0,1.0,7.5860514e-20,0.0
0,0.0,99853.31628182592,1.0,2,0.0,1.0,6.979114e-20,0.0
0,0.0,99853.31628182592,1.0,1,0.0,1.0,7.27376e-20,0.0
0,0.0,99853.31628182592,1.0,1,0.0,1.0,7.3213065e-20,0.0
0,0.0,99853.31628182592,1.0,1,0.0,1.0,6.6531184e-20,0.0
0,0.0,99853.31628182592,1.0,2,0.0,1.0,7.695292e-20,0.0
0,0.0,99853.31628182592,1.0,2,0.0,1.0,7.016058e-20,0.0
0,0.0,99853.31628182592,1.0,0,0.0,1.0,7.199776e-20,0.0
0,0.0,99853.31628182592,1.0,1,0.0,1.0,6.641555e-20,0.0
0,0.0,99853.31628182592,1.0,2,0.0,1.0,7.796106e-20,0.0
0,0.0,99853.31628182592,1.0,0,0.0,1.0,6.942153e-20,0.0
0,0.0,99853.21471932592,1.0,2,-2.6736036663480943e-05,1.0,5.9084736e-20,0.0
0,0.0,99852.17157911864,0.9,2,-0.0002746036659866554,1.0,6.605877e-20,0.0
0,0.0,99849.53451920928,0.65,2,-0.000694198453371671,1.0,7.186276e-20,0.0
0,0.0,99849.53451920928,0.65,2,0.0,1.0,7.153236e-20,0.0
0,0.0,99849.53451920928,0.65,0,0.0,1.0,7.014452e-20,0.0
0,0.0,99849.53451920928,0.65,2,0.0,1.0,7.4653645e-20,0.0
0,0.0,99849.53451920928,0.65,2,0.0,1.0,7.092373e-20,0.0
0,0.0,99849.53451920928,0.65,1,0.0,1.0,7.171488e-20,0.0
0,0.0,99849.53451920928,0.65,2,0.0,1.0,7.0476034e-20,0.0
0,0.0,99849.27553483428,0.65,0,-6.817689349264255e-05,1.0,7.295657e-20,0.0
0,0.0,99849.27553483428,0.65,1,0.0,1.0,8.1821016e-20,0.0
0,0.0,99849.27553483428,0.65,2,0.0,1.0,8.052301e-20,0.0
0,0.0,99849.27553483428,0.65,1,0.0,1.0,8.7127263e-20,0.0
0,0.0,99849.27553483428,0.65,2,0.0,1.0,8.268198e-20,0.0
0,0.0,99838.10603379135,-0.35,2,-0.0029403390955955854,1.0,7.831279e-20,0.0
0,0.0,99838.10603379135,-0.35,2,0.0,1.0,8.469957e-20,0.0
0,0.0,99838.10603379135,-0.35,1,0.0,1.0,8.054021e-20,0.0
0,0.0,99838.10603379135,-0.35,1,0.0,1.0,8.6231853e-20,0.0
0,0.0,99838.10603379135,-0.35,1,0.0,1.0,8.0484926e-20,0.0
0,0.0,99838.10603379135,-0.35,0,0.0,1.0,9.0209015e-20,0.0
0,0.0,99838.10603379135,-0.35,1,0.0,1.0,8.5438154e-20,0.0
0,0.0,99835.54985397842,-0.09999999999999998,2,-0.0006729070000942514,1.0,8.0534065e-20,0.0
0,0.0,99835.54985397842,-0.09999999999999998,1,0.0,1.0,8.497271e-20,0.0
0,0.0,99835.54985397842,-0.09999999999999998,2,0.0,1.0,7.92069e-20,0.0
0,0.0,99830.29468237095,-0.6,2,-0.0013834088445057523,1.0,8.252191e-20,0.0
0,0.0,99830.29468237095,-0.6,1,0.0,1.0,7.869971e-20,0.0
0,0.0,99830.29468237095,-0.6,0,0.0,1.0,8.539515e-20,0.0
0,0.0,99830.29468237095,-0.6,1,0.0,1.0,8.5607804e-20,0.0
0,0.0,99830.29468237095,-0.6,1,0.0,1.0,8.511286e-20,0.0
0,0.0,99830.29468237095,-0.6,1,0.0,1.0,8.1103805e-20,0.0
0,0.0,99830.29468237095,-0.6,0,0.0,1.0,9.037434e-20,0.0
0,0.0,99830.29468237095,-0.6,1,0.0,1.0,8.533002e-20,0.0
0,0.0,99822.50959996357,0.15000000000000002,2,-0.002049400602309049,1.0,8.6982475e-20,0.0
0,0.0,99822.50959996357,0.15000000000000002,2,0.0,1.0,8.497401e-20,0.0
0,0.0,99822.50959996357,0.15000000000000002,2,0.0,1.0,8.8890444e-20,0.0
0,0.0,99821.47049934065,0.05000000000000002,1,-0.0002735402569983078,1.0,8.351249e-20,0.0
0,0.0,99821.47049934065,0.05000000000000002,1,0.0,1.0,8.3609394e-20,0.0
0,0.0,99821.47049934065,0.05000000000000002,1,0.0,1.0,8.2660533e-20,0.0
0,0.0,99821.47049934065,0.05000000000000002,0,0.0,1.0,8.162026e-20,0.0
0,0.0,99821.47049934065,0.05000000000000002,2,0.0,1.0,8.1541836e-20,0.0
0,0.0,99821.47049934065,0.05000000000000002,2,0.0,1.0,8.2598753e-20,0.0
0,0.0,99821.47049934065,0.05000000000000002,1,0.0,1.0,8.589698e-20,0.0
0,0.0,99821.47049934065,0.05000000000000002,2,0.0,1.0,8.550728e-20,0.0
0,0.0,99821.47049934065,0.05000000000000002,2,0.0,1.0,8.9038406e-20,0.0
0,0.0,99821.47049934065,0.05000000000000002,0,0.0,1.0,8.966557e-20,0.0
0,0.0,99821.47049934065,0.05000000000000002,1,0.0,1.0,9.6703385e-20,0.0
0,0.0,99811.58978237264,1.0,0,-0.0026010703863938948,1.0,9.554322e-20,0.0
0,0.0,99811.58978237264,1.0,1,0.0,1.0,9.917959e-20,0.0
0,0.0,99811.58978237264,1.0,0,0.0,1.0,9.9217426e-20,0.0
0,0.0,99811.58978237264,1.0,1,0.0,1.0,1.03065955e-19,0.0
0,0.0,99811.58978237264,1.0,2,0.0,1.0,9.25401e-20,0.0
0,0.0,99811.58978237264,1.0,2,0.0,1.0,9.291363e-20,0.0
0,0.0,99810.78754530227,0.75,2,-0.00021118660653486458,1.0,8.935144e-20,0.0
0,0.0,99810.78754530227,0.75,2,0.0,1.0,8.939917e-20,0.0
0,0.0,99810.78754530227,0.75,0,0.0,1.0,8.7907133e-20,0.0
0,0.0,99810.78754530227,0.75,0,0.0,1.0,9.304984e-20,0.0
0,0.0,99810.78754530227,0.75,2,0.0,1.0,9.4173976e-20,0.0
0,0.0,99809.75152235622,0.65,1,-0.0002727300673947842,1.0,9.254575e-20,0.0
0,0.0,99809.75152235622,0.65,1,0.0,1.0,9.2726675e-20,0.0
0,0.0,99809.75152235622,0.65,2,0.0,1.0,1.084399e-19,0.0
0,0.0,99799.37553572925,-0.35,1,-0.002731448702802849,1.0,9.5233194e-20,0.0
0,0.0,99799.37553572925,-0.35,0,0.0,1.0,1.03652645e-19,0.0
0,0.0,99799.37553572925,-0.35,1,0.0,1.0,1.04153645e-19,0.0
0,0.0,99798.26473193638,-0.2510000005364418,2,-0.0002924159107184555,1.0,1.0094301e-19,0.0
0,0.0,99798.26473193638,-0.2510000005364418,2,0.0,1.0,9.0228286e-20,0.0
0,0.0,99798.26473193638,-0.2510000005364418,0,0.0,1.0,8.5384724e-20,0.0
0,0.0,99798.26473193638,-0.2510000005364418,2,0.0,1.0,8.517912e-20,0.0
0,0.0,99798.26473193638,-0.2510000005364418,1,0.0,1.0,7.878502e-20,0.0
0,0.0,99798.26473193638,-0.2510000005364418,1,0.0,1.0,7.821725e-20,0.0
0,0.0,99798.23923974883,-0.2510000005364418,2,-6.710745214577594e-06,1.0,7.956424e-20,0.0
0,0.0,99798.23923974883,-0.2510000005364418,0,0.0,1.0,8.4484014e-20,0.0
0,0.0,99798.23923974883,-0.2510000005364418,2,0.0,1.0,7.376477e-20,0.0
0,0.0,99798.23923974883,-0.2510000005364418,1,0.0,1.0,9.122642e-20,0.0
0,0.0,99798.23923974883,-0.2510000005364418,0,0.0,1.0,7.5759876e-20,0.0
0,0.0,99798.23923974883,-0.2510000005364418,0,0.0,1.0,7.63867e-20,0.0
0,0.0,99798.23923974883,-0.2510000005364418,1,0.0,1.0,8.343607e-20,0.0
0,0.0,99797.9363442364,-0.2239999998360872,1,-7.973637440573101e-05,1.0,8.4844445e-20,0.0
0,0.0,99797.65588543168,-0.19899999946355817,0,-7.382997548749749e-05,1.0,1.0045439e-19,0.0
0,0.0,99797.65588543168,-0.19899999946355817,1,0.0,1.0,9.134203e-20,0.0
0,0.0,99797.65588543168,-0.19899999946355817,0,0.0,1.0,1.1774274e-19,0.0
0,0.0,99797.65588543168,-0.19899999946355817,0,0.0,1.0,1.1134059e-19,0.0
0,0.0,99797.65588543168,-0.19899999946355817,2,0.0,1.0,1.012052e-19,0.0
0,0.0,99794.78887766149,-0.6989999994635582,2,-0.0007547315678373217,1.0,9.308108e-20,0.0
0,0.0,99794.78887766149,-0.6989999994635582,1,0.0,1.0,1.02387234e-19,0.0
0,0.0,99794.78887766149,-0.6989999994635582,0,0.0,1.0,9.152619e-20,0.0
0,0.0,99794.78887766149,-0.6989999994635582,1,0.0,1.0,9.360665e-20,0.0
0,0.0,99794.78887766149,-0.6989999994635582,1,0.0,1.0,9.3710975e-20,0.0
0,0.0,99794.78887766149,-0.6989999994635582,2,0.0,1.0,9.685401e-20,0.0
0,0.0,99794.78887766149,-0.6989999994635582,0,0.0,1.0,8.669229e-20,0.0
0,0.0,99794.78887766149,-0.6989999994635582,0,0.0,1.0,8.096902e-20,0.0
0,0.0,99794.78887766149,-0.6989999994635582,0,0.0,1.0,8.999729e-20,0.0
0,0.0,99794.78887766149,-0.6989999994635582,1,0.0,1.0,7.7597904e-20,0.0
0,0.0,99786.4625766823,0.051000000536441825,1,-0.0021918748381602737,1.0,7.369614e-20,0.0
0,0.0,99780.99716441159,0.5510000005364418,1,-0.0014387540957622748,1.0,7.111879e-20,0.0
0,0.0,99780.99716441159,0.5510000005364418,0,0.0,1.0,7.595549e-20,0.0
0,0.0,99780.99716441159,0.5510000005364418,2,0.0,1.0,8.2156296e-20,0.0
0,0.0,99780.99716441159,0.5510000005364418,0,0.0,1.0,8.3316475e-20,0.0
0,0.0,99780.99716441159,0.5510000005364418,1,0.0,1.0,9.549658e-20,0.0
0,0.0,99780.99716441159,0.5510000005364418,1,0.0,1.0,8.98162e-20,0.0
0,0.0,99780.99716441159,0.5510000005364418,2,0.0,1.0,9.3538114e-20,0.0
0,0.0,99780.99716441159,0.5510000005364418,1,0.0,1.0,9.814384e-20,0.0
0,0.0,99780.99716441159,0.5510000005364418,1,0.0,1.0,9.7534734e-20,0.0
0,0.0,99780.99716441159,0.5510000005364418,1,0.0,1.0,9.224827e-20,0.0
0,0.0,99780.99716441159,0.5510000005364418,0,0.0,1.0,8.800242e-20,0.0
0,0.0,99780.99716441159,0.5510000005364418,2,0.0,1.0,8.8758974e-20,0.0
0,0.0,99780.99716441159,0.5510000005364418,2,0.0,1.0,9.143825e-20,0.0
0,0.0,99780.99716441159,0.5510000005364418,2,0.0,1.0,1.0091067e-19,0.0
0,0.0,99780.99716441159,0.5510000005364418,1,0.0,1.0,8.393151e-20,0.0
0,0.0,99780.99716441159,0.5510000005364418,2,0.0,1.0,9.394577e-20,0.0
0,0.0,99780.99716441159,0.5510000005364418,2,0.0,1.0,1.03546734e-19,0.0
0,0.0,99773.21594418676,-0.19899999946355817,1,-0.0020483838938359536,1.0,9.0153976e-20,0.0
0,0.0,99773.21594418676,-0.19899999946355817,2,0.0,1.0,9.732066e-20,0.0
0,0.0,99773.21594418676,-0.19899999946355817,2,0.0,1.0,9.350815e-20,0.0
0,0.0,99770.3838943746,-0.6989999994635582,2,-0.0007455289857057901,1.0,8.875356e-20,0.0
0,0.0,99770.3838943746,-0.6989999994635582,2,0.0,1.0,9.087215e-20,0.0
0,0.0,99770.3838943746,-0.6989999994635582,2,0.0,1.0,9.647053e-20,0.0
0,0.0,99770.3838943746,-0.6989999994635582,2,0.0,1.0,9.278046e-20,0.0
0,0.0,99770.3838943746,-0.6989999994635582,1,0.0,1.0,9.8155824e-20,0.0
0,0.0,99770.3838943746,-0.6989999994635582,1,0.0,1.0,9.443587e-20,0.0
0,0.0,99767.7310099171,-0.4489999994635582,1,-0.0006983642202537056,1.0,1.1461404e-19,0.0
0,0.0,99767.7310099171,-0.4489999994635582,2,0.0,1.0,9.7664304e-20,0.0
0,0.0,99767.7310099171,-0.4489999994635582,2,0.0,1.0,1.034425e-19,0.0
0,0.0,99762.01200790693,-1.0,2,-0.0015055108669284494,1.0,9.7798514e-20,0.0
0,0.0,99762.01200790693,-1.0,1,0.0,1.0,9.7443996e-20,0.0
0,0.0,99759.29737001617,-0.75,0,-0.0007146206343437073,1.0,9.637195e-20,0.0
0,0.0,99759.29737001617,-0.75,0,0.0,1.0,1.02847585e-19,0.0
0,0.0,99759.29737001617,-0.75,2,0.0,1.0,1.00855256e-19,0.0
0,0.0,99758.47799152971,-0.85,2,-0.00021569903512771207,1.0,1.0680106e-19,0.0
0,0.0,99758.47799152971,-0.85,2,0.0,1.0,1.03627345e-19,0.0
0,0.0,99757.44195106668,-0.95,1,-0.0002727346786906502,1.0,1.0932044e-19,0.0
0,0.0,99757.44195106668,-0.95,0,0.0,1.0,1.02326326e-19,0.0
0,0.0,99757.44195106668,-0.95,1,0.0,1.0,1.01427814e-19,0.0
0,0.0,99757.44195106668,-0.95,0,0.0,1.0,1.0432383e-19,0.0
0,0.0,99757.44195106668,-0.95,2,0.0,1.0,9.788361e-20,0.0
0,0.0,99757.44195106668,-0.95,2,0.0,1.0,1.0081217e-19,0.0
0,0.0,99756.92397328712,-1.0,2,-0.00013635616398859692,1.0,9.931588e-20,0.0
0,0.0,99756.92397328712,-1.0,2,0.0,1.0,9.675209e-20,0.0
0,0.0,99756.92397328712,-1.0,1,0.0,1.0,8.9775094e-20,0.0
0,0.0,99756.92397328712,-1.0,1,0.0,1.0,9.0498535e-20,0.0
0,0.0,99756.92397328712,-1.0,1,0.0,1.0,8.8173124e-20,0.0
0,0.0,99748.90478233392,-0.25,2,-0.0021110290051566468,1.0,8.770215e-20,0.0
0,0.0,99748.90478233392,-0.25,1,0.0,1.0,8.599665e-20,0.0
0,0.0,99748.90478233392,-0.25,1,0.0,1.0,8.467244e-20,0.0
0,0.0,99740.88419178476,0.5,0,-0.0021113974447765412,1.0,7.953147e-20,0.0
0,0.0,99740.88419178476,0.5,2,0.0,1.0,8.2414945e-20,0.0
0,0.0,99740.86351798306,0.4,2,-5.4423189684898635e-06,1.0,8.151446e-20,0.0
0,0.0,99730.48308947141,-0.6,0,-0.002732618016197912,1.0,9.00275e-20,0.0
0,0.0,99730.48308947141,-0.6,1,0.0,1.0,8.4095595e-20,0.0
0,0.0,99730.48308947141,-0.6,2,0.0,1.0,8.325929e-20,0.0
0,0.0,99730.48308947141,-0.6,1,0.0,1.0,7.881989e-20,0.0
0,0.0,99730.48308947141,-0.6,0,0.0,1.0,8.7572435e-20,0.0
0,0.0,99730.48308947141,-0.6,0,0.0,1.0,9.819327e-20,0.0
0,0.0,99730.48308947141,-0.6,0,0.0,1.0,9.4244416e-20,0.0
0,0.0,99730.48308947141,-0.6,0,0.0,1.0,9.939168e-20,0.0
0,0.0,99730.36121447141,-0.6,2,-3.2083243995410984e-05,1.0,9.6458746e-20,0.0
0,0.0,99730.36121447141,-0.6,0,0.0,1.0,8.5562096e-20,0.0
0,0.0,99730.36121447141,-0.6,0,0.0,1.0,1.0086757e-19,0.0
0,0.0,99730.36121447141,-0.6,2,0.0,1.0,1.0548594e-19,0.0
0,0.0,99730.36121447141,-0.6,2,0.0,1.0,9.739494e-20,0.0
0,0.0,99728.6384068909,-0.85,2,-0.0004535241515012707,1.0,1.0407897e-19,0.0
0,0.0,99728.6384068909,-0.85,0,0.0,1.0,1.04319056e-19,0.0
0,0.0,99728.6384068909,-0.85,0,0.0,1.0,1.0596023e-19,0.0
0,0.0,99728.6384068909,-0.85,0,0.0,1.0,1.0581159e-19,0.0
0,0.0,99728.6384068909,-0.85,0,0.0,1.0,1.1129132e-19,0.0
0,0.0,99728.6384068909,-0.85,1,0.0,1.0,9.465371e-20,0.0
0,0.0,99728.04407095339,-0.85,2,-0.00015645722993878403,1.0,1.01888515e-19,0.0
0,0.0,99728.04407095339,-0.85,0,0.0,1.0,9.943871e-20,0.0
0,0.0,99728.04407095339,-0.85,1,0.0,1.0,9.051373e-20,0.0
0,0.0,99728.04407095339,-0.85,0,0.0,1.0,8.323007e-20,0.0
0,0.0,99728.04407095339,-0.85,2,0.0,1.0,8.03242e-20,0.0
0,0.0,99728.04407095339,-0.85,0,0.0,1.0,7.730009e-20,0.0
0,0.0,99728.04407095339,-0.85,2,0.0,1.0,8.433075e-20,0.0
0,0.0,99726.48882562683,-1.0,2,-0.00040941386901163237,1.0,8.360684e-20,0.0
0,0.0,99726.48882562683,-1.0,1,0.0,1.0,8.380865e-20,0.0
0,0.0,99718.68131869147,-0.25,0,-0.002055303794947058,1.0,7.8230374e-20,0.0
0,0.0,99718.68131869147,-0.25,0,0.0,1.0,7.733667e-20,0.0
0,0.0,99718.68131869147,-0.25,0,0.0,1.0,8.125368e-20,0.0
0,0.0,99718.68131869147,-0.25,2,0.0,1.0,7.823396e-20,0.0
0,0.0,99717.64469049894,-0.35,2,-0.00027288939679218343,1.0,8.169128e-20,0.0
0,0.0,99717.64469049894,-0.35,2,0.0,1.0,7.9671154e-20,0.0
0,0.0,99717.64469049894,-0.35,0,0.0,1.0,8.433847e-20,0.0
0,0.0,99717.64469049894,-0.35,2,0.0,1.0,8.4752577e-20,0.0
0,0.0,99717.64469049894,-0.35,2,0.0,1.0,8.9655993e-20,0.0
0,0.0,99717.64469049894,-0.35,0,0.0,1.0,9.283569e-20,0.0
0,0.0,99717.64469049894,-0.35,0,0.0,1.0,9.053721e-20,0.0
0,0.0,99717.64469049894,-0.35,1,0.0,1.0,9.4428664e-20,0.0
0,0.0,99717.64469049894,-0.35,1,0.0,1.0,9.655594e-20,0.0
0,0.0,99717.64469049894,-0.35,1,0.0,1.0,1.0475612e-19,0.0
0,0.0,99717.64469049894,-0.35,2,0.0,1.0,1.0372701e-19,0.0
0,0.0,99717.64469049894,-0.35,1,0.0,1.0,9.43365e-20,0.0
0,0.0,99709.84958284769,0.4,0,-0.0020520397189880265,1.0,9.121111e-20,0.0
0,0.0,99709.84958284769,0.4,0,0.0,1.0,8.757778e-20,0.0
0,0.0,99709.84958284769,0.4,1,0.0,1.0,8.506352e-20,0.0
0,0.0,99709.84958284769,0.4,1,0.0,1.0,8.136286e-20,0.0
0,0.0,99709.84958284769,0.4,0,0.0,1.0,8.4075064e-20,0.0
0,0.0,99709.84958284769,0.4,2,0.0,1.0,9.0999806e-20,0.0
0,0.0,99708.81294324156,0.30000000000000004,2,-0.0002728924013910859,1.0,8.647034e-20,0.0
0,0.0,99708.81294324156,0.30000000000000004,0,0.0,1.0,8.800645e-20,0.0
0,0.0,99708.81294324156,0.30000000000000004,1,0.0,1.0,9.131416e-20,0.0
0,0.0,99708.81294324156,0.30000000000000004,2,0.0,1.0,8.8477713e-20,0.0
0,0.0,99708.81294324156,0.30000000000000004,1,0.0,1.0,8.9038406e-20,0.0
0,0.0,99708.81294324156,0.30000000000000004,2,0.0,1.0,9.3446814e-20,0.0
0,0.0,99708.81294324156,0.30000000000000004,0,0.0,1.0,9.2451185e-20,0.0
0,0.0,99708.81294324156,0.30000000000000004,2,0.0,1.0,9.021177e-20,0.0
0,0.0,99708.81294324156,0.30000000000000004,1,0.0,1.0,8.8822654e-20,0.0
0,0.0,99708.81294324156,0.30000000000000004,1,0.0,1.0,9.121946e-20,0.0
0,0.0,99708.81294324156,0.30000000000000004,2,0.0,1.0,8.8699404e-20,0.0
0,0.0,99708.81294324156,0.30000000000000004,2,0.0,1.0,8.526234e-20,0.0
0,0.0,99708.81294324156,0.30000000000000004,1,0.0,1.0,8.3634913e-20,0.0
0,0.0,99708.81294324156,0.30000000000000004,0,0.0,1.0,8.5396446e-20,0.0
0,0.0,99708.81294324156,0.30000000000000004,0,0.0,1.0,8.283857e-20,0.0
0,0.0,99708.81294324156,0.30000000000000004,0,0.0,1.0,8.1241285e-20,0.0
0,0.0,99708.81294324156,0.30000000000000004,0,0.0,1.0,8.4030177e-20,0.0
0,0.0,99708.81294324156,0.30000000000000004,0,0.0,1.0,8.1091424e-20,0.0
0,0.0,99708.81294324156,0.30000000000000004,0,0.0,1.0,7.912355e-20,0.0
0,0.0,99708.81294324156,0.30000000000000004,0,0.0,1.0,7.8218444e-20,0.0
0,0.0,99708.81294324156,0.30000000000000004,1,0.0,1.0,8.302332e-20,0.0
0,0.0,99708.81294324156,0.30000000000000004,2,0.0,1.0,8.218263e-20,0.0
0,0.0,99701.01394559983,-0.44999999999999996,0,-0.0020530637478173644,1.0,8.375751e-20,0.0
0,0.0,99701.01394559983,-0.44999999999999996,2,0.0,1.0,8.623843e-20,0.0
0,0.0,99701.01394559983,-0.44999999999999996,0,0.0,1.0,8.8255234e-20,0.0
0,0.0,99701.01394559983,-0.44999999999999996,0,0.0,1.0,8.581314e-20,0.0
0,0.0,99701.01394559983,-0.44999999999999996,1,0.0,1.0,8.2769075e-20,0.0
0,0.0,99701.01394559983,-0.44999999999999996,1,0.0,1.0,8.107163e-20,0.0
0,0.0,99701.01394559983,-0.44999999999999996,0,0.0,1.0,8.001349e-20,0.0
0,0.0,99701.01394559983,-0.44999999999999996,0,0.0,1.0,8.125244e-20,0.0
0,0.0,99701.01394559983,-0.44999999999999996,0,0.0,1.0,7.982691e-20,0.0
0,0.0,99701.01394559983,-0.44999999999999996,1,0.0,1.0,8.242878e-20,0.0
0,0.0,99701.01394559983,-0.44999999999999996,2,0.0,1.0,8.0069675e-20,0.0
0,0.0,99701.01394559983,-0.44999999999999996,0,0.0,1.0,7.900773e-20,0.0
0,0.0,99701.01394559983,-0.44999999999999996,2,0.0,1.0,7.953754e-20,0.0
0,0.0,99701.01394559983,-0.44999999999999996,1,0.0,1.0,7.8345055e-20,0.0
0,0.0,99701.01394559983,-0.44999999999999996,0,0.0,1.0,7.8268586e-20,0.0
0,0.0,99701.01394559983,-0.44999999999999996,0,0.0,1.0,7.840486e-20,0.0
0,0.0,99701.01394559983,-0.44999999999999996,2,0.0,1.0,8.027275e-20,0.0
0,0.0,99701.01394559983,-0.44999999999999996,0,0.0,1.0,8.077035e-20,0.0
0,0.0,99701.01394559983,-0.44999999999999996,1,0.0,1.0,8.1261125e-20,0.0
0,0.0,99701.01394559983,-0.44999999999999996,0,0.0,1.0,8.131445e-20,0.0
0,0.0,99701.01394559983,-0.44999999999999996,0,0.0,1.0,7.9327855e-20,0.0
0,0.0,99701.01394559983,-0.44999999999999996,1,0.0,1.0,7.970398e-20,0.0
0,0.0,99695.82331884452,0.050000000000000044,0,-0.0013664175974055094,1.0,8.217511e-20,0.0
0,0.0,99695.82331884452,0.050000000000000044,1,0.0,1.0,8.1262366e-20,0.0
0,0.0,99695.82331884452,0.050000000000000044,1,0.0,1.0,8.248918e-20,0.0
0,0.0,99695.82331884452,0.050000000000000044,1,0.0,1.0,8.521422e-20,0.0
0,0.0,99695.82331884452,0.050000000000000044,2,0.0,1.0,8.124624e-20,0.0
0,0.0,99693.22577395322,-0.19999999999999996,2,-0.0006837962382638912,1.0,8.4810796e-20,0.0
0,0.0,99688.01717626642,-0.7,2,-0.001371148393545994,1.0,8.117189e-20,0.0
0,0.0,99688.01717626642,-0.7,1,0.0,1.0,8.191721e-20,0.0
0,0.0,99688.01717626642,-0.7,1,0.0,1.0,8.285374e-20,0.0
0,0.0,99688.01717626642,-0.7,2,0.0,1.0,8.258993e-20,0.0
0,0.0,99684.90144349454,-1.0,1,-0.0008202077107462933,1.0,8.05734e-20,0.0
0,0.0,99684.90144349454,-1.0,1,0.0,1.0,8.1054317e-20,0.0
0,0.0,99684.90144349454,-1.0,0,0.0,1.0,8.2202695e-20,0.0
0,0.0,99684.90144349454,-1.0,1,0.0,1.0,8.03193e-20,0.0
0,0.0,99682.3076885346,-0.75,2,-0.0006827985497131631,1.0,8.051318e-20,0.0
0,0.0,99682.3076885346,-0.75,2,0.0,1.0,8.14784e-20,0.0
0,0.0,99682.3076885346,-0.75,0,0.0,1.0,7.9515696e-20,0.0
0,0.0,99682.3076885346,-0.75,0,0.0,1.0,8.157045e-20,0.0
0,0.0,99682.3076885346,-0.75,1,0.0,1.0,8.0754334e-20,0.0
0,0.0,99682.3076885346,-0.75,2,0.0,1.0,8.161652e-20,0.0
0,0.0,99682.3076885346,-0.75,1,0.0,1.0,8.3592805e-20,0.0
0,0.0,99682.3076885346,-0.75,2,0.0,1.0,8.4505935e-20,0.0
0,0.0,99682.3076885346,-0.75,1,0.0,1.0,8.2722365e-20,0.0
0,0.0,99674.51113819383,0.0,1,-0.002052419502860498,1.0,8.549815e-20,0.0
0,0.0,99674.51113819383,0.0,1,0.0,1.0,8.4640145e-20,0.0
0,0.0,99674.51113819383,0.0,0,0.0,1.0,8.5345646e-20,0.0
0,0.0,99674.51113819383,0.0,0,0.0,1.0,8.6198967e-20,0.0
0,0.0,99674.51113819383,0.0,2,0.0,1.0,8.823503e-20,0.0
0,0.0,99674.51113819383,0.0,1,0.0,1.0,8.4770684e-20,0.0
0,0.0,99666.71190486499,0.75,1,-0.002053125791773191,1.0,8.6387254e-20,0.0
0,0.0,99666.71190486499,0.75,1,0.0,1.0,8.8468265e-20,0.0
0,0.0,99666.71190486499,0.75,1,0.0,1.0,8.686178e-20,0.0
0,0.0,99666.71190486499,0.75,1,0.0,1.0,8.8185234e-20,0.0
0,0.0,99666.71190486499,0.75,1,0.0,1.0,9.0732214e-20,0.0
0,0.0,99666.71190486499,0.75,2,0.0,1.0,9.308392e-20,0.0
0,0.0,99664.11507604379,0.5,2,-0.0006836077348672416,1.0,9.038813e-20,0.0
0,0.0,99664.11507604379,0.5,2,0.0,1.0,9.5589883e-20,0.0
0,0.0,99664.11507604379,0.5,0,0.0,1.0,9.4642154e-20,0.0
0,0.0,99664.11507604379,0.5,1,0.0,1.0,9.332569e-20,0.0
0,0.0,99664.11507604379,0.5,1,0.0,1.0,9.194332e-20,0.0
0,0.0,99664.11507604379,0.5,2,0.0,1.0,9.205141e-20,0.0
0,0.0,99664.11507604379,0.5,0,0.0,1.0,9.1269584e-20,0.0
0,0.0,99664.11507604379,0.5,1,0.0,1.0,9.3409745e-20,0.0
0,0.0,99664.11507604379,0.5,0,0.0,1.0,8.8173124e-20,0.0
0,0.0,99664.11507604379,0.5,0,0.0,1.0,9.402752e-20,0.0
0,0.0,99664.11507604379,0.5,0,0.0,1.0,9.481706e-20,0.0
0,0.0,99664.11507604379,0.5,1,0.0,1.0,9.328156e-20,0.0
0,0.0,99664.11507604379,0.5,0,0.0,1.0,9.229895e-20,0.0
0,0.0,99664.11507604379,0.5,1,0.0,1.0,9.393431e-20,0.0
0,0.0,99664.11507604379,0.5,1,0.0,1.0,9.156391e-20,0.0
0,0.0,99664.11507604379,0.5,2,0.0,1.0,9.4103595e-20,0.0
0,0.0,99664.11507604379,0.5,2,0.0,1.0,9.669896e-20,0.0
0,0.0,99664.11507604379,0.5,1,0.0,1.0,9.693533e-20,0.0
0,0.0,99664.11507604379,0.5,2,0.0,1.0,9.611935e-20,0.0
0,0.0,99664.11507604379,0.5,2,0.0,1.0,9.1148505e-20,0.0
0,0.0,99664.11507604379,0.5,2,0.0,1.0,9.087631e-20,0.0
0,0.0,99664.11507604379,0.5,2,0.0,1.0,9.1005364e-20,0.0
0,0.0,99664.11507604379,0.5,0,0.0,1.0,9.1883016e-20,0.0
0,0.0,99664.11507604379,0.5,2,0.0,1.0,8.972305e-20,0.0
0,0.0,99664.11507604379,0.5,1,0.0,1.0,9.185918e-20,0.0
0,0.0,99664.11507604379,0.5,0,0.0,1.0,8.897865e-20,0.0
0,0.0,99664.11507604379,0.5,0,0.0,1.0,8.7519005e-20,0.0
0,0.0,99664.11507604379,0.5,2,0.0,1.0,8.468923e-20,0.0
0,0.0,99664.11507604379,0.5,1,0.0,1.0,8.728428e-20,0.0
0,0.0,99664.11507604379,0.5,0,0.0,1.0,8.478362e-20,0.0
0,0.0,99664.11507604379,0.5,0,0.0,1.0,8.9803865e-20,0.0
0,0.0,99664.11507604379,0.5,0,0.0,1.0,9.3401196e-20,0.0
0,0.0,99664.11507604379,0.5,1,0.0,1.0,9.752878e-20,0.0
0,0.0,99664.11507604379,0.5,2,0.0,1.0,9.3439686e-20,0.0
0,0.0,99664.11507604379,0.5,0,0.0,1.0,9.3802533e-20,0.0
0,0.0,99664.11507604379,0.5,1,0.0,1.0,9.437969e-20,0.0
0,0.0,99664.11507604379,0.5,2,0.0,1.0,9.209356e-20,0.0
0,0.0,99664.11507604379,0.5,2,0.0,1.0,9.4893766e-20,0.0
0,0.0,99664.11507604379,0.5,0,0.0,1.0,9.5024176e-20,0.0
0,0.0,99664.11507604379,0.5,0,0.0,1.0,9.281728e-20,0.0
0,0.0,99664.11507604379,0.5,2,0.0,1.0,8.915805e-20,0.0
0,0.0,99664.11507604379,0.5,1,0.0,1.0,8.782669e-20,0.0
0,0.0,99664.11507604379,0.5,2,0.0,1.0,8.4651764e-20,0.0
0,0.0,99664.11507604379,0.5,1,0.0,1.0,8.368597e-20,0.0
0,0.0,99664.11507604379,0.5,2,0.0,1.0,8.320594e-20,0.0
0,0.0,99664.11507604379,0.5,1,0.0,1.0,8.545902e-20,0.0
0,0.0,99664.11507604379,0.5,0,0.0,1.0,8.7213723e-20,0.0
0,0.0,99664.11507604379,0.5,0,0.0,1.0,9.156111e-20,0.0
0,0.0,99664.11507604379,0.5,2,0.0,1.0,8.844667e-20,0.0
0,0.0,99664.11507604379,0.5,1,0.0,1.0,8.749764e-20,0.0
0,0.0,99664.11507604379,0.5,1,0.0,1.0,8.582623e-20,0.0
0,0.0,99664.11507604379,0.5,1,0.0,1.0,8.6548224e-20,0.0
0,0.0,99664.11507604379,0.5,0,0.0,1.0,8.611877e-20,0.0
0,0.0,99664.11507604379,0.5,0,0.0,1.0,8.6775667e-20,0.0
0,0.0,99664.11507604379,0.5,1,0.0,1.0,8.6229223e-20,0.0
0,0.0,99664.11507604379,0.5,0,0.0,1.0,8.7159175e-20,0.0
0,0.0,99664.11507604379,0.5,1,0.0,1.0,8.468923e-20,0.0
0,0.0,99664.11507604379,0.5,2,0.0,1.0,8.8056155e-20,0.0
0,0.0,99664.11507604379,0.5,0,0.0,1.0,8.468665e-20,0.0
0,0.0,99664.11507604379,0.5,1,0.0,1.0,8.428444e-20,0.0
0,0.0,99658.92398482576,1.0,1,-0.0013665398658833324,1.0,8.270469e-20,0.0
0,0.0,99658.92398482576,1.0,2,0.0,1.0,8.2359634e-20,0.0
0,0.0,99658.92398482576,1.0,0,0.0,1.0,8.3769014e-20,0.0
0,0.0,99658.92398482576,1.0,2,0.0,1.0,7.9901246e-20,0.0
0,0.0,99658.92398482576,1.0,0,0.0,1.0,8.3362254e-20,0.0
0,0.0,99658.92398482576,1.0,0,0.0,1.0,8.195346e-20,0.0
0,0.0,99658.92398482576,1.0,0,0.0,1.0,8.3980184e-20,0.0
0,0.0,99658.92398482576,1.0,0,0.0,1.0,8.451754e-20,0.0
0,0.0,99658.92398482576,1.0,2,0.0,1.0,8.6227905e-20,0.0
0,0.0,99658.92398482576,1.0,2,0.0,1.0,8.5691446e-20,0.0
0,0.0,99658.92398482576,1.0,2,0.0,1.0,8.533132e-20,0.0
0,0.0,99658.92398482576,1.0,1,0.0,1.0,8.844127e-20,0.0
0,0.0,99658.92398482576,1.0,0,0.0,1.0,8.498179e-20,0.0
0,0.0,99658.92398482576,1.0,0,0.0,1.0,8.7421565e-20,0.0
0,0.0,99658.92398482576,1.0,2,0.0,1.0,8.6281866e-20,0.0
0,0.0,99658.92398482576,1.0,0,0.0,1.0,8.680613e-20,0.0
0,0.0,99658.92398482576,1.0,1,0.0,1.0,8.771687e-20,0.0
0,0.0,99658.92398482576,1.0,2,0.0,1.0,8.9727163e-20,0.0
0,0.0,99658.92398482576,1.0,0,0.0,1.0,8.50181e-20,0.0
0,0.0,99658.92398482576,1.0,1,0.0,1.0,8.6981143e-20,0.0
0,0.0,99658.92398482576,1.0,2,0.0,1.0,8.702097e-20,0.0
0,0.0,99658.92398482576,1.0,2,0.0,1.0,8.73509e-20,0.0
0,0.0,99658.92398482576,1.0,1,0.0,1.0,8.6631466e-20,0.0
0,0.0,99658.92398482576,1.0,1,0.0,1.0,8.5205115e-20,0.0
0,0.0,99658.92398482576,1.0,2,0.0,1.0,8.3114584e-20,0.0
0,0.0,99658.92398482576,1.0,2,0.0,1.0,8.237723e-20,0.0
0,0.0,99658.92398482576,1.0,0,0.0,1.0,8.472801e-20,0.0
0,0.0,99658.92398482576,1.0,2,0.0,1.0,8.339661e-20,0.0
0,0.0,99653.63907843622,0.5,0,-0.0013912364405546601,1.0,8.131694e-20,0.0
0,0.0,99653.63907843622,0.5,1,0.0,1.0,8.279055e-20,0.0
0,0.0,99653.63907843622,0.5,2,0.0,1.0,8.420859e-20,0.0
0,0.0,99653.63907843622,0.5,2,0.0,1.0,8.1241285e-20,0.0
0,0.0,99653.63907843622,0.5,1,0.0,1.0,8.397506e-20,0.0
0,0.0,99652.60235941123,0.6,2,-0.0002729133081761429,1.0,8.307655e-20,0.0
0,0.0,99644.65146904807,-0.15000000000000002,0,-0.0020930490708371227,1.0,8.3186905e-20,0.0
0,0.0,99644.65146904807,-0.15000000000000002,2,0.0,1.0,8.161154e-20,0.0
0,0.0,99644.65146904807,-0.15000000000000002,2,0.0,1.0,8.470345e-20,0.0
0,0.0,99644.65146904807,-0.15000000000000002,1,0.0,1.0,8.443504e-20,0.0
0,0.0,99644.65146904807,-0.15000000000000002,1,0.0,1.0,8.423301e-20,0.0
0,0.0,99634.25686008338,0.85,2,-0.002736350979766795,1.0,8.2500506e-20,0.0
0,0.0,99633.21910732354,0.75,1,-0.0002731854359089119,1.0,8.4417006e-20,0.0
0,0.0,99633.21910732354,0.75,1,0.0,1.0,8.076665e-20,0.0
0,0.0,99633.21910732354,0.75,1,0.0,1.0,8.4685355e-20,0.0
0,0.0,99633.21910732354,0.75,0,0.0,1.0,8.563655e-20,0.0
0,0.0,99633.21910732354,0.75,2,0.0,1.0,8.789909e-20,0.0
0,0.0,99627.99348245151,0.25,2,-0.0013756307511963118,1.0,8.8026596e-20,0.0
0,0.0,99627.99348245151,0.25,0,0.0,1.0,8.595336e-20,0.0
0,0.0,99627.99348245151,0.25,1,0.0,1.0,8.785216e-20,0.0
0,0.0,99627.99348245151,0.25,1,0.0,1.0,8.780659e-20,0.0
0,0.0,99620.19768378035,1.0,0,-0.0020522216279938513,1.0,9.0502684e-20,0.0
0,0.0,99620.19768378035,1.0,2,0.0,1.0,8.7723564e-20,0.0
0,0.0,99620.19768378035,1.0,2,0.0,1.0,8.853308e-20,0.0
0,0.0,99609.75695823427,0.0,0,-0.0027484910374736015,1.0,8.963958e-20,0.0
0,0.0,99609.75695823427,0.0,1,0.0,1.0,9.109289e-20,0.0
0,0.0,99607.16341543818,0.25,2,-0.000682742698187572,1.0,8.7515e-20,0.0
0,0.0,99604.56716227895,0.0,2,-0.0006834561935031894,1.0,8.7079416e-20,0.0
0,0.0,99604.56716227895,0.0,0,0.0,1.0,8.705152e-20,0.0
0,0.0,99604.56716227895,0.0,0,0.0,1.0,8.610432e-20,0.0
0,0.0,99604.56716227895,0.0,1,0.0,1.0,8.2501766e-20,0.0
0,0.0,99604.56716227895,0.0,2,0.0,1.0,8.785886e-20,0.0
0,0.0,99604.56716227895,0.0,1,0.0,1.0,8.5800046e-20,0.0
0,0.0,99604.56716227895,0.0,1,0.0,1.0,8.63609e-20,0.0
0,0.0,99599.37497327887,0.5,2,-0.001366828853857431,1.0,8.8430474e-20,0.0
0,0.0,99598.3372023507,0.4,2,-0.00027319021867297516,1.0,8.9669674e-20,0.0
0,0.0,99598.3372023507,0.4,2,0.0,1.0,8.9638215e-20,0.0
0,0.0,99598.3372023507,0.4,0,0.0,1.0,9.008659e-20,0.0
0,0.0,99598.3372023507,0.4,0,0.0,1.0,9.075575e-20,0.0
0,0.0,99598.3372023507,0.4,2,0.0,1.0,8.846286e-20,0.0
0,0.0,99598.3372023507,0.4,2,0.0,1.0,8.845072e-20,0.0
0,0.0,99598.3372023507,0.4,0,0.0,1.0,9.309528e-20,0.0
0,0.0,99598.3372023507,0.4,2,0.0,1.0,9.182555e-20,0.0
0,0.0,99598.3372023507,0.4,0,0.0,1.0,8.910093e-20,0.0
0,0.0,99598.3372023507,0.4,1,0.0,1.0,8.964231e-20,0.0
0,0.0,99598.3372023507,0.4,2,0.0,1.0,9.0516494e-20,0.0
0,0.0,99598.3372023507,0.4,0,0.0,1.0,8.829834e-20,0.0
0,0.0,99598.3372023507,0.4,1,0.0,1.0,8.90751e-20,0.0
0,0.0,99598.3372023507,0.4,0,0.0,1.0,9.165757e-20,0.0
0,0.0,99598.3372023507,0.4,2,0.0,1.0,9.0290266e-20,0.0
0,0.0,99598.3372023507,0.4,0,0.0,1.0,9.0361934e-20,0.0
0,0.0,99598.3372023507,0.4,2,0.0,1.0,9.3345626e-20,0.0
0,0.0,99598.3372023507,0.4,1,0.0,1.0,8.852903e-20,0.0
0,0.0,99597.30045902685,0.5,2,-0.00027291970478151835,1.0,9.111374e-20,0.0
0,0.0,99597.30045902685,0.5,1,0.0,1.0,8.937462e-20,0.0
0,0.0,99597.30045902685,0.5,0,0.0,1.0,8.869263e-20,0.0
0,0.0,99597.30045902685,0.5,0,0.0,1.0,8.973675e-20,0.0
0,0.0,99597.30045902685,0.5,0,0.0,1.0,9.776121e-20,0.0
0,0.0,99597.30045902685,0.5,2,0.0,1.0,8.98395e-20,0.0
0,0.0,99597.30045902685,0.5,1,0.0,1.0,9.002201e-20,0.0
0,0.0,99597.30045902685,0.5,0,0.0,1.0,9.399739e-20,0.0
0,0.0,99597.30045902685,0.5,0,0.0,1.0,9.0733596e-20,0.0
0,0.0,99597.30045902685,0.5,0,0.0,1.0,8.4348764e-20,0.0
0,0.0,99597.30045902685,0.5,1,0.0,1.0,8.9968454e-20,0.0
0,0.0,99597.30045902685,0.5,0,0.0,1.0,9.038538e-20,0.0
0,0.0,99597.30045902685,0.5,0,0.0,1.0,9.02696e-20,0.0
0,0.0,99597.30045902685,0.5,0,0.0,1.0,9.1149895e-20,0.0
0,0.0,99597.30045902685,0.5,0,0.0,1.0,9.8083956e-20,0.0
0,0.0,99597.30045902685,0.5,1,0.0,1.0,9.1124866e-20,0.0
0,0.0,99592.11062505722,1.0,1,-0.0013662088988507237,1.0,9.03509e-20,0.0
0,0.0,99591.00906255722,1.0,0,-0.0002899831668885241,1.0,8.666981e-20,0.0
0,0.0,99591.00906255722,1.0,2,0.0,1.0,8.498698e-20,0.0
0,0.0,99591.00906255722,1.0,1,0.0,1.0,8.535216e-20,0.0
0,0.0,99591.00906255722,1.0,1,0.0,1.0,8.2290545e-20,0.0
0,0.0,99591.00906255722,1.0,2,0.0,1.0,8.1984733e-20,0.0
0,0.0,99591.00906255722,1.0,1,0.0,1.0,8.590615e-20,0.0
0,0.0,99590.80984380722,1.0,0,-5.244376422452031e-05,1.0,8.4365495e-20,0.0
0,0.0,99590.80984380722,1.0,0,0.0,1.0,7.5747165e-20,0.0
0,0.0,99590.80984380722,1.0,0,0.0,1.0,7.465478e-20,0.0
0,0.0,99590.80984380722,1.0,0,0.0,1.0,7.855215e-20,0.0
0,0.0,99590.80984380722,1.0,2,0.0,1.0,6.80549e-20,0.0
0,0.0,99590.80984380722,1.0,1,0.0,1.0,6.98476e-20,0.0
0,0.0,99590.80984380722,1.0,1,0.0,1.0,7.543573e-20,0.0
0,0.0,99590.80984380722,1.0,0,0.0,1.0,7.491039e-20,0.0
0,0.0,99590.80984380722,1.0,2,0.0,1.0,7.3987965e-20,0.0
0,0.0,99590.80984380722,1.0,2,0.0,1.0,7.3211947e-20,0.0
0,0.0,99590.80984380722,1.0,1,0.0,1.0,7.8433576e-20,0.0
0,0.0,99590.80984380722,1.0,0,0.0,1.0,7.68309e-20,0.0
0,0.0,99590.80984380722,1.0,0,0.0,1.0,7.374451e-20,0.0
0,0.0,99590.80984380722,1.0,2,0.0,1.0,7.764291e-20,0.0
0,0.0,99589.41140630722,1.0,0,-0.0003681346586740837,1.0,7.526328e-20,0.0
0,0.0,99589.41140630722,1.0,2,0.0,1.0,7.5215055e-20,0.0
0,0.0,99589.41140630722,1.0,2,0.0,1.0,7.5593593e-20,0.0
0,0.0,99589.41140630722,1.0,0,0.0,1.0,8.194221e-20,0.0
0,0.0,99589.41140630722,1.0,2,0.0,1.0,7.364556e-20,0.0
0,0.0,99589.41140630722,1.0,1,0.0,1.0,7.292096e-20,0.0
0,0.0,99589.41140630722,1.0,0,0.0,1.0,7.1791516e-20,0.0
0,0.0,99589.41140630722,1.0,0,0.0,1.0,7.567438e-20,0.0
0,0.0,99589.41140630722,1.0,2,0.0,1.0,6.329878e-20,0.0
0,0.0,99589.41140630722,1.0,0,0.0,1.0,7.647183e-20,0.0
0,0.0,99589.41140630722,1.0,2,0.0,1.0,9.119302e-20,0.0
0,0.0,99589.41140630722,1.0,0,0.0,1.0,9.3190504e-20,0.0
0,0.0,99589.41140630722,1.0,0,0.0,1.0,9.05234e-20,0.0
0,0.0,99589.41140630722,1.0,2,0.0,1.0,9.517364e-20,0.0
0,0.0,99589.41140630722,1.0,2,0.0,1.0,8.630293e-20,0.0
0,0.0,99586.81822653265,0.75,1,-0.0006826471338138324,1.0,7.623765e-20,0.0
0,0.0,99586.81822653265,0.75,2,0.0,1.0,7.6110956e-20,0.0
0,0.0,99585.7816870625,0.65,0,-0.00027286604088228576,1.0,8.3955847e-20,0.0
0,0.0,99585.7816870625,0.65,2,0.0,1.0,8.321102e-20,0.0
0,0.0,99585.7816870625,0.65,0,0.0,1.0,7.947809e-20,0.0
0,0.0,99585.7816870625,0.65,1,0.0,1.0,7.262669e-20,0.0
0,0.0,99585.7816870625,0.65,2,0.0,1.0,6.642467e-20,0.0
0,0.0,99585.7816870625,0.65,0,0.0,1.0,6.8211885e-20,0.0
0,0.0,99585.7816870625,0.65,0,0.0,1.0,5.9084736e-20,0.0
0,0.0,99585.7816870625,0.65,2,0.0,1.0,6.5735e-20,0.0
0,0.0,99585.7816870625,0.65,1,0.0,1.0,6.8675585e-20,0.0
0,0.0,99585.7816870625,0.65,1,0.0,1.0,7.2212305e-20,0.0
0,0.0,99585.7816870625,0.65,1,0.0,1.0,7.4322895e-20,0.0
0,0.0,99585.7816870625,0.65,0,0.0,1.0,7.921053e-20,0.0
0,0.0,99585.7816870625,0.65,1,0.0,1.0,6.047851e-20,0.0
0,0.0,99585.7816870625,0.65,1,0.0,1.0,5.4026778e-20,0.0
0,0.0,99585.7816870625,0.65,0,0.0,1.0,5.6389374e-20,0.0
0,0.0,99585.7816870625,0.65,2,0.0,1.0,6.401366e-20,0.0
0,0.0,99585.7816870625,0.65,2,0.0,1.0,5.962088e-20,0.0
0,0.0,99585.7816870625,0.65,2,0.0,1.0,6.974962e-20,0.0
0,0.0,99585.7816870625,0.65,2,0.0,1.0,7.174114e-20,0.0
0,0.0,99575.383724485,-0.35,2,-0.002737233808713081,1.0,6.809334e-20,0.0
0,0.0,99575.383724485,-0.35,2,0.0,1.0,7.276201e-20,0.0
0,0.0,99575.383724485,-0.35,0,0.0,1.0,7.4585325e-20,0.0
0,0.0,99575.383724485,-0.35,2,0.0,1.0,7.440573e-20,0.0
0,0.0,99575.383724485,-0.35,0,0.0,1.0,8.4022486e-20,0.0
0,0.0,99575.383724485,-0.35,2,0.0,1.0,7.494697e-20,0.0
0,0.0,99575.383724485,-0.35,1,0.0,1.0,8.553469e-20,0.0
0,0.0,99575.383724485,-0.35,0,0.0,1.0,8.530919e-20,0.0
0,0.0,99575.383724485,-0.35,1,0.0,1.0,8.086284e-20,0.0
0,0.0,99575.383724485,-0.35,1,0.0,1.0,8.972305e-20,0.0
0,0.0,99575.383724485,-0.35,1,0.0,1.0,8.422144e-20,0.0
0,0.0,99564.98311949024,0.65,0,-0.0027379294174758343,1.0,8.263909e-20,0.0
0,0.0,99564.98311949024,0.65,2,0.0,1.0,7.999274e-20,0.0
0,0.0,99564.98311949024,0.65,0,0.0,1.0,9.1063706e-20,0.0
0,0.0,99564.98311949024,0.65,1,0.0,1.0,8.665262e-20,0.0
0,0.0,99564.98311949024,0.65,1,0.0,1.0,9.085829e-20,0.0
0,0.0,99564.98311949024,0.65,1,0.0,1.0,9.033023e-20,0.0
0,0.0,99564.98311949024,0.65,2,0.0,1.0,8.954662e-20,0.0
0,0.0,99564.98311949024,0.65,1,0.0,1.0,8.972168e-20,0.0
0,0.0,99561.35113842387,1.0,2,-0.0009561085927535726,1.0,8.7633925e-20,0.0
0,0.0,99561.35113842387,1.0,0,0.0,1.0,8.881858e-20,0.0
0,0.0,99561.35113842387,1.0,0,0.0,1.0,9.3565236e-20,0.0
0,0.0,99561.35113842387,1.0,2,0.0,1.0,9.1651974e-20,0.0
0,0.0,99553.55715328857,0.25,2,-0.002051744219884453,1.0,9.283569e-20,0.0
0,0.0,99553.55715328857,0.25,1,0.0,1.0,9.1312765e-20,0.0
0,0.0,99553.55715328857,0.25,2,0.0,1.0,9.63205e-20,0.0
0,0.0,99553.55715328857,0.25,0,0.0,1.0,9.673438e-20,0.0
0,0.0,99553.55715328857,0.25,2,0.0,1.0,9.953131e-20,0.0
0,0.0,99553.55715328857,0.25,0,0.0,1.0,9.4513715e-20,0.0
0,0.0,99553.55715328857,0.25,0,0.0,1.0,9.8140844e-20,0.0
0,0.0,99553.55715328857,0.25,1,0.0,1.0,9.599916e-20,0.0
0,0.0,99553.55715328857,0.25,2,0.0,1.0,9.6985634e-20,0.0
0,0.0,99553.55715328857,0.25,1,0.0,1.0,9.476788e-20,0.0
0,0.0,99553.55715328857,0.25,1,0.0,1.0,9.49517e-20,0.0
0,0.0,99553.55715328857,0.25,2,0.0,1.0,9.4600285e-20,0.0
0,0.0,99553.55715328857,0.25,2,0.0,1.0,9.431203e-20,0.0
0,0.0,99553.55715328857,0.25,1,0.0,1.0,9.653826e-20,0.0
0,0.0,99553.55715328857,0.25,1,0.0,1.0,9.7172273e-20,0.0
0,0.0,99548.36448604232,0.75,0,-0.0013669547507871044,1.0,9.643373e-20,0.0
0,0.0,99548.36448604232,0.75,0,0.0,1.0,9.803009e-20,0.0
0,0.0,99548.36448604232,0.75,0,0.0,1.0,9.966809e-20,0.0
0,0.0,99548.36448604232,0.75,2,0.0,1.0,9.984618e-20,0.0
0,0.0,99548.36448604232,0.75,0,0.0,1.0,1.00635427e-19,0.0
0,0.0,99548.36448604232,0.75,1,0.0,1.0,9.879594e-20,0.0
0,0.0,99548.36448604232,0.75,1,0.0,1.0,9.6352835e-20,0.0
0,0.0,99548.36448604232,0.75,0,0.0,1.0,9.9782216e-20,0.0
0,0.0,99548.36448604232,0.75,2,0.0,1.0,9.7901537e-20,0.0
0,0.0,99548.36448604232,0.75,0,0.0,1.0,9.9706115e-20,0.0
0,0.0,99548.36448604232,0.75,1,0.0,1.0,1.00718384e-19,0.0
0,0.0,99548.36448604232,0.75,0,0.0,1.0,9.76494e-20,0.0
0,0.0,99548.36448604232,0.75,1,0.0,1.0,9.9228024e-20,0.0
0,0.0,99548.36448604232,0.75,0,0.0,1.0,9.9887326e-20,0.0
0,0.0,99548.36448604232,0.75,2,0.0,1.0,9.980658e-20,0.0
0,0.0,99548.36448604232,0.75,2,0.0,1.0,9.576069e-20,0.0
0,0.0,99537.95960077803,-0.25,0,-0.0027390561861447,1.0,9.501112e-20,0.0
0,0.0,99537.95960077803,-0.25,1,0.0,1.0,9.582354e-20,0.0
0,0.0,99537.95960077803,-0.25,1,0.0,1.0,9.493142e-20,0.0
0,0.0,99537.95960077803,-0.25,2,0.0,1.0,9.473751e-20,0.0
0,0.0,99537.95960077803,-0.25,1,0.0,1.0,9.58484e-20,0.0
0,0.0,99537.95960077803,-0.25,0,0.0,1.0,9.4264546e-20,0.0
0,0.0,99537.95960077803,-0.25,1,0.0,1.0,9.4594514e-20,0.0
0,0.0,99537.95960077803,-0.25,1,0.0,1.0,9.3355604e-20,0.0
0,0.0,99537.95960077803,-0.25,2,0.0,1.0,9.5401907e-20,0.0
0,0.0,99537.95960077803,-0.25,2,0.0,1.0,9.561468e-20,0.0
0,0.0,99537.95960077803,-0.25,1,0.0,1.0,9.215119e-20,0.0
0,0.0,99537.95960077803,-0.25,1,0.0,1.0,9.6448445e-20,0.0
0,0.0,99527.56434680679,0.75,2,-0.002736520775891563,1.0,9.3917104e-20,0.0
0,0.0,99527.56434680679,0.75,2,0.0,1.0,9.629992e-20,0.0
0,0.0,99527.56434680679,0.75,1,0.0,1.0,9.34896e-20,0.0
0,0.0,99524.97171148505,1.0,0,-0.0006825038081672024,1.0,9.434945e-20,0.0
0,0.0,99524.97171148505,1.0,2,0.0,1.0,9.360379e-20,0.0
0,0.0,99517.17926615,0.25,0,-0.002051338871889275,1.0,9.256552e-20,0.0
0,0.0,99517.17926615,0.25,0,0.0,1.0,9.350529e-20,0.0
0,0.0,99517.17926615,0.25,2,0.0,1.0,9.516347e-20,0.0
0,0.0,99517.17926615,0.25,2,0.0,1.0,9.365808e-20,0.0
0,0.0,99517.17926615,0.25,2,0.0,1.0,9.598598e-20,0.0
0,0.0,99517.17926615,0.25,1,0.0,1.0,9.7332546e-20,0.0
0,0.0,99509.3858073155,1.0,1,-0.002051605672707616,1.0,9.274649e-20,0.0
0,0.0,99509.3858073155,1.0,1,0.0,1.0,9.289662e-20,0.0
0,0.0,99509.3858073155,1.0,0,0.0,1.0,9.345679e-20,0.0
0,0.0,99509.3858073155,1.0,1,0.0,1.0,9.268283e-20,0.0
0,0.0,99509.3858073155,1.0,1,0.0,1.0,8.9657363e-20,0.0
0,0.0,99509.3858073155,1.0,2,0.0,1.0,8.974222e-20,0.0
0,0.0,99509.3858073155,1.0,2,0.0,1.0,9.110957e-20,0.0
0,0.0,99509.3858073155,1.0,1,0.0,1.0,8.9887494e-20,0.0
0,0.0,99509.3858073155,1.0,2,0.0,1.0,8.960402e-20,0.0
0,0.0,99504.1960177433,0.5,0,-0.0013661972113514615,1.0,9.069345e-20,0.0
0,0.0,99504.1960177433,0.5,1,0.0,1.0,8.8022564e-20,0.0
0,0.0,99504.1960177433,0.5,2,0.0,1.0,8.983813e-20,0.0
0,0.0,99496.40392853918,-0.25,1,-0.0020512451214445776,1.0,9.116102e-20,0.0
0,0.0,99496.40392853918,-0.25,0,0.0,1.0,9.166036e-20,0.0
0,0.0,99496.40392853918,-0.25,2,0.0,1.0,9.193771e-20,0.0
0,0.0,99496.40392853918,-0.25,1,0.0,1.0,9.2684243e-20,0.0
0,0.0,99496.40392853918,-0.25,2,0.0,1.0,9.0131965e-20,0.0
0,0.0,99496.40392853918,-0.25,1,0.0,1.0,9.1575085e-20,0.0
0,0.0,99496.40392853918,-0.25,0,0.0,1.0,9.2722436e-20,0.0
0,0.0,99496.40392853918,-0.25,0,0.0,1.0,9.154435e-20,0.0
0,0.0,99496.40392853918,-0.25,0,0.0,1.0,9.3150696e-20,0.0
0,0.0,99496.40392853918,-0.25,2,0.0,1.0,9.0301285e-20,0.0
0,0.0,99496.40392853918,-0.25,1,0.0,1.0,9.0620143e-20,0.0
0,0.0,99495.36745536837,-0.15,1,-0.0002728485877711139,1.0,8.992179e-20,0.0
0,0.0,99495.36745536837,-0.15,2,0.0,1.0,9.235672e-20,0.0
0,0.0,99495.36745536837,-0.15,2,0.0,1.0,8.7477613e-20,0.0
0,0.0,99495.36745536837,-0.15,0,0.0,1.0,9.044332e-20,0.0
0,0.0,99495.36745536837,-0.15,2,0.0,1.0,8.907374e-20,0.0
0,0.0,99495.36745536837,-0.15,2,0.0,1.0,9.0931797e-20,0.0
0,0.0,99487.57506986894,-0.9,0,-0.0020513231203320966,1.0,8.6218696e-20,0.0
0,0.0,99487.57506986894,-0.9,1,0.0,1.0,9.1176326e-20,0.0
0,0.0,99487.57506986894,-0.9,0,0.0,1.0,9.1138766e-20,0.0
0,0.0,99487.57506986894,-0.9,0,0.0,1.0,9.144523e-20,0.0
0,0.0,99487.57506986894,-0.9,2,0.0,1.0,9.233276e-20,0.0
0,0.0,99487.57506986894,-0.9,1,0.0,1.0,9.135318e-20,0.0
0,0.0,99487.57506986894,-0.9,2,0.0,1.0,9.1485704e-20,0.0
0,0.0,99487.57506986894,-0.9,1,0.0,1.0,9.274224e-20,0.0
0,0.0,99484.98300118589,-0.65,1,-0.0006823546421592396,1.0,8.8684515e-20,0.0
0,0.0,99484.98300118589,-0.65,1,0.0,1.0,9.071283e-20,0.0
0,0.0,99484.98300118589,-0.65,1,0.0,1.0,9.0120966e-20,0.0
0,0.0,99474.59022995859,0.35,2,-0.0027358672006720765,1.0,9.0359174e-20,0.0
0,0.0,99474.59022995859,0.35,2,0.0,1.0,8.8029285e-20,0.0
0,0.0,99474.59022995859,0.35,0,0.0,1.0,9.297036e-20,0.0
0,0.0,99474.59022995859,0.35,0,0.0,1.0,8.671478e-20,0.0
0,0.0,99474.59022995859,0.35,1,0.0,1.0,8.620291e-20,0.0
0,0.0,99474.59022995859,0.35,1,0.0,1.0,8.6310836e-20,0.0
0,0.0,99474.59022995859,0.35,2,0.0,1.0,9.304416e-20,0.0
0,0.0,99474.59022995859,0.35,0,0.0,1.0,9.2089346e-20,0.0
0,0.0,99474.59022995859,0.35,2,0.0,1.0,9.142709e-20,0.0
0,0.0,99474.59022995859,0.35,2,0.0,1.0,9.0965104e-20,0.0
0,0.0,99474.59022995859,0.35,1,0.0,1.0,8.7160506e-20,0.0
0,0.0,99474.59022995859,0.35,2,0.0,1.0,9.0681e-20,0.0
0,0.0,99474.59022995859,0.35,2,0.0,1.0,8.6753165e-20,0.0
0,0.0,99474.59022995859,0.35,2,0.0,1.0,8.836977e-20,0.0
0,0.0,99474.59022995859,0.35,2,0.0,1.0,8.7785156e-20,0.0
0,0.0,99464.15729441404,-0.65,1,-0.002746440341926052,1.0,8.8519576e-20,0.0
0,0.0,99464.15729441404,-0.65,2,0.0,1.0,8.7013e-20,0.0
0,0.0,99464.15729441404,-0.65,1,0.0,1.0,8.699707e-20,0.0
0,0.0,99464.15729441404,-0.65,0,0.0,1.0,8.7607183e-20,0.0
0,0.0,99464.15729441404,-0.65,2,0.0,1.0,8.985595e-20,0.0
0,0.0,99460.5212657905,-1.0,0,-0.0009571741005600034,1.0,8.6509935e-20,0.0
0,0.0,99460.5212657905,-1.0,2,0.0,1.0,8.850742e-20,0.0
0,0.0,99460.5212657905,-1.0,1,0.0,1.0,9.0026124e-20,0.0
0,0.0,99460.5212657905,-1.0,1,0.0,1.0,9.317771e-20,0.0
0,0.0,99460.5212657905,-1.0,0,0.0,1.0,9.1002585e-20,0.0
0,0.0,99460.5212657905,-1.0,2,0.0,1.0,8.8685866e-20,0.0
0,0.0,99460.5212657905,-1.0,0,0.0,1.0,8.859795e-20,0.0
0,0.0,99460.5212657905,-1.0,2,0.0,1.0,9.032747e-20,0.0
0,0.0,99460.5212657905,-1.0,1,0.0,1.0,8.780927e-20,0.0
0,0.0,99460.5212657905,-1.0,2,0.0,1.0,8.385214e-20,0.0
0,0.0,99460.5212657905,-1.0,2,0.0,1.0,8.306894e-20,0.0
0,0.0,99460.5212657905,-1.0,0,0.0,1.0,8.167632e-20,0.0
0,0.0,99460.5212657905,-1.0,0,0.0,1.0,8.1949714e-20,0.0
0,0.0,99460.5212657905,-1.0,2,0.0,1.0,8.1520685e-20,0.0
0,0.0,99460.5212657905,-1.0,0,0.0,1.0,8.5140137e-20,0.0
0,0.0,99460.5212657905,-1.0,1,0.0,1.0,8.356475e-20,0.0
0,0.0,99459.48494145069,-0.9,0,-0.00027280940843916893,1.0,8.543164e-20,0.0
0,0.0,99459.48494145069,-0.9,1,0.0,1.0,8.364895e-20,0.0
0,0.0,99459.48494145069,-0.9,1,0.0,1.0,8.7860204e-20,0.0
0,0.0,99459.48494145069,-0.9,1,0.0,1.0,8.535867e-20,0.0
0,0.0,99459.48494145069,-0.9,0,0.0,1.0,8.6325325e-20,0.0
0,0.0,99459.48494145069,-0.9,0,0.0,1.0,8.526885e-20,0.0
0,0.0,99459.48494145069,-0.9,2,0.0,1.0,8.455624e-20,0.0
0,0.0,99459.48494145069,-0.9,1,0.0,1.0,8.2112436e-20,0.0
0,0.0,99459.48494145069,-0.9,2,0.0,1.0,8.820004e-20,0.0
0,0.0,99459.48494145069,-0.9,1,0.0,1.0,8.94442e-20,0.0
0,0.0,99459.48494145069,-0.9,1,0.0,1.0,8.728561e-20,0.0
0,0.0,99459.48494145069,-0.9,2,0.0,1.0,8.856821e-20,0.0
0,0.0,99459.48494145069,-0.9,1,0.0,1.0,9.274932e-20,0.0
0,0.0,99459.48494145069,-0.9,0,0.0,1.0,8.9250604e-20,0.0
0,0.0,99459.48494145069,-0.9,2,0.0,1.0,8.942373e-20,0.0
0,0.0,99459.48494145069,-0.9,2,0.0,1.0,8.956985e-20,0.0
0,0.0,99459.48494145069,-0.9,2,0.0,1.0,9.147454e-20,0.0
0,0.0,99459.48494145069,-0.9,0,0.0,1.0,9.114572e-20,0.0
0,0.0,99459.48494145069,-0.9,1,0.0,1.0,9.4443075e-20,0.0
0,0.0,99459.48494145069,-0.9,2,0.0,1.0,9.441858e-20,0.0
0,0.0,99458.44686942971,-1.0,2,-0.00027326948048978997,1.0,9.6525005e-20,0.0
0,0.0,99458.44686942971,-1.0,2,0.0,1.0,9.4778e-20,0.0
0,0.0,99458.44686942971,-1.0,2,0.0,1.0,9.7741826e-20,0.0
0,0.0,99458.44686942971,-1.0,2,0.0,1.0,9.7363733e-20,0.0
0,0.0,99458.44686942971,-1.0,2,0.0,1.0,9.964224e-20,0.0
0,0.0,99458.44686942971,-1.0,2,0.0,1.0,9.7280576e-20,0.0
0,0.0,99458.44686942971,-1.0,0,0.0,1.0,9.77463e-20,0.0
0,0.0,99458.44686942971,-1.0,0,0.0,1.0,9.7989715e-20,0.0
0,0.0,99458.44686942971,-1.0,2,0.0,1.0,9.425592e-20,0.0
0,0.0,99458.44686942971,-1.0,0,0.0,1.0,1.007107e-19,0.0
0,0.0,99458.44686942971,-1.0,1,0.0,1.0,9.8080964e-20,0.0
0,0.0,99458.44686942971,-1.0,0,0.0,1.0,9.668273e-20,0.0
0,0.0,99458.44686942971,-1.0,1,0.0,1.0,9.360522e-20,0.0
0,0.0,99458.44686942971,-1.0,0,0.0,1.0,9.56716e-20,0.0
0,0.0,99458.44686942971,-1.0,0,0.0,1.0,9.391138e-20,0.0
0,0.0,99458.44686942971,-1.0,2,0.0,1.0,9.4591625e-20,0.0
0,0.0,99458.44686942971,-1.0,0,0.0,1.0,9.4559876e-20,0.0
0,0.0,99458.44686942971,-1.0,2,0.0,1.0,9.240182e-20,0.0
0,0.0,99458.44686942971,-1.0,0,0.0,1.0,9.10387e-20,0.0
0,0.0,99458.44686942971,-1.0,2,0.0,1.0,9.5901065e-20,0.0
0,0.0,99458.44686942971,-1.0,2,0.0,1.0,9.198121e-20,0.0
0,0.0,99458.44686942971,-1.0,1,0.0,1.0,9.5002424e-20,0.0
0,0.0,99458.44686942971,-1.0,1,0.0,1.0,9.3174865e-20,0.0
0,0.0,99458.44686942971,-1.0,0,0.0,1.0,9.3292945e-20,0.0
0,0.0,99458.44686942971,-1.0,2,0.0,1.0,9.555342e-20,0.0
0,0.0,99458.44686942971,-1.0,0,0.0,1.0,9.950853e-20,0.0
0,0.0,99458.44686942971,-1.0,2,0.0,1.0,9.769262e-20,0.0
0,0.0,99458.44686942971,-1.0,2,0.0,1.0,9.917202e-20,0.0
0,0.0,99458.44686942971,-1.0,1,0.0,1.0,1.02816204e-19,0.0
0,0.0,99450.65881613067,-0.25,0,-0.0020501826810115486,1.0,1.0154706e-19,0.0
0,0.0,99450.65881613067,-0.25,2,0.0,1.0,1.02880543e-19,0.0
0,0.0,99445.44264427848,-0.75,1,-0.001373142270851394,1.0,1.050763e-19,0.0
0,0.0,99445.44264427848,-0.75,2,0.0,1.0,1.0082448e-19,0.0
0,0.0,99445.44264427848,-0.75,1,0.0,1.0,9.786718e-20,0.0
0,0.0,99445.44264427848,-0.75,0,0.0,1.0,1.00363995e-19,0.0
0,0.0,99445.44264427848,-0.75,0,0.0,1.0,9.7366706e-20,0.0
0,0.0,99445.44264427848,-0.75,2,0.0,1.0,9.963768e-20,0.0
0,0.0,99445.44264427848,-0.75,1,0.0,1.0,9.973807e-20,0.0
0,0.0,99445.44264427848,-0.75,0,0.0,1.0,1.01739377e-19,0.0
0,0.0,99445.44264427848,-0.75,0,0.0,1.0,1.02927654e-19,0.0
0,0.0,99445.44264427848,-0.75,0,0.0,1.0,1.04132985e-19,0.0
0,0.0,99445.44264427848,-0.75,1,0.0,1.0,1.029041e-19,0.0
0,0.0,99445.44264427848,-0.75,2,0.0,1.0,1.0321389e-19,0.0
0,0.0,99445.44264427848,-0.75,0,0.0,1.0,1.05100354e-19,0.0
0,0.0,99445.44264427848,-0.75,2,0.0,1.0,1.0350092e-19,0.0
0,0.0,99445.44264427848,-0.75,1,0.0,1.0,1.0140925e-19,0.0
0,0.0,99444.40627721018,-0.65,0,-0.0002728206565897225,1.0,1.04139344e-19,0.0
0,0.0,99444.40627721018,-0.65,1,0.0,1.0,1.0190562e-19,0.0
0,0.0,99444.40627721018,-0.65,1,0.0,1.0,1.0377292e-19,0.0
0,0.0,99444.40627721018,-0.65,0,0.0,1.0,1.0277856e-19,0.0
0,0.0,99444.40627721018,-0.65,1,0.0,1.0,1.0166023e-19,0.0
0,0.0,99444.40627721018,-0.65,2,0.0,1.0,1.058245e-19,0.0
0,0.0,99444.40627721018,-0.65,2,0.0,1.0,1.05151684e-19,0.0
0,0.0,99444.40627721018,-0.65,0,0.0,1.0,1.0305809e-19,0.0
0,0.0,99444.40627721018,-0.65,0,0.0,1.0,1.0543123e-19,0.0
0,0.0,99444.40627721018,-0.65,1,0.0,1.0,1.06766845e-19,0.0
0,0.0,99444.40627721018,-0.65,0,0.0,1.0,1.018994e-19,0.0
0,0.0,99444.40627721018,-0.65,2,0.0,1.0,1.02968496e-19,0.0
0,0.0,99444.40627721018,-0.65,1,0.0,1.0,1.0354515e-19,0.0
0,0.0,99443.3697985677,-0.55,2,-0.00027285002817139246,1.0,1.0134273e-19,0.0
0,0.0,99438.69852429006,-1.0,0,-0.0012296995480837215,1.0,9.727316e-20,0.0
0,0.0,99438.69852429006,-1.0,1,0.0,1.0,9.766281e-20,0.0
0,0.0,99430.90378159468,-0.25,0,-0.0020519436454003613,1.0,9.620886e-20,0.0
0,0.0,99430.90378159468,-0.25,1,0.0,1.0,9.608562e-20,0.0
0,0.0,99430.90378159468,-0.25,2,0.0,1.0,9.6939765e-20,0.0
0,0.0,99430.90378159468,-0.25,2,0.0,1.0,9.820976e-20,0.0
0,0.0,99430.90378159468,-0.25,0,0.0,1.0,9.871306e-20,0.0
0,0.0,99430.90378159468,-0.25,1,0.0,1.0,9.966961e-20,0.0
0,0.0,99430.90378159468,-0.25,2,0.0,1.0,9.834472e-20,0.0
0,0.0,99430.90378159468,-0.25,0,0.0,1.0,9.5401907e-20,0.0
0,0.0,99430.90378159468,-0.25,0,0.0,1.0,9.6797864e-20,0.0
0,0.0,99430.90378159468,-0.25,0,0.0,1.0,9.284844e-20,0.0
0,0.0,99430.90378159468,-0.25,2,0.0,1.0,9.355382e-20,0.0
0,0.0,99430.90378159468,-0.25,2,0.0,1.0,9.49517e-20,0.0
0,0.0,99430.90378159468,-0.25,1,0.0,1.0,9.435809e-20,0.0
0,0.0,99430.90378159468,-0.25,0,0.0,1.0,9.6883574e-20,0.0
0,0.0,99430.90378159468,-0.25,2,0.0,1.0,9.753027e-20,0.0
0,0.0,99430.90378159468,-0.25,2,0.0,1.0,9.76807e-20,0.0
0,0.0,99430.90378159468,-0.25,2,0.0,1.0,9.8440807e-20,0.0
0,0.0,99430.90378159468,-0.25,1,0.0,1.0,9.868294e-20,0.0
0,0.0,99430.90378159468,-0.25,2,0.0,1.0,9.856857e-20,0.0
0,0.0,99430.90378159468,-0.25,1,0.0,1.0,9.628229e-20,0.0
0,0.0,99429.86734448734,-0.15,1,-0.00027283909416531707,1.0,9.829521e-20,0.0
0,0.0,99429.86734448734,-0.15,2,0.0,1.0,9.754218e-20,0.0
0,0.0,99429.86734448734,-0.15,0,0.0,1.0,9.87447e-20,0.0
0,0.0,99429.86734448734,-0.15,0,0.0,1.0,9.7558554e-20,0.0
0,0.0,99429.86734448734,-0.15,0,0.0,1.0,9.674323e-20,0.0
0,0.0,99429.86734448734,-0.15,2,0.0,1.0,9.406196e-20,0.0
0,0.0,99429.86734448734,-0.15,0,0.0,1.0,9.442435e-20,0.0
0,0.0,99429.86734448734,-0.15,2,0.0,1.0,9.298313e-20,0.0
0,0.0,99429.86734448734,-0.15,2,0.0,1.0,9.4136624e-20,0.0
0,0.0,99429.86734448734,-0.15,0,0.0,1.0,9.384691e-20,0.0
0,0.0,99429.86734448734,-0.15,2,0.0,1.0,9.3357026e-20,0.0
0,0.0,99429.86734448734,-0.15,0,0.0,1.0,9.3768186e-20,0.0
0,0.0,99429.86734448734,-0.15,1,0.0,1.0,9.312938e-20,0.0
0,0.0,99429.86734448734,-0.15,0,0.0,1.0,9.251186e-20,0.0
0,0.0,99429.86734448734,-0.15,1,0.0,1.0,9.215682e-20,0.0
0,0.0,99429.86734448734,-0.15,2,0.0,1.0,9.231163e-20,0.0
0,0.0,99429.86734448734,-0.15,0,0.0,1.0,8.884434e-20,0.0
0,0.0,99429.86734448734,-0.15,0,0.0,1.0,8.988475e-20,0.0
0,0.0,99429.86734448734,-0.15,2,0.0,1.0,9.198963e-20,0.0
0,0.0,99429.86734448734,-0.15,2,0.0,1.0,9.3294367e-20,0.0
0,0.0,99429.86734448734,-0.15,0,0.0,1.0,9.2732336e-20,0.0
0,0.0,99429.86734448734,-0.15,0,0.0,1.0,9.3355604e-20,0.0
0,0.0,99429.86734448734,-0.15,2,0.0,1.0,9.3415445e-20,0.0
0,0.0,99429.86734448734,-0.15,2,0.0,1.0,9.563365e-20,0.0
0,0.0,99429.86734448734,-0.15,2,0.0,1.0,9.491114e-20,0.0
0,0.0,99429.86734448734,-0.15,1,0.0,1.0,9.523465e-20,0.0
0,0.0,99428.83067224074,-0.04999999999999999,0,-0.0002729009939010705,1.0,9.580892e-20,0.0
0,0.0,99428.83067224074,-0.04999999999999999,2,0.0,1.0,1.0092607e-19,0.0
0,0.0,99428.83067224074,-0.04999999999999999,2,0.0,1.0,9.9627035e-20,0.0
0,0.0,99428.83067224074,-0.04999999999999999,1,0.0,1.0,9.920986e-20,0.0
0,0.0,99428.83067224074,-0.04999999999999999,1,0.0,1.0,1.0545537e-19,0.0
0,0.0,99428.83067224074,-0.04999999999999999,0,0.0,1.0,1.02513863e-19,0.0
0,0.0,99428.83067224074,-0.04999999999999999,1,0.0,1.0,9.946299e-20,0.0
0,0.0,99428.83067224074,-0.04999999999999999,0,0.0,1.0,9.90057e-20,0.0
0,0.0,99428.83067224074,-0.04999999999999999,2,0.0,1.0,9.7494564e-20,0.0
0,0.0,99428.83067224074,-0.04999999999999999,0,0.0,1.0,9.3248827e-20,0.0
0,0.0,99428.83067224074,-0.04999999999999999,1,0.0,1.0,9.3230325e-20,0.0
0,0.0,99421.02895329939,0.7,0,-0.0020537801221330865,1.0,9.5135884e-20,0.0
0,0.0,99421.02895329939,0.7,1,0.0,1.0,9.399309e-20,0.0
0,0.0,99421.02895329939,0.7,1,0.0,1.0,9.368238e-20,0.0
0,0.0,99421.02895329939,0.7,2,0.0,1.0,9.2213087e-20,0.0
0,0.0,99421.02895329939,0.7,2,0.0,1.0,9.217651e-20,0.0
0,0.0,99421.02895329939,0.7,2,0.0,1.0,8.9109085e-20,0.0
0,0.0,99421.02895329939,0.7,2,0.0,1.0,9.2329945e-20,0.0
0,0.0,99421.02895329939,0.7,0,0.0,1.0,9.480114e-20,0.0
0,0.0,99421.02895329939,0.7,0,0.0,1.0,9.286828e-20,0.0
0,0.0,99421.02895329939,0.7,0,0.0,1.0,9.44229e-20,0.0
0,0.0,99421.02895329939,0.7,1,0.0,1.0,1.0061547e-19,0.0
0,0.0,99417.91528487379,1.0,2,-0.000819664277512919,1.0,1.0041761e-19,0.0
0,0.0,99417.91528487379,1.0,1,0.0,1.0,9.7862704e-20,0.0
0,0.0,99417.91528487379,1.0,1,0.0,1.0,9.5179447e-20,0.0
0,0.0,99417.91528487379,1.0,0,0.0,1.0,9.308108e-20,0.0
0,0.0,99417.91528487379,1.0,1,0.0,1.0,9.601967e-20,0.0
0,0.0,99417.91528487379,1.0,2,0.0,1.0,9.490535e-20,0.0
0,0.0,99417.91528487379,1.0,1,0.0,1.0,9.932952e-20,0.0
0,0.0,99417.91528487379,1.0,2,0.0,1.0,9.597719e-20,0.0
0,0.0,99416.87893334898,0.9,1,-0.00027281656480866885,1.0,9.5721244e-20,0.0
0,0.0,99416.87893334898,0.9,0,0.0,1.0,9.6352835e-20,0.0
0,0.0,99416.87893334898,0.9,1,0.0,1.0,9.669453e-20,0.0
0,0.0,99416.87893334898,0.9,1,0.0,1.0,9.4165356e-20,0.0
0,0.0,99416.87893334898,0.9,1,0.0,1.0,1.00157465e-19,0.0
0,0.0,99416.87893334898,0.9,0,0.0,1.0,9.567014e-20,0.0
0,0.0,99416.87893334898,0.9,0,0.0,1.0,9.6314616e-20,0.0
0,0.0,99416.87893334898,0.9,2,0.0,1.0,9.439697e-20,0.0
0,0.0,99416.87893334898,0.9,1,0.0,1.0,9.682446e-20,0.0
0,0.0,99416.87893334898,0.9,0,0.0,1.0,9.742764e-20,0.0
0,0.0,99416.87893334898,0.9,1,0.0,1.0,9.658688e-20,0.0
0,0.0,99416.87893334898,0.9,2,0.0,1.0,9.333423e-20,0.0
0,0.0,99416.87893334898,0.9,1,0.0,1.0,9.3977314e-20,0.0
0,0.0,99416.87893334898,0.9,0,0.0,1.0,9.6709285e-20,0.0
0,0.0,99416.87893334898,0.9,2,0.0,1.0,9.612375e-20,0.0
0,0.0,99416.87893334898,0.9,2,0.0,1.0,9.3722413e-20,0.0
0,0.0,99416.87893334898,0.9,2,0.0,1.0,9.4084925e-20,0.0
0,0.0,99416.87893334898,0.9,2,0.0,1.0,9.182555e-20,0.0
0,0.0,99409.09175961529,0.15000000000000002,1,-0.002049951137959641,1.0,9.301293e-20,0.0
0,0.0,99409.09175961529,0.15000000000000002,0,0.0,1.0,9.367952e-20,0.0
0,0.0,99409.09175961529,0.15000000000000002,2,0.0,1.0,9.605924e-20,0.0
0,0.0,99409.09175961529,0.15000000000000002,0,0.0,1.0,9.279462e-20,0.0
0,0.0,99409.09175961529,0.15000000000000002,0,0.0,1.0,9.2231375e-20,0.0
0,0.0,99409.09175961529,0.15000000000000002,2,0.0,1.0,9.289804e-20,0.0
0,0.0,99401.30459223506,-0.6,2,-0.00204994946542741,1.0,9.4300516e-20,0.0
0,0.0,99397.15554484776,-1.0,2,-0.0010922248178739634,1.0,9.6135487e-20,0.0
0,0.0,99397.15554484776,-1.0,2,0.0,1.0,9.7491585e-20,0.0
0,0.0,99397.15554484776,-1.0,0,0.0,1.0,9.480838e-20,0.0
0,0.0,99397.15554484776,-1.0,2,0.0,1.0,9.359522e-20,0.0
0,0.0,99397.15554484776,-1.0,2,0.0,1.0,9.586303e-20,0.0
0,0.0,99397.15554484776,-1.0,1,0.0,1.0,9.3938605e-20,0.0
0,0.0,99397.15554484776,-1.0,1,0.0,1.0,9.5416466e-20,0.0
0,0.0,99397.15554484776,-1.0,2,0.0,1.0,9.4512274e-20,0.0
0,0.0,99397.15554484776,-1.0,1,0.0,1.0,9.128769e-20,0.0
0,0.0,99397.15554484776,-1.0,2,0.0,1.0,9.076268e-20,0.0
0,0.0,99397.15554484776,-1.0,0,0.0,1.0,9.511847e-20,0.0
0,0.0,99397.15554484776,-1.0,2,0.0,1.0,9.279745e-20,0.0
0,0.0,99397.15554484776,-1.0,1,0.0,1.0,9.558696e-20,0.0
0,0.0,99397.15554484776,-1.0,2,0.0,1.0,9.415961e-20,0.0
0,0.0,99397.15554484776,-1.0,1,0.0,1.0,9.4779447e-20,0.0
0,0.0,99396.11880264312,-0.9,2,-0.000272919410154711,1.0,9.269838e-20,0.0
0,0.0,99396.11880264312,-0.9,0,0.0,1.0,9.343256e-20,0.0
0,0.0,99396.11880264312,-0.9,0,0.0,1.0,9.4136624e-20,0.0
0,0.0,99396.11880264312,-0.9,2,0.0,1.0,9.3442535e-20,0.0
0,0.0,99396.11880264312,-0.9,0,0.0,1.0,9.099842e-20,0.0
0,0.0,99396.11880264312,-0.9,0,0.0,1.0,8.961907e-20,0.0
0,0.0,99396.11880264312,-0.9,1,0.0,1.0,9.321753e-20,0.0
0,0.0,99396.11880264312,-0.9,0,0.0,1.0,9.205422e-20,0.0
0,0.0,99396.11880264312,-0.9,0,0.0,1.0,9.2937736e-20,0.0
0,0.0,99396.11880264312,-0.9,1,0.0,1.0,9.0331606e-20,0.0
0,0.0,99396.11880264312,-0.9,0,0.0,1.0,8.919751e-20,0.0
0,0.0,99396.11880264312,-0.9,1,0.0,1.0,8.992316e-20,0.0
0,0.0,99396.11880264312,-0.9,1,0.0,1.0,9.075852e-20,0.0
0,0.0,99396.11880264312,-0.9,2,0.0,1.0,8.989984e-20,0.0
0,0.0,99396.11880264312,-0.9,1,0.0,1.0,9.168974e-20,0.0
0,0.0,99396.11880264312,-0.9,2,0.0,1.0,8.969568e-20,0.0
0,0.0,99396.11880264312,-0.9,1,0.0,1.0,8.8226955e-20,0.0
0,0.0,99395.08207305247,-0.8,0,-0.00027291608955724736,1.0,8.960676e-20,0.0
0,0.0,99395.08207305247,-0.8,2,0.0,1.0,9.202613e-20,0.0
0,0.0,99395.08207305247,-0.8,0,0.0,1.0,9.2509036e-20,0.0
0,0.0,99395.08207305247,-0.8,1,0.0,1.0,9.190966e-20,0.0
0,0.0,99387.27250693853,-0.050000000000000044,2,-0.0020558458677968584,1.0,9.007697e-20,0.0
0,0.0,99387.27250693853,-0.050000000000000044,0,0.0,1.0,8.953569e-20,0.0
0,0.0,99387.27250693853,-0.050000000000000044,0,0.0,1.0,8.966557e-20,0.0
0,0.0,99387.27250693853,-0.050000000000000044,0,0.0,1.0,8.987515e-20,0.0
0,0.0,99387.27250693853,-0.050000000000000044,0,0.0,1.0,9.051511e-20,0.0
0,0.0,99387.27250693853,-0.050000000000000044,2,0.0,1.0,8.765131e-20,0.0
0,0.0,99387.27250693853,-0.050000000000000044,2,0.0,1.0,8.8061525e-20,0.0
0,0.0,99387.27250693853,-0.050000000000000044,1,0.0,1.0,8.870752e-20,0.0
0,0.0,99386.23586077151,0.04999999999999996,0,-0.00027289412852682696,1.0,8.719775e-20,0.0
0,0.0,99386.23586077151,0.04999999999999996,1,0.0,1.0,8.7866905e-20,0.0
0,0.0,99386.23586077151,0.04999999999999996,2,0.0,1.0,8.6034707e-20,0.0
0,0.0,99386.23586077151,0.04999999999999996,1,0.0,1.0,8.605966e-20,0.0
0,0.0,99386.23586077151,0.04999999999999996,2,0.0,1.0,8.5680983e-20,0.0
0,0.0,99386.23586077151,0.04999999999999996,1,0.0,1.0,8.768074e-20,0.0
0,0.0,99385.19914643835,0.14999999999999997,1,-0.00027291207306958347,1.0,8.896236e-20,0.0
0,0.0,99385.19914643835,0.14999999999999997,0,0.0,1.0,9.014847e-20,0.0
0,0.0,99385.19914643835,0.14999999999999997,0,0.0,1.0,9.27932e-20,0.0
0,0.0,99385.19914643835,0.14999999999999997,2,0.0,1.0,9.4772215e-20,0.0
0,0.0,99385.19914643835,0.14999999999999997,2,0.0,1.0,9.324029e-20,0.0
0,0.0,99380.20852934188,-0.8500000000000001,0,-0.0013137656286971748,1.0,9.520704e-20,0.0
0,0.0,99380.20852934188,-0.8500000000000001,0,0.0,1.0,1.0358308e-19,0.0
0,0.0,99380.20852934188,-0.8500000000000001,1,0.0,1.0,9.613255e-20,0.0
0,0.0,99380.20852934188,-0.8500000000000001,2,0.0,1.0,9.962247e-20,0.0
0,0.0,99380.20852934188,-0.8500000000000001,0,0.0,1.0,9.4568535e-20,0.0
0,0.0,99380.20852934188,-0.8500000000000001,2,0.0,1.0,9.865735e-20,0.0
0,0.0,99379.17199933728,-0.9500000000000001,0,-0.00027286354910204474,1.0,9.990257e-20,0.0
0,0.0,99379.17199933728,-0.9500000000000001,0,0.0,1.0,1.04223594e-19,0.0
0,0.0,99379.17199933728,-0.9500000000000001,2,0.0,1.0,1.0665287e-19,0.0
0,0.0,99378.65382106739,-1.0,2,-0.00013640894249426132,1.0,9.93371e-20,0.0
0,0.0,99378.65382106739,-1.0,1,0.0,1.0,1.05315466e-19,0.0
0,0.0,99378.65382106739,-1.0,0,0.0,1.0,1.075156e-19,0.0
0,0.0,99378.65382106739,-1.0,2,0.0,1.0,1.1778407e-19,0.0
0,0.0,99378.65382106739,-1.0,0,0.0,1.0,1.1619711e-19,0.0
0,0.0,99378.65382106739,-1.0,1,0.0,1.0,1.1920156e-19,0.0
0,0.0,99370.77875748019,-0.25,0,-0.002073087889669708,1.0,1.1643138e-19,0.0
0,0.0,99370.77875748019,-0.25,1,0.0,1.0,1.2416582e-19,0.0
0,0.0,99370.77875748019,-0.25,0,0.0,1.0,1.177104e-19,0.0
0,0.0,99370.77875748019,-0.25,0,0.0,1.0,1.1847443e-19,0.0
0,0.0,99370.77875748019,-0.25,1,0.0,1.0,1.1423864e-19,0.0
0,0.0,99370.77875748019,-0.25,1,0.0,1.0,1.07461476e-19,0.0
0,0.0,99370.77875748019,-0.25,0,0.0,1.0,1.1086083e-19,0.0
0,0.0,99370.77875748019,-0.25,1,0.0,1.0,1.1157358e-19,0.0
0,0.0,99370.77875748019,-0.25,0,0.0,1.0,1.0636034e-19,0.0
0,0.0,99370.77875748019,-0.25,0,0.0,1.0,1.02930795e-19,0.0
0,0.0,99370.77875748019,-0.25,1,0.0,1.0,9.8461835e-20,0.0
0,0.0,99368.16736719995,0.0,0,-0.0006874409971724014,1.0,9.787316e-20,0.0
0,0.0,99368.16736719995,0.0,2,0.0,1.0,9.8651324e-20,0.0
0,0.0,99368.16736719995,0.0,2,0.0,1.0,1.0337623e-19,0.0
0,0.0,99368.16736719995,0.0,1,0.0,1.0,1.0185898e-19,0.0
0,0.0,99368.16736719995,0.0,2,0.0,1.0,1.083291e-19,0.0
0,0.0,99368.16736719995,0.0,0,0.0,1.0,1.1398443e-19,0.0
0,0.0,99368.16736719995,0.0,2,0.0,1.0,1.1046064e-19,0.0
0,0.0,99368.16736719995,0.0,1,0.0,1.0,1.08305956e-19,0.0
0,0.0,99368.16736719995,0.0,0,0.0,1.0,1.0663171e-19,0.0
0,0.0,99368.16736719995,0.0,1,0.0,1.0,1.02981065e-19,0.0
0,0.0,99368.16736719995,0.0,2,0.0,1.0,1.01584254e-19,0.0
0,0.0,99368.16736719995,0.0,2,0.0,1.0,1.1143746e-19,0.0
0,0.0,99368.16736719995,0.0,1,0.0,1.0,1.0925873e-19,0.0
0,0.0,99368.16736719995,0.0,1,0.0,1.0,1.1011565e-19,0.0
0,0.0,99368.16736719995,0.0,1,0.0,1.0,1.1396703e-19,0.0
0,0.0,99368.16736719995,0.0,1,0.0,1.0,1.1347596e-19,0.0
0,0.0,99368.16736719995,0.0,2,0.0,1.0,1.0934879e-19,0.0
0,0.0,99368.16736719995,0.0,2,0.0,1.0,1.0839358e-19,0.0
0,0.0,99368.16736719995,0.0,2,0.0,1.0,1.0734184e-19,0.0
0,0.0,99357.77296411416,-1.0,1,-0.0027362967827344337,1.0,9.8930194e-20,0.0
0,0.0,99357.77296411416,-1.0,0,0.0,1.0,1.03143044e-19,0.0
0,0.0,99357.77296411416,-1.0,2,0.0,1.0,1.0609613e-19,0.0
0,0.0,99357.77296411416,-1.0,2,0.0,1.0,1.0599095e-19,0.0
0,0.0,99357.77296411416,-1.0,1,0.0,1.0,1.0198495e-19,0.0
0,0.0,99357.77296411416,-1.0,0,0.0,1.0,1.03977385e-19,0.0
0,0.0,99357.67530786416,-1.0,2,-2.5707727561039366e-05,1.0,1.04499084e-19,0.0
0,0.0,99357.67530786416,-1.0,2,0.0,1.0,1.0150058e-19,0.0
0,0.0,99357.67530786416,-1.0,0,0.0,1.0,1.0113882e-19,0.0
0,0.0,99357.67530786416,-1.0,1,0.0,1.0,1.0108482e-19,0.0
0,0.0,99357.67530786416,-1.0,1,0.0,1.0,9.262062e-20,0.0
0,0.0,99347.0201152878,0.0,0,-0.0028049488677228313,1.0,9.312512e-20,0.0
0,0.0,99347.0201152878,0.0,1,0.0,1.0,9.779702e-20,0.0
0,0.0,99347.0201152878,0.0,1,0.0,1.0,9.7061134e-20,0.0
0,0.0,99347.0201152878,0.0,0,0.0,1.0,9.851293e-20,0.0
0,0.0,99347.0201152878,0.0,1,0.0,1.0,1.0115425e-19,0.0
0,0.0,99347.0201152878,0.0,0,0.0,1.0,9.7762706e-20,0.0
0,0.0,99347.0201152878,0.0,2,0.0,1.0,9.804505e-20,0.0
0,0.0,99347.0201152878,0.0,2,0.0,1.0,8.952476e-20,0.0
0,0.0,99347.0201152878,0.0,0,0.0,1.0,8.3884134e-20,0.0
0,0.0,99347.0201152878,0.0,2,0.0,1.0,8.839135e-20,0.0
0,0.0,99347.0201152878,0.0,1,0.0,1.0,8.3143756e-20,0.0
0,0.0,99347.0201152878,0.0,2,0.0,1.0,8.496753e-20,0.0
0,0.0,99347.0201152878,0.0,1,0.0,1.0,8.2758974e-20,0.0
0,0.0,99347.0201152878,0.0,2,0.0,1.0,8.2947345e-20,0.0
0,0.0,99347.0201152878,0.0,0,0.0,1.0,7.883432e-20,0.0
0,0.0,99347.0201152878,0.0,2,0.0,1.0,8.496882e-20,0.0
0,0.0,99347.0201152878,0.0,1,0.0,1.0,7.9906125e-20,0.0
0,0.0,99347.0201152878,0.0,0,0.0,1.0,7.7989625e-20,0.0
0,0.0,99347.0201152878,0.0,0,0.0,1.0,8.421245e-20,0.0
0,0.0,99347.0201152878,0.0,2,0.0,1.0,8.2862585e-20,0.0
0,0.0,99347.0201152878,0.0,2,0.0,1.0,8.528446e-20,0.0
0,0.0,99347.0201152878,0.0,1,0.0,1.0,8.5384724e-20,0.0
0,0.0,99347.0201152878,0.0,1,0.0,1.0,8.803734e-20,0.0
0,0.0,99347.0201152878,0.0,2,0.0,1.0,8.036466e-20,0.0
0,0.0,99347.0201152878,0.0,2,0.0,1.0,8.3054995e-20,0.0
0,0.0,99347.0201152878,0.0,0,0.0,1.0,8.444277e-20,0.0
0,0.0,99347.0201152878,0.0,2,0.0,1.0,8.299039e-20,0.0
0,0.0,99347.0201152878,0.0,1,0.0,1.0,8.362088e-20,0.0
0,0.0,99347.0201152878,0.0,2,0.0,1.0,8.3795865e-20,0.0
0,0.0,99347.0201152878,0.0,0,0.0,1.0,8.135293e-20,0.0
0,0.0,99347.0201152878,0.0,0,0.0,1.0,8.481209e-20,0.0
0,0.0,99347.0201152878,0.0,1,0.0,1.0,8.67161e-20,0.0
0,0.0,99347.0201152878,0.0,0,0.0,1.0,7.9440507e-20,0.0
0,0.0,99347.0201152878,0.0,2,0.0,1.0,8.090727e-20,0.0
0,0.0,99347.0201152878,0.0,1,0.0,1.0,7.718576e-20,0.0
0,0.0,99347.0201152878,0.0,2,0.0,1.0,7.78921e-20,0.0
0,0.0,99341.83537319672,-0.5,2,-0.0013648684764332934,1.0,7.416203e-20,0.0
0,0.0,99341.83537319672,-0.5,1,0.0,1.0,7.480644e-20,0.0
0,0.0,99341.83537319672,-0.5,1,0.0,1.0,6.955088e-20,0.0
0,0.0,99341.83537319672,-0.5,1,0.0,1.0,6.9280784e-20,0.0
0,0.0,99341.83537319672,-0.5,0,0.0,1.0,7.30847e-20,0.0
0,0.0,99341.83537319672,-0.5,1,0.0,1.0,7.262891e-20,0.0
0,0.0,99340.79517805667,-0.4,1,-0.00027382838549386095,1.0,7.357928e-20,0.0
0,0.0,99340.79517805667,-0.4,1,0.0,1.0,7.558552e-20,0.0
0,0.0,99340.79517805667,-0.4,2,0.0,1.0,7.331368e-20,0.0
0,0.0,99340.79517805667,-0.4,2,0.0,1.0,7.599259e-20,0.0
0,0.0,99340.79517805667,-0.4,2,0.0,1.0,6.992545e-20,0.0
0,0.0,99340.79517805667,-0.4,0,0.0,1.0,7.0027954e-20,0.0
0,0.0,99340.79517805667,-0.4,1,0.0,1.0,7.1769615e-20,0.0
0,0.0,99340.79517805667,-0.4,0,0.0,1.0,7.2936534e-20,0.0
0,0.0,99340.79517805667,-0.4,1,0.0,1.0,7.145491e-20,0.0
0,0.0,99340.79517805667,-0.4,1,0.0,1.0,7.3950716e-20,0.0
0,0.0,99340.79517805667,-0.4,2,0.0,1.0,7.266549e-20,0.0
0,0.0,99334.57216068258,-1.0,2,-0.001638191465067855,1.0,7.284422e-20,0.0
0,0.0,99334.57216068258,-1.0,0,0.0,1.0,7.390785e-20,0.0
0,0.0,99334.57216068258,-1.0,2,0.0,1.0,7.596593e-20,0.0
0,0.0,99334.57216068258,-1.0,0,0.0,1.0,7.4678706e-20,0.0
0,0.0,99334.57216068258,-1.0,2,0.0,1.0,7.5531335e-20,0.0
0,0.0,99334.57216068258,-1.0,2,0.0,1.0,7.5489853e-20,0.0
0,0.0,99334.57216068258,-1.0,1,0.0,1.0,7.3754635e-20,0.0
0,0.0,99334.57216068258,-1.0,1,0.0,1.0,7.4692387e-20,0.0
0,0.0,99334.57216068258,-1.0,0,0.0,1.0,7.3290186e-20,0.0
0,0.0,99334.57216068258,-1.0,1,0.0,1.0,7.467985e-20,0.0
0,0.0,99334.57216068258,-1.0,1,0.0,1.0,7.5123296e-20,0.0
0,0.0,99334.57216068258,-1.0,1,0.0,1.0,7.9035466e-20,0.0
0,0.0,99334.57216068258,-1.0,1,0.0,1.0,7.841203e-20,0.0
0,0.0,99331.91798144061,-0.75,1,-0.0006987050685525113,1.0,8.068782e-20,0.0
0,0.0,99331.91798144061,-0.75,0,0.0,1.0,7.855933e-20,0.0
0,0.0,99331.91798144061,-0.75,2,0.0,1.0,7.841442e-20,0.0
0,0.0,99331.91798144061,-0.75,2,0.0,1.0,7.9076476e-20,0.0
0,0.0,99331.91798144061,-0.75,2,0.0,1.0,7.7568306e-20,0.0
0,0.0,99331.91798144061,-0.75,1,0.0,1.0,7.767846e-20,0.0
0,0.0,99330.86958928492,-0.65,1,-0.00027598622633528806,1.0,7.879945e-20,0.0
0,0.0,99329.83030839308,-0.55,2,-0.0002735877122747252,1.0,7.902461e-20,0.0
0,0.0,99329.83030839308,-0.55,1,0.0,1.0,8.08135e-20,0.0
0,0.0,99329.77444901808,-0.55,1,-1.470482016568067e-05,1.0,7.989759e-20,0.0
0,0.0,99329.77444901808,-0.55,1,0.0,1.0,7.2038416e-20,0.0
0,0.0,99329.33401933058,-0.55,1,-0.00011594185130028755,1.0,7.5747165e-20,0.0
0,0.0,99329.11487870557,-0.55,1,-5.768814064850464e-05,1.0,9.172892e-20,0.0
0,0.0,99329.11487870557,-0.55,2,0.0,1.0,8.168504e-20,0.0
0,0.0,99329.11487870557,-0.55,0,0.0,1.0,8.662353e-20,0.0
0,0.0,99329.11487870557,-0.55,0,0.0,1.0,8.151073e-20,0.0
0,0.0,99329.11487870557,-0.55,2,0.0,1.0,7.617718e-20,0.0
0,0.0,99328.07840969044,-0.65,0,-0.00027284749380087383,1.0,8.256095e-20,0.0
0,0.0,99328.07840969044,-0.65,0,0.0,1.0,7.8878845e-20,0.0
0,0.0,99328.07840969044,-0.65,1,0.0,1.0,8.6702875e-20,0.0
0,0.0,99328.07840969044,-0.65,0,0.0,1.0,7.59161e-20,0.0
0,0.0,99328.07840969044,-0.65,0,0.0,1.0,7.8380934e-20,0.0
0,0.0,99327.29891750294,-0.65,1,-0.0002051990813929824,1.0,7.4880674e-20,0.0
0,0.0,99324.68372788512,-0.4,0,-0.0006884411618854032,1.0,8.764328e-20,0.0
0,0.0,99324.68372788512,-0.4,1,0.0,1.0,7.153127e-20,0.0
0,0.0,99324.68372788512,-0.4,0,0.0,1.0,9.005498e-20,0.0
0,0.0,99324.16341538512,-0.4,1,-0.0001369707724444516,1.0,7.402184e-20,0.0
0,0.0,99324.16341538512,-0.4,0,0.0,1.0,8.2484144e-20,0.0
0,0.0,99324.16341538512,-0.4,1,0.0,1.0,7.7051616e-20,0.0
0,0.0,99324.16341538512,-0.4,2,0.0,1.0,7.381318e-20,0.0
0,0.0,99320.98835432112,-1.0,2,-0.0008358257133875501,1.0,8.1828506e-20,0.0
0,0.0,99320.98835432112,-1.0,2,0.0,1.0,6.503463e-20,0.0
0,0.0,99320.98835432112,-1.0,2,0.0,1.0,8.361832e-20,0.0
0,0.0,99320.98835432112,-1.0,2,0.0,1.0,8.481468e-20,0.0
0,0.0,99320.98835432112,-1.0,2,0.0,1.0,7.780776e-20,0.0
0,0.0,99320.69147932112,-1.0,1,-7.815149178555968e-05,1.0,7.092806e-20,0.0
0,0.0,99320.69147932112,-1.0,1,0.0,1.0,9.041296e-20,0.0
0,0.0,99320.69147932112,-1.0,0,0.0,1.0,8.098508e-20,0.0
0,0.0,99320.69147932112,-1.0,0,0.0,1.0,9.2804534e-20,0.0
0,0.0,99320.69147932112,-1.0,0,0.0,1.0,9.687618e-20,0.0
0,0.0,99320.69147932112,-1.0,0,0.0,1.0,8.93269e-20,0.0
0,0.0,99320.69147932112,-1.0,2,0.0,1.0,9.0039863e-20,0.0
0,0.0,99320.69147932112,-1.0,0,0.0,1.0,9.5192514e-20,0.0
0,0.0,99320.69147932112,-1.0,0,0.0,1.0,1.0304237e-19,0.0
0,0.0,99320.69147932112,-1.0,0,0.0,1.0,8.8371123e-20,0.0
0,0.0,99320.69147932112,-1.0,1,0.0,1.0,8.50181e-20,0.0
0,0.0,99320.19147932112,-1.0,2,-0.00013162356511252157,1.0,8.177858e-20,0.0
0,0.0,99320.19147932112,-1.0,2,0.0,1.0,9.1667354e-20,0.0
0,0.0,99320.19147932112,-1.0,0,0.0,1.0,1.0112647e-19,0.0
0,0.0,99320.19147932112,-1.0,2,0.0,1.0,9.6358715e-20,0.0
0,0.0,99320.19147932112,-1.0,2,0.0,1.0,8.3498474e-20,0.0
0,0.0,99320.19147932112,-1.0,1,0.0,1.0,8.8092435e-20,0.0
0,0.0,99320.19147932112,-1.0,0,0.0,1.0,7.7861206e-20,0.0
0,0.0,99320.19147932112,-1.0,2,0.0,1.0,7.650918e-20,0.0
0,0.0,99320.19147932112,-1.0,0,0.0,1.0,8.445952e-20,0.0
0,0.0,99320.19147932112,-1.0,1,0.0,1.0,8.373579e-20,0.0
0,0.0,99320.19147932112,-1.0,0,0.0,1.0,7.656641e-20,0.0
0,0.0,99320.19147932112,-1.0,2,0.0,1.0,8.462981e-20,0.0
0,0.0,99320.19147932112,-1.0,2,0.0,1.0,9.3483894e-20,0.0
0,0.0,99320.19147932112,-1.0,2,0.0,1.0,9.9768516e-20,0.0
0,0.0,99320.19147932112,-1.0,1,0.0,1.0,9.159186e-20,0.0
0,0.0,99320.19147932112,-1.0,1,0.0,1.0,1.0545537e-19,0.0
0,0.0,99320.19147932112,-1.0,1,0.0,1.0,1.0845977e-19,0.0
0,0.0,99320.19147932112,-1.0,1,0.0,1.0,1.0546663e-19,0.0
0,0.0,99320.19147932112,-1.0,1,0.0,1.0,9.244554e-20,0.0
0,0.0,99320.19147932112,-1.0,0,0.0,1.0,9.163799e-20,0.0
0,0.0,99320.19147932112,-1.0,1,0.0,1.0,9.563073e-20,0.0
0,0.0,99320.19147932112,-1.0,0,0.0,1.0,9.3449663e-20,0.0
0,0.0,99320.19147932112,-1.0,0,0.0,1.0,9.395151e-20,0.0
0,0.0,99320.19147932112,-1.0,2,0.0,1.0,8.302459e-20,0.0
0,0.0,99320.19147932112,-1.0,1,0.0,1.0,8.349465e-20,0.0
0,0.0,99320.19147932112,-1.0,1,0.0,1.0,7.995003e-20,0.0
0,0.0,99319.1528457375,-0.9,0,-0.0002734173102440724,1.0,1.0035787e-19,0.0
0,0.0,99319.1528457375,-0.9,1,0.0,1.0,8.1128556e-20,0.0
0,0.0,99308.5866459827,0.09999999999999998,0,-0.0027815217628360082,1.0,8.5313095e-20,0.0
0,0.0,99308.5866459827,0.09999999999999998,1,0.0,1.0,7.715397e-20,0.0
0,0.0,99305.99113164142,0.35,0,-0.0006832617017978142,1.0,8.620949e-20,0.0
0,0.0,99305.99113164142,0.35,2,0.0,1.0,8.9193425e-20,0.0
0,0.0,99305.99113164142,0.35,1,0.0,1.0,9.1999454e-20,0.0
0,0.0,99305.99113164142,0.35,2,0.0,1.0,9.333993e-20,0.0
0,0.0,99305.99113164142,0.35,2,0.0,1.0,9.224827e-20,0.0
0,0.0,99305.99113164142,0.35,0,0.0,1.0,9.322606e-20,0.0
0,0.0,99305.99113164142,0.35,0,0.0,1.0,9.045574e-20,0.0
0,0.0,99305.99113164142,0.35,1,0.0,1.0,9.3412595e-20,0.0
0,0.0,99305.99113164142,0.35,1,0.0,1.0,8.319325e-20,0.0
0,0.0,99305.99113164142,0.35,1,0.0,1.0,8.8518226e-20,0.0
0,0.0,99305.99113164142,0.35,2,0.0,1.0,8.524933e-20,0.0
0,0.0,99305.99113164142,0.35,2,0.0,1.0,8.920295e-20,0.0
0,0.0,99305.99113164142,0.35,2,0.0,1.0,8.4583334e-20,0.0
0,0.0,99305.99113164142,0.35,1,0.0,1.0,8.3326646e-20,0.0
0,0.0,99305.99113164142,0.35,1,0.0,1.0,8.228678e-20,0.0
0,0.0,99305.99113164142,0.35,1,0.0,1.0,8.332919e-20,0.0
0,0.0,99305.99113164142,0.35,1,0.0,1.0,8.479527e-20,0.0
0,0.0,99305.99113164142,0.35,0,0.0,1.0,8.581707e-20,0.0
0,0.0,99305.99113164142,0.35,2,0.0,1.0,8.6170035e-20,0.0
0,0.0,99305.99113164142,0.35,2,0.0,1.0,8.7006366e-20,0.0
0,0.0,99305.99113164142,0.35,1,0.0,1.0,9.232712e-20,0.0
0,0.0,99305.99113164142,0.35,0,0.0,1.0,9.34625e-20,0.0
0,0.0,99305.99113164142,0.35,2,0.0,1.0,8.945239e-20,0.0
0,0.0,99300.80007661568,-0.15000000000000002,0,-0.0013665303383677374,1.0,8.679818e-20,0.0
0,0.0,99300.80007661568,-0.15000000000000002,2,0.0,1.0,8.3952e-20,0.0
0,0.0,99300.80007661568,-0.15000000000000002,2,0.0,1.0,8.2173854e-20,0.0
0,0.0,99293.00629224774,-0.9,2,-0.0020516913684528026,1.0,8.3839343e-20,0.0
0,0.0,99291.9696139055,-1.0,2,-0.00027290259856007504,1.0,8.366044e-20,0.0
0,0.0,99291.9696139055,-1.0,1,0.0,1.0,8.030215e-20,0.0
0,0.0,99291.9696139055,-1.0,1,0.0,1.0,8.264414e-20,0.0
0,0.0,99291.9696139055,-1.0,1,0.0,1.0,8.602815e-20,0.0
0,0.0,99291.9696139055,-1.0,0,0.0,1.0,8.7790514e-20,0.0
0,0.0,99291.9696139055,-1.0,1,0.0,1.0,8.755239e-20,0.0
0,0.0,99290.93068526765,-0.9,1,-0.00027349498242225313,1.0,9.0175986e-20,0.0
0,0.0,99290.93068526765,-0.9,1,0.0,1.0,8.9776465e-20,0.0
0,0.0,99290.93068526765,-0.9,1,0.0,1.0,8.792055e-20,0.0
0,0.0,99290.93068526765,-0.9,0,0.0,1.0,9.0633966e-20,0.0
0,0.0,99290.93068526765,-0.9,2,0.0,1.0,9.0498535e-20,0.0
0,0.0,99290.93068526765,-0.9,1,0.0,1.0,8.688829e-20,0.0
0,0.0,99290.93068526765,-0.9,2,0.0,1.0,8.296633e-20,0.0
0,0.0,99289.89395256857,-1.0,0,-0.00027291690784373844,1.0,8.333173e-20,0.0
0,0.0,99289.89395256857,-1.0,0,0.0,1.0,8.8302383e-20,0.0
0,0.0,99289.89395256857,-1.0,0,0.0,1.0,8.70927e-20,0.0
0,0.0,99289.89395256857,-1.0,1,0.0,1.0,8.747895e-20,0.0
0,0.0,99289.89395256857,-1.0,2,0.0,1.0,9.0155346e-20,0.0
0,0.0,99289.89395256857,-1.0,2,0.0,1.0,8.915941e-20,0.0
0,0.0,99289.89395256857,-1.0,2,0.0,1.0,8.902211e-20,0.0
0,0.0,99289.89395256857,-1.0,2,0.0,1.0,9.367809e-20,0.0
0,0.0,99289.89395256857,-1.0,1,0.0,1.0,9.261214e-20,0.0
0,0.0,99281.6573558541,-0.25,1,-0.0021682604479058777,1.0,9.3776775e-20,0.0
0,0.0,99281.6573558541,-0.25,1,0.0,1.0,9.4548334e-20,0.0
0,0.0,99281.6573558541,-0.25,1,0.0,1.0,9.5218667e-20,0.0
0,0.0,99281.0323558541,-0.25,1,-0.00016452945639065195,1.0,9.571832e-20,0.0
0,0.0,99280.3819652291,-0.25,2,-0.00017121346555652218,1.0,9.8083956e-20,0.0
0,0.0,99280.5196605416,-0.25,2,2.7072409271796318e-05,1.0,9.812587e-20,0.0
0,0.0,99280.7823558541,-0.25,0,5.1648780809313545e-05,1.0,1.0199585e-19,0.0
0,0.0,99280.9073558541,-0.25,2,2.4576371537517227e-05,1.0,1.01530016e-19,0.0
0,0.0,99280.9073558541,-0.25,0,0.0,1.0,9.649702e-20,0.0
0,0.0,99280.9073558541,-0.25,1,0.0,1.0,1.03132026e-19,0.0
0,0.0,99280.9073558541,-0.25,2,0.0,1.0,9.497778e-20,0.0
0,0.0,99280.9073558541,-0.25,1,0.0,1.0,9.4461816e-20,0.0
0,0.0,99280.9073558541,-0.25,2,0.0,1.0,1.01038554e-19,0.0
0,0.0,99280.9073558541,-0.25,0,0.0,1.0,1.02607755e-19,0.0
0,0.0,99280.9073558541,-0.25,1,0.0,1.0,9.580015e-20,0.0
0,0.0,99280.9073558541,-0.25,2,0.0,1.0,1.0132572e-19,0.0
0,0.0,99273.1063197541,-1.0,1,-0.0020536003661083178,1.0,1.1210431e-19,0.0
0,0.0,99273.1063197541,-1.0,0,0.0,1.0,1.0677988e-19,0.0
0,0.0,99273.1063197541,-1.0,1,0.0,1.0,9.9636154e-20,0.0
0,0.0,99273.1063197541,-1.0,1,0.0,1.0,1.01396866e-19,0.0
0,0.0,99273.1063197541,-1.0,1,0.0,1.0,1.05217484e-19,0.0
0,0.0,99262.67964953337,0.0,0,-0.00274479101340856,1.0,1.0376975e-19,0.0
0,0.0,99262.67964953337,0.0,1,0.0,1.0,1.0656502e-19,0.0
0,0.0,99252.24051570668,1.0,0,-0.002748072021910495,1.0,9.390278e-20,0.0
0,0.0,99252.24051570668,1.0,1,0.0,1.0,9.768815e-20,0.0
0,0.0,99252.24051570668,1.0,1,0.0,1.0,8.847096e-20,0.0
0,0.0,99252.24051570668,1.0,1,0.0,1.0,9.383832e-20,0.0
0,0.0,99252.24051570668,1.0,1,0.0,1.0,9.429764e-20,0.0
0,0.0,99252.24051570668,1.0,0,0.0,1.0,9.060078e-20,0.0
0,0.0,99253.54129695668,1.0,2,0.00025574786631228863,1.0,9.286828e-20,0.0
0,0.0,99253.04129695668,1.0,0,-0.00013162356511252157,1.0,1.0165403e-19,0.0
0,0.0,99253.04129695668,1.0,2,0.0,1.0,9.701227e-20,0.0
0,0.0,99253.04129695668,1.0,1,0.0,1.0,9.652353e-20,0.0
0,0.0,99253.04129695668,1.0,0,0.0,1.0,1.0581643e-19,0.0
0,0.0,99253.04129695668,1.0,0,0.0,1.0,1.0291038e-19,0.0
0,0.0,99253.04129695668,1.0,2,0.0,1.0,9.6491135e-20,0.0
0,0.0,99253.04129695668,1.0,0,0.0,1.0,1.0767157e-19,0.0
0,0.0,99253.04129695668,1.0,1,0.0,1.0,9.9619436e-20,0.0
0,0.0,99253.04129695668,1.0,2,0.0,1.0,1.05151684e-19,0.0
0,0.0,99253.04129695668,1.0,1,0.0,1.0,9.913722e-20,0.0
0,0.0,99253.04129695668,1.0,1,0.0,1.0,1.0326272e-19,0.0
0,0.0,99253.04129695668,1.0,1,0.0,1.0,9.896945e-20,0.0
0,0.0,99253.04129695668,1.0,0,0.0,1.0,1.122892e-19,0.0
0,0.0,99253.04129695668,1.0,0,0.0,1.0,1.1729802e-19,0.0
0,0.0,99253.04129695668,1.0,0,0.0,1.0,1.1304563e-19,0.0
0,0.0,99253.04129695668,1.0,1,0.0,1.0,1.1689243e-19,0.0
0,0.0,99253.04129695668,1.0,0,0.0,1.0,1.1680685e-19,0.0
0,0.0,99253.04129695668,1.0,1,0.0,1.0,9.961487e-20,0.0
0,0.0,99253.04129695668,1.0,1,0.0,1.0,1.0691683e-19,0.0
0,0.0,99253.04129695668,1.0,0,0.0,1.0,1.0013454e-19,0.0
0,0.0,99253.04129695668,1.0,2,0.0,1.0,9.9840086e-20,0.0
0,0.0,99253.04129695668,1.0,0,0.0,1.0,1.01345826e-19,0.0
0,0.0,99253.04129695668,1.0,1,0.0,1.0,1.0149439e-19,0.0
0,0.0,99253.04129695668,1.0,2,0.0,1.0,1.04417794e-19,0.0
0,0.0,99253.04129695668,1.0,1,0.0,1.0,1.0083987e-19,0.0
0,0.0,99253.04129695668,1.0,1,0.0,1.0,9.7888095e-20,0.0
0,0.0,99253.04129695668,1.0,2,0.0,1.0,9.612962e-20,0.0
0,0.0,99253.04129695668,1.0,1,0.0,1.0,9.024068e-20,0.0
0,0.0,99253.04129695668,1.0,1,0.0,1.0,9.274366e-20,0.0
0,0.0,99253.04129695668,1.0,1,0.0,1.0,9.62206e-20,0.0
0,0.0,99253.04129695668,1.0,2,0.0,1.0,1.02359116e-19,0.0
0,0.0,99253.04129695668,1.0,2,0.0,1.0,1.046922e-19,0.0
0,0.0,99253.04129695668,1.0,1,0.0,1.0,1.01423174e-19,0.0
0,0.0,99253.04129695668,1.0,1,0.0,1.0,1.04263363e-19,0.0
0,0.0,99253.04129695668,1.0,2,0.0,1.0,1.0093993e-19,0.0
0,0.0,99253.04129695668,1.0,0,0.0,1.0,9.921137e-20,0.0
0,0.0,99253.04129695668,1.0,1,0.0,1.0,9.859113e-20,0.0
0,0.0,99253.04129695668,1.0,1,0.0,1.0,1.0530743e-19,0.0
0,0.0,99253.04129695668,1.0,1,0.0,1.0,9.63205e-20,0.0
0,0.0,99253.04129695668,1.0,1,0.0,1.0,1.01117214e-19,0.0
0,0.0,99253.04129695668,1.0,2,0.0,1.0,9.566138e-20,0.0
0,0.0,99253.04129695668,1.0,2,0.0,1.0,9.883966e-20,0.0
0,0.0,99253.04129695668,1.0,1,0.0,1.0,9.571686e-20,0.0
0,0.0,99253.04129695668,1.0,2,0.0,1.0,9.319335e-20,0.0
0,0.0,99253.04129695668,1.0,0,0.0,1.0,9.8226244e-20,0.0
0,0.0,99253.04129695668,1.0,1,0.0,1.0,9.467682e-20,0.0
0,0.0,99253.04129695668,1.0,0,0.0,1.0,9.7682185e-20,0.0
0,0.0,99253.04129695668,1.0,2,0.0,1.0,1.0042681e-19,0.0
0,0.0,99247.84378288146,0.5,2,-0.0013682306646054998,1.0,9.862122e-20,0.0
0,0.0,99242.64676883242,0.0,0,-0.0013680990341502779,1.0,8.8746786e-20,0.0
0,0.0,99242.64676883242,0.0,2,0.0,1.0,9.679344e-20,0.0
0,0.0,99242.64676883242,0.0,1,0.0,1.0,9.6498496e-20,0.0
0,0.0,99242.64676883242,0.0,2,0.0,1.0,9.787764e-20,0.0
0,0.0,99242.64676883242,0.0,2,0.0,1.0,9.5302975e-20,0.0
0,0.0,99242.64676883242,0.0,0,0.0,1.0,9.8595644e-20,0.0
0,0.0,99242.64676883242,0.0,1,0.0,1.0,9.6617836e-20,0.0
0,0.0,99242.64676883242,0.0,1,0.0,1.0,9.426886e-20,0.0
0,0.0,99242.64676883242,0.0,0,0.0,1.0,9.252739e-20,0.0
0,0.0,99242.64676883242,0.0,1,0.0,1.0,9.749902e-20,0.0
0,0.0,99242.64676883242,0.0,1,0.0,1.0,9.820076e-20,0.0
0,0.0,99242.64676883242,0.0,0,0.0,1.0,9.814384e-20,0.0
0,0.0,99242.64676883242,0.0,2,0.0,1.0,1.02578015e-19,0.0
0,0.0,99237.45362255645,-0.5,1,-0.0013670808539873384,1.0,1.06381437e-19,0.0
0,0.0,99237.45362255645,-0.5,1,0.0,1.0,1.05982865e-19,0.0
0,0.0,99237.45362255645,-0.5,1,0.0,1.0,1.025123e-19,0.0
0,0.0,99237.45362255645,-0.5,0,0.0,1.0,1.0338412e-19,0.0
0,0.0,99237.45362255645,-0.5,1,0.0,1.0,1.0329109e-19,0.0
0,0.0,99236.65284130645,-0.5,1,-0.00021080336600052282,1.0,1.00515725e-19,0.0
0,0.0,99236.45362255645,-0.5,1,-5.244376422452031e-05,1.0,1.0863699e-19,0.0
0,0.0,99236.50245068145,-0.5,2,9.600145131842667e-06,1.0,9.813785e-20,0.0
0,0.0,99236.50245068145,-0.5,1,0.0,1.0,1.06579656e-19,0.0
0,0.0,99236.50245068145,-0.5,2,0.0,1.0,1.02750334e-19,0.0
0,0.0,99236.50245068145,-0.5,1,0.0,1.0,8.8714294e-20,0.0
0,0.0,99236.50245068145,-0.5,0,0.0,1.0,9.801962e-20,0.0
0,0.0,99236.50245068145,-0.5,2,0.0,1.0,9.4301957e-20,0.0
0,0.0,99236.50245068145,-0.5,0,0.0,1.0,9.2946246e-20,0.0
0,0.0,99236.50245068145,-0.5,1,0.0,1.0,8.277918e-20,0.0
0,0.0,99236.50245068145,-0.5,0,0.0,1.0,1.03332074e-19,0.0
0,0.0,99236.50245068145,-0.5,0,0.0,1.0,9.192368e-20,0.0
0,0.0,99236.50245068145,-0.5,0,0.0,1.0,8.9264226e-20,0.0
0,0.0,99236.50245068145,-0.5,0,0.0,1.0,8.805078e-20,0.0
0,0.0,99236.50245068145,-0.5,0,0.0,1.0,9.632637e-20,0.0
0,0.0,99236.50245068145,-0.5,0,0.0,1.0,8.6403073e-20,0.0
0,0.0,99236.50245068145,-0.5,2,0.0,1.0,1.0378242e-19,0.0
0,0.0,99231.25858358626,-1.0,0,-0.00138043296409189,1.0,1.0394407e-19,0.0
0,0.0,99231.25858358626,-1.0,1,0.0,1.0,1.0272055e-19,0.0
0,0.0,99231.25858358626,-1.0,1,0.0,1.0,9.688653e-20,0.0
0,0.0,99231.25858358626,-1.0,2,0.0,1.0,9.675209e-20,0.0
0,0.0,99231.25858358626,-1.0,2,0.0,1.0,1.0336204e-19,0.0
0,0.0,99231.25858358626,-1.0,1,0.0,1.0,9.864229e-20,0.0
0,0.0,99231.25858358626,-1.0,1,0.0,1.0,9.5768e-20,0.0
0,0.0,99231.25858358626,-1.0,1,0.0,1.0,9.88457e-20,0.0
0,0.0,99231.25858358626,-1.0,1,0.0,1.0,1.0243099e-19,0.0
0,0.0,99221.36759733918,0.0,2,-0.002603773744637992,1.0,9.1568105e-20,0.0
0,0.0,99221.36759733918,0.0,1,0.0,1.0,9.4013174e-20,0.0
0,0.0,99221.36759733918,0.0,2,0.0,1.0,9.693385e-20,0.0
0,0.0,99221.36759733918,0.0,0,0.0,1.0,7.8284115e-20,0.0
0,0.0,99221.36759733918,0.0,2,0.0,1.0,8.413795e-20,0.0
0,0.0,99221.36759733918,0.0,1,0.0,1.0,9.916899e-20,0.0
0,0.0,99221.36759733918,0.0,0,0.0,1.0,9.4199845e-20,0.0
0,0.0,99221.36759733918,0.0,0,0.0,1.0,1.0073375e-19,0.0
0,0.0,99221.36759733918,0.0,0,0.0,1.0,1.0102468e-19,0.0
0,0.0,99221.36759733918,0.0,2,0.0,1.0,9.882157e-20,0.0
0,0.0,99221.36759733918,0.0,2,0.0,1.0,8.9056074e-20,0.0
0,0.0,99221.36759733918,0.0,1,0.0,1.0,9.615162e-20,0.0
0,0.0,99221.36759733918,0.0,2,0.0,1.0,8.966694e-20,0.0
0,0.0,99221.36759733918,0.0,1,0.0,1.0,8.7647295e-20,0.0
0,0.0,99218.77440298094,0.25,1,-0.0006826509729224519,1.0,8.5772555e-20,0.0
0,0.0,99218.77440298094,0.25,1,0.0,1.0,8.278045e-20,0.0
0,0.0,99217.73742276372,0.35,0,-0.00027298206628352897,1.0,7.430248e-20,0.0
0,0.0,99217.73742276372,0.35,2,0.0,1.0,8.4091743e-20,0.0
0,0.0,99217.73742276372,0.35,0,0.0,1.0,7.047818e-20,0.0
0,0.0,99217.73742276372,0.35,2,0.0,1.0,6.9308274e-20,0.0
0,0.0,99217.73742276372,0.35,1,0.0,1.0,7.704691e-20,0.0
0,0.0,99217.73742276372,0.35,1,0.0,1.0,7.3724256e-20,0.0
0,0.0,99217.73742276372,0.35,0,0.0,1.0,8.6529735e-20,0.0
0,0.0,99217.73742276372,0.35,0,0.0,1.0,8.505184e-20,0.0
0,0.0,99217.73742276372,0.35,2,0.0,1.0,8.626475e-20,0.0
0,0.0,99217.73742276372,0.35,1,0.0,1.0,7.612838e-20,0.0
0,0.0,99217.73742276372,0.35,1,0.0,1.0,8.128965e-20,0.0
0,0.0,99217.73742276372,0.35,2,0.0,1.0,8.282214e-20,0.0
0,0.0,99217.73742276372,0.35,0,0.0,1.0,8.302839e-20,0.0
0,0.0,99217.73742276372,0.35,2,0.0,1.0,8.506352e-20,0.0
0,0.0,99212.58404075312,-0.10899999141693117,2,-0.0013566130252432472,1.0,8.8916216e-20,0.0
0,0.0,99212.58404075312,-0.10899999141693117,0,0.0,1.0,8.17212e-20,0.0
0,0.0,99212.58404075312,-0.10899999141693117,0,0.0,1.0,7.9341174e-20,0.0
0,0.0,99212.58404075312,-0.10899999141693117,0,0.0,1.0,8.3691084e-20,0.0
0,0.0,99212.58404075312,-0.10899999141693117,1,0.0,1.0,8.0524236e-20,0.0
0,0.0,99212.58404075312,-0.10899999141693117,2,0.0,1.0,8.300305e-20,0.0
0,0.0,99212.58404075312,-0.10899999141693117,1,0.0,1.0,8.1594104e-20,0.0
0,0.0,99212.58404075312,-0.10899999141693117,2,0.0,1.0,8.1441114e-20,0.0
0,0.0,99212.58404075312,-0.10899999141693117,1,0.0,1.0,7.989271e-20,0.0
0,0.0,99209.99064703709,0.14100000858306883,1,-0.0006827034532885113,1.0,8.479009e-20,0.0
0,0.0,99209.99064703709,0.14100000858306883,1,0.0,1.0,8.649806e-20,0.0
0,0.0,99209.99064703709,0.14100000858306883,2,0.0,1.0,8.191346e-20,0.0
0,0.0,99209.99064703709,0.14100000858306883,2,0.0,1.0,8.3148835e-20,0.0
0,0.0,99209.99064703709,0.14100000858306883,0,0.0,1.0,8.6381987e-20,0.0
0,0.0,99209.99064703709,0.14100000858306883,0,0.0,1.0,9.2623446e-20,0.0
0,0.0,99209.99064703709,0.14100000858306883,1,0.0,1.0,8.7223036e-20,0.0
0,0.0,99208.95363328895,0.24100000858306883,2,-0.00027299089320093214,1.0,8.804137e-20,0.0
0,0.0,99208.95363328895,0.24100000858306883,1,0.0,1.0,7.959217e-20,0.0
0,0.0,99206.3602329397,0.4910000085830688,0,-0.0006827051994669103,1.0,7.899809e-20,0.0
0,0.0,99206.3602329397,0.4910000085830688,0,0.0,1.0,7.584894e-20,0.0
0,0.0,99206.3602329397,0.4910000085830688,1,0.0,1.0,7.950235e-20,0.0
0,0.0,99206.3602329397,0.4910000085830688,2,0.0,1.0,7.547143e-20,0.0
0,0.0,99206.3602329397,0.4910000085830688,0,0.0,1.0,7.36523e-20,0.0
0,0.0,99206.3602329397,0.4910000085830688,1,0.0,1.0,7.444434e-20,0.0
0,0.0,99206.3602329397,0.4910000085830688,0,0.0,1.0,7.2302714e-20,0.0
0,0.0,99206.3602329397,0.4910000085830688,1,0.0,1.0,7.915254e-20,0.0
0,0.0,99206.3602329397,0.4910000085830688,1,0.0,1.0,8.140757e-20,0.0
0,0.0,99206.3602329397,0.4910000085830688,0,0.0,1.0,8.089122e-20,0.0
0,0.0,99206.3602329397,0.4910000085830688,1,0.0,1.0,8.274761e-20,0.0
0,0.0,99206.3602329397,0.4910000085830688,0,0.0,1.0,8.5240225e-20,0.0
0,0.0,99206.3602329397,0.4910000085830688,0,0.0,1.0,8.8992226e-20,0.0
0,0.0,99206.3602329397,0.4910000085830688,2,0.0,1.0,8.732824e-20,0.0
0,0.0,99195.83491637175,-0.5089999914169312,2,-0.0027707593812218824,1.0,8.502848e-20,0.0
0,0.0,99195.83491637175,-0.5089999914169312,2,0.0,1.0,8.28765e-20,0.0
0,0.0,99194.76185415406,-0.6089999914169312,0,-0.00028248054936046987,1.0,8.144981e-20,0.0
0,0.0,99194.76185415406,-0.6089999914169312,0,0.0,1.0,7.797772e-20,0.0
0,0.0,99194.76185415406,-0.6089999914169312,2,0.0,1.0,8.023846e-20,0.0
0,0.0,99194.76185415406,-0.6089999914169312,1,0.0,1.0,7.561898e-20,0.0
0,0.0,99194.76185415406,-0.6089999914169312,2,0.0,1.0,7.6352906e-20,0.0
0,0.0,99194.8237057157,-0.6089999914169312,2,1.2160695671735073e-05,1.0,7.862049e-20,0.0
0,0.0,99194.88555727732,-0.6089999914169312,2,1.2160695668874005e-05,1.0,7.343571e-20,0.0
0,0.0,99194.88555727732,-0.6089999914169312,1,0.0,1.0,6.773168e-20,0.0
0,0.0,99194.88555727732,-0.6089999914169312,2,0.0,1.0,7.3580404e-20,0.0
0,0.0,99194.88555727732,-0.6089999914169312,2,0.0,1.0,6.588362e-20,0.0
0,0.0,99194.88555727732,-0.6089999914169312,0,0.0,1.0,6.346609e-20,0.0
0,0.0,99194.88555727732,-0.6089999914169312,2,0.0,1.0,7.013596e-20,0.0
0,0.0,99194.88555727732,-0.6089999914169312,0,0.0,1.0,6.911818e-20,0.0
0,0.0,99195.00688149437,-0.6089999914169312,0,2.3853672277522026e-05,1.0,6.4383945e-20,0.0
0,0.0,99195.00688149437,-0.6089999914169312,2,0.0,1.0,7.5229976e-20,0.0
0,0.0,99195.00688149437,-0.6089999914169312,0,0.0,1.0,6.6956884e-20,0.0
0,0.0,99195.00688149437,-0.6089999914169312,1,0.0,1.0,6.4914666e-20,0.0
0,0.0,99195.00688149437,-0.6089999914169312,0,0.0,1.0,6.2546054e-20,0.0
0,0.0,99195.00688149437,-0.6089999914169312,1,0.0,1.0,7.175757e-20,0.0
0,0.0,99195.00688149437,-0.6089999914169312,2,0.0,1.0,6.1626183e-20,0.0
0,0.0,99190.7233512722,-1.0,2,-0.0011276270382170987,1.0,6.7167686e-20,0.0
0,0.0,99190.7233512722,-1.0,2,0.0,1.0,6.201483e-20,0.0
0,0.0,99190.7233512722,-1.0,2,0.0,1.0,5.798262e-20,0.0
0,0.0,99190.7233512722,-1.0,1,0.0,1.0,6.035313e-20,0.0
0,0.0,99188.51451370036,-0.5,0,-0.0005814701519214288,1.0,5.707758e-20,0.0
0,0.0,99188.61412307536,-0.5,2,1.958429606895904e-05,1.0,5.522703e-20,0.0
0,0.0,99188.61412307536,-0.5,1,0.0,1.0,5.2080073e-20,0.0
0,0.0,99188.61412307536,-0.5,0,0.0,1.0,4.9682264e-20,0.0
0,0.0,99189.21568557536,-0.5,0,0.00011827378802430165,1.0,5.328909e-20,0.0
0,0.0,99189.21568557536,-0.5,1,0.0,1.0,5.9628155e-20,0.0
0,0.0,99189.21568557536,-0.5,0,0.0,1.0,5.0871314e-20,0.0
0,0.0,99189.21568557536,-0.5,0,0.0,1.0,6.217495e-20,0.0
0,0.0,99189.46568557536,-0.5,2,4.915274307503445e-05,1.0,5.6627357e-20,0.0
0,0.0,99189.46568557536,-0.5,0,0.0,1.0,6.052005e-20,0.0
0,0.0,99189.46568557536,-0.5,2,0.0,1.0,6.247833e-20,0.0
0,0.0,99189.46568557536,-0.5,1,0.0,1.0,7.5135904e-20,0.0
0,0.0,99189.46568557536,-0.5,0,0.0,1.0,5.977117e-20,0.0
0,0.0,99189.46568557536,-0.5,0,0.0,1.0,6.927127e-20,0.0
0,0.0,99189.46568557536,-0.5,2,0.0,1.0,6.4204415e-20,0.0
0,0.0,99189.46568557536,-0.5,0,0.0,1.0,5.059495e-20,0.0
0,0.0,99189.46568557536,-0.5,2,0.0,1.0,4.1345466e-20,0.0
0,0.0,99189.46568557536,-0.5,0,0.0,1.0,4.3606923e-20,0.0
0,0.0,99189.46568557536,-0.5,2,0.0,1.0,3.7166605e-20,0.0
0,0.0,99189.46568557536,-0.5,1,0.0,1.0,3.9023438e-20,0.0
0,0.0,99189.46568557536,-0.5,1,0.0,1.0,4.6298365e-20,0.0
0,0.0,99189.46568557536,-0.5,1,0.0,1.0,4.0431477e-20,0.0
0,0.0,99189.46568557536,-0.5,1,0.0,1.0,4.409268e-20,0.0
0,0.0,99184.27915922113,0.0,0,-0.0013653381785869924,1.0,4.845886e-20,0.0
0,0.0,99184.27915922113,0.0,0,0.0,1.0,4.361757e-20,0.0
0,0.0,99184.27915922113,0.0,2,0.0,1.0,4.2646847e-20,0.0
0,0.0,99184.27915922113,0.0,0,0.0,1.0,4.8924702e-20,0.0
0,0.0,99184.27915922113,0.0,0,0.0,1.0,5.2478135e-20,0.0
0,0.0,99184.27915922113,0.0,2,0.0,1.0,5.6143824e-20,0.0
0,0.0,99184.27915922113,0.0,1,0.0,1.0,5.203956e-20,0.0
0,0.0,99184.27915922113,0.0,2,0.0,1.0,3.7944784e-20,0.0
0,0.0,99184.27915922113,0.0,1,0.0,1.0,3.9937883e-20,0.0
0,0.0,99184.27915922113,0.0,1,0.0,1.0,3.5606687e-20,0.0
0,0.0,99184.27915922113,0.0,2,0.0,1.0,3.38907e-20,0.0
0,0.0,99184.27915922113,0.0,2,0.0,1.0,3.1446292e-20,0.0
0,0.0,99184.27915922113,0.0,2,0.0,1.0,3.8145062e-20,0.0
0,0.0,99184.27915922113,0.0,1,0.0,1.0,4.3573e-20,0.0
0,0.0,99180.3669119761,0.75,0,-0.0010298878599837558,1.0,3.973122e-20,0.0
0,0.0,99180.3669119761,0.75,2,0.0,1.0,4.384244e-20,0.0
0,0.0,99180.2907401011,0.75,1,-2.0052027497610705e-05,1.0,4.372085e-20,0.0
0,0.0,99179.25394569646,0.85,0,-0.00027293315165611307,1.0,5.1257003e-20,0.0
0,0.0,99179.25394569646,0.85,2,0.0,1.0,4.3015447e-20,0.0
0,0.0,99179.08460975897,0.85,2,-4.4577199588543816e-05,1.0,5.1485107e-20,0.0
0,0.0,99177.79383865361,0.7349999979138374,0,-0.0003397917892623253,1.0,5.0800725e-20,0.0
0,0.0,99177.79383865361,0.7349999979138374,0,0.0,1.0,4.8596586e-20,0.0
0,0.0,99177.79383865361,0.7349999979138374,1,0.0,1.0,4.3320418e-20,0.0
0,0.0,99176.98021866557,0.8349999979138374,0,-0.0002141831269450364,1.0,4.9709564e-20,0.0
0,0.0,99176.98021866557,0.8349999979138374,0,0.0,1.0,3.719951e-20,0.0
0,0.0,99176.98021866557,0.8349999979138374,1,0.0,1.0,3.1540962e-20,0.0
0,0.0,99176.98021866557,0.8349999979138374,2,0.0,1.0,4.6119274e-20,0.0
0,0.0,99176.98021866557,0.8349999979138374,0,0.0,1.0,4.374421e-20,0.0
0,0.0,99176.98021866557,0.8349999979138374,0,0.0,1.0,3.7986492e-20,0.0
0,0.0,99176.98021866557,0.8349999979138374,0,0.0,1.0,4.980599e-20,0.0
0,0.0,99176.98021866557,0.8349999979138374,0,0.0,1.0,4.7198554e-20,0.0
0,0.0,99176.98021866557,0.8349999979138374,0,0.0,1.0,4.6300485e-20,0.0
0,0.0,99176.98021866557,0.8349999979138374,1,0.0,1.0,4.1210674e-20,0.0
0,0.0,99176.98021866557,0.8349999979138374,1,0.0,1.0,3.710767e-20,0.0
0,0.0,99175.70574611146,0.9349999979138374,2,-0.0003355012424206796,1.0,3.7144494e-20,0.0
0,0.0,99175.70574611146,0.9349999979138374,2,0.0,1.0,4.5780624e-20,0.0
0,0.0,99175.70574611146,0.9349999979138374,1,0.0,1.0,4.2263346e-20,0.0
0,0.0,99175.03190056584,1.0,2,-0.00017738790609981165,1.0,4.6549838e-20,0.0
0,0.0,99175.03190056584,1.0,2,0.0,1.0,4.3085735e-20,0.0
0,0.0,99175.03190056584,1.0,1,0.0,1.0,4.1373865e-20,0.0
0,0.0,99175.03190056584,1.0,2,0.0,1.0,4.420316e-20,0.0
0,0.0,99172.43246758505,0.75,1,-0.0006842932724045711,1.0,4.8511387e-20,0.0
0,0.0,99172.43246758505,0.75,2,0.0,1.0,4.213585e-20,0.0
0,0.0,99172.43246758505,0.75,1,0.0,1.0,4.5423664e-20,0.0
0,0.0,99171.39573778879,0.85,2,-0.0002729161436857438,1.0,4.725476e-20,0.0
0,0.0,99171.39573778879,0.85,0,0.0,1.0,4.7069097e-20,0.0
0,0.0,99171.39573778879,0.85,1,0.0,1.0,4.309231e-20,0.0
0,0.0,99171.39573778879,0.85,0,0.0,1.0,4.234597e-20,0.0
0,0.0,99171.39573778879,0.85,1,0.0,1.0,4.39959e-20,0.0
0,0.0,99171.39573778879,0.85,2,0.0,1.0,3.921086e-20,0.0
0,0.0,99163.38449847183,0.09999999999999998,2,-0.002108935759734371,1.0,4.2111422e-20,0.0
0,0.0,99163.38449847183,0.09999999999999998,0,0.0,1.0,4.6328047e-20,0.0
0,0.0,99163.38449847183,0.09999999999999998,2,0.0,1.0,5.0457717e-20,0.0
0,0.0,99163.38449847183,0.09999999999999998,1,0.0,1.0,4.3674846e-20,0.0
0,0.0,99163.38449847183,0.09999999999999998,1,0.0,1.0,4.260587e-20,0.0
0,0.0,99163.38449847183,0.09999999999999998,0,0.0,1.0,3.968578e-20,0.0
0,0.0,99163.34465472183,0.09999999999999998,1,-1.0488752844137913e-05,1.0,4.223691e-20,0.0
0,0.0,99163.34465472183,0.09999999999999998,2,0.0,1.0,3.8723892e-20,0.0
0,0.0,99163.34465472183,0.09999999999999998,2,0.0,1.0,4.045184e-20,0.0
0,0.0,99163.34465472183,0.09999999999999998,0,0.0,1.0,4.2677443e-20,0.0
0,0.0,99163.34465472183,0.09999999999999998,2,0.0,1.0,3.6315613e-20,0.0
0,0.0,99163.34465472183,0.09999999999999998,2,0.0,1.0,4.3149554e-20,0.0
0,0.0,99163.34465472183,0.09999999999999998,0,0.0,1.0,4.3233254e-20,0.0
0,0.0,99163.34465472183,0.09999999999999998,2,0.0,1.0,4.3728192e-20,0.0
0,0.0,99152.91086145946,-0.9,0,-0.0027466661336815615,1.0,4.0367367e-20,0.0
0,0.0,99152.91086145946,-0.9,0,0.0,1.0,4.6383927e-20,0.0
0,0.0,99152.91086145946,-0.9,2,0.0,1.0,4.7375332e-20,0.0
0,0.0,99152.91086145946,-0.9,2,0.0,1.0,4.807955e-20,0.0
0,0.0,99151.87389454017,-1.0,2,-0.0002729785656408189,1.0,4.5484697e-20,0.0
0,0.0,99151.87389454017,-1.0,1,0.0,1.0,4.342631e-20,0.0
0,0.0,99151.87389454017,-1.0,2,0.0,1.0,4.4418843e-20,0.0
0,0.0,99151.87389454017,-1.0,1,0.0,1.0,5.13063e-20,0.0
0,0.0,99151.87389454017,-1.0,1,0.0,1.0,5.772485e-20,0.0
0,0.0,99151.87389454017,-1.0,1,0.0,1.0,5.371442e-20,0.0
0,0.0,99151.87389454017,-1.0,0,0.0,1.0,6.249072e-20,0.0
0,0.0,99151.87389454017,-1.0,0,0.0,1.0,5.1617256e-20,0.0
0,0.0,99151.87389454017,-1.0,2,0.0,1.0,5.65229e-20,0.0
0,0.0,99151.87389454017,-1.0,2,0.0,1.0,6.114008e-20,0.0
0,0.0,99151.87389454017,-1.0,1,0.0,1.0,5.696621e-20,0.0
0,0.0,99151.87389454017,-1.0,2,0.0,1.0,6.394045e-20,0.0
0,0.0,99151.87389454017,-1.0,2,0.0,1.0,6.6198024e-20,0.0
0,0.0,99151.87389454017,-1.0,2,0.0,1.0,6.729078e-20,0.0
0,0.0,99151.87389454017,-1.0,0,0.0,1.0,6.8009226e-20,0.0
0,0.0,99151.87389454017,-1.0,2,0.0,1.0,7.718223e-20,0.0
0,0.0,99151.87389454017,-1.0,1,0.0,1.0,6.8834e-20,0.0
0,0.0,99151.87389454017,-1.0,0,0.0,1.0,5.78377e-20,0.0
0,0.0,99151.87389454017,-1.0,2,0.0,1.0,5.651772e-20,0.0
0,0.0,99151.87389454017,-1.0,1,0.0,1.0,5.727563e-20,0.0
0,0.0,99149.28158924013,-0.75,2,-0.0006824169309038168,1.0,6.738634e-20,0.0
0,0.0,99149.28158924013,-0.75,0,0.0,1.0,7.1051545e-20,0.0
0,0.0,99149.28158924013,-0.75,0,0.0,1.0,7.287646e-20,0.0
0,0.0,99149.28158924013,-0.75,1,0.0,1.0,7.102228e-20,0.0
0,0.0,99149.28158924013,-0.75,0,0.0,1.0,7.246397e-20,0.0
0,0.0,99149.28158924013,-0.75,1,0.0,1.0,6.4523603e-20,0.0
0,0.0,99149.28158924013,-0.75,1,0.0,1.0,6.279852e-20,0.0
0,0.0,99149.28158924013,-0.75,1,0.0,1.0,5.714294e-20,0.0
0,0.0,99149.28158924013,-0.75,2,0.0,1.0,6.196375e-20,0.0
0,0.0,99149.28158924013,-0.75,0,0.0,1.0,5.785535e-20,0.0
0,0.0,99149.28158924013,-0.75,0,0.0,1.0,6.391508e-20,0.0
0,0.0,99149.28158924013,-0.75,0,0.0,1.0,6.355622e-20,0.0
0,0.0,99149.28158924013,-0.75,2,0.0,1.0,6.1414975e-20,0.0
0,0.0,99149.28158924013,-0.75,2,0.0,1.0,6.380692e-20,0.0
0,0.0,99149.28158924013,-0.75,2,0.0,1.0,6.367173e-20,0.0
0,0.0,99149.28158924013,-0.75,1,0.0,1.0,6.7670735e-20,0.0
0,0.0,99149.28158924013,-0.75,0,0.0,1.0,7.134814e-20,0.0
0,0.0,99149.28158924013,-0.75,2,0.0,1.0,7.381769e-20,0.0
0,0.0,99149.28158924013,-0.75,1,0.0,1.0,7.14124e-20,0.0
0,0.0,99141.49586176159,0.0,0,-0.002049570415438516,1.0,7.184193e-20,0.0
0,0.0,99141.49586176159,0.0,2,0.0,1.0,6.6342625e-20,0.0
0,0.0,99141.49586176159,0.0,0,0.0,1.0,6.525232e-20,0.0
0,0.0,99141.49586176159,0.0,1,0.0,1.0,6.5099166e-20,0.0
0,0.0,99141.49586176159,0.0,2,0.0,1.0,6.4892875e-20,0.0
0,0.0,99141.49586176159,0.0,1,0.0,1.0,6.7784414e-20,0.0
0,0.0,99131.10796703518,1.0,1,-0.0027345834758090194,1.0,7.134814e-20,0.0
0,0.0,99131.10796703518,1.0,2,0.0,1.0,7.0818835e-20,0.0
0,0.0,99123.29361809521,0.25,0,-0.0020571049330232348,1.0,7.243412e-20,0.0
0,0.0,99123.29361809521,0.25,1,0.0,1.0,7.07087e-20,0.0
0,0.0,99123.29361809521,0.25,2,0.0,1.0,7.794798e-20,0.0
0,0.0,99120.69806385337,0.0,0,-0.0006832722055072429,1.0,7.5743694e-20,0.0
0,0.0,99120.69806385337,0.0,2,0.0,1.0,7.320301e-20,0.0
0,0.0,99120.69806385337,0.0,0,0.0,1.0,7.0960535e-20,0.0
0,0.0,99120.69806385337,0.0,1,0.0,1.0,6.877521e-20,0.0
0,0.0,99120.69806385337,0.0,1,0.0,1.0,7.1748806e-20,0.0
0,0.0,99120.69806385337,0.0,0,0.0,1.0,6.992972e-20,0.0
0,0.0,99120.69806385337,0.0,2,0.0,1.0,6.797603e-20,0.0
0,0.0,99120.69806385337,0.0,2,0.0,1.0,6.582233e-20,0.0
0,0.0,99120.69806385337,0.0,2,0.0,1.0,6.5962083e-20,0.0
0,0.0,99115.49853220442,-0.5,2,-0.0013687617850999326,1.0,6.781855e-20,0.0
0,0.0,99115.49853220442,-0.5,2,0.0,1.0,6.615864e-20,0.0
0,0.0,99115.49853220442,-0.5,0,0.0,1.0,6.9464973e-20,0.0
0,0.0,99115.49853220442,-0.5,2,0.0,1.0,6.893596e-20,0.0
0,0.0,99115.49853220442,-0.5,2,0.0,1.0,6.743572e-20,0.0
0,0.0,99115.49853220442,-0.5,2,0.0,1.0,6.870074e-20,0.0
0,0.0,99115.49853220442,-0.5,1,0.0,1.0,6.976239e-20,0.0
0,0.0,99115.49853220442,-0.5,0,0.0,1.0,7.3141604e-20,0.0
0,0.0,99115.49853220442,-0.5,2,0.0,1.0,7.523112e-20,0.0
0,0.0,99115.49853220442,-0.5,1,0.0,1.0,7.356581e-20,0.0
0,0.0,99115.49853220442,-0.5,0,0.0,1.0,7.714338e-20,0.0
0,0.0,99115.49853220442,-0.5,2,0.0,1.0,8.351504e-20,0.0
0,0.0,99115.49853220442,-0.5,2,0.0,1.0,8.2261664e-20,0.0
0,0.0,99110.30311724445,-1.0,0,-0.0013676780785421803,1.0,8.1718704e-20,0.0
0,0.0,99110.30311724445,-1.0,0,0.0,1.0,7.7031634e-20,0.0
0,0.0,99110.30311724445,-1.0,2,0.0,1.0,7.9900025e-20,0.0
0,0.0,99110.30311724445,-1.0,2,0.0,1.0,7.417221e-20,0.0
0,0.0,99110.30311724445,-1.0,0,0.0,1.0,7.6664605e-20,0.0
0,0.0,99110.30311724445,-1.0,0,0.0,1.0,7.835223e-20,0.0
0,0.0,99110.30311724445,-1.0,0,0.0,1.0,7.8328324e-20,0.0
0,0.0,99110.30311724445,-1.0,2,0.0,1.0,7.862409e-20,0.0
0,0.0,99110.30311724445,-1.0,2,0.0,1.0,8.009778e-20,0.0
0,0.0,99110.30311724445,-1.0,0,0.0,1.0,7.762751e-20,0.0
0,0.0,99110.30311724445,-1.0,1,0.0,1.0,7.593232e-20,0.0
0,0.0,99110.30311724445,-1.0,1,0.0,1.0,7.4402324e-20,0.0
0,0.0,99108.20546099445,-1.0,2,-0.0005522019880111256,1.0,7.7243496e-20,0.0
0,0.0,99108.20546099445,-1.0,2,0.0,1.0,7.530463e-20,0.0
0,0.0,99108.00233599445,-1.0,1,-5.3472073326961886e-05,1.0,7.038898e-20,0.0
0,0.0,99106.95483916282,-0.9,1,-0.00027575053484553587,1.0,9.691758e-20,0.0
0,0.0,99106.37124541283,-0.9,1,-0.00015362937990323896,1.0,7.571134e-20,0.0
0,0.0,99104.97554228782,-0.9,2,-0.0003674148423031408,1.0,7.035569e-20,0.0
0,0.0,99103.93868008524,-1.0,2,-0.00027295099926940425,1.0,8.413667e-20,0.0
0,0.0,99103.93868008524,-1.0,0,0.0,1.0,9.041296e-20,0.0
0,0.0,99103.93868008524,-1.0,2,0.0,1.0,8.7205736e-20,0.0
0,0.0,99103.93868008524,-1.0,2,0.0,1.0,8.051318e-20,0.0
0,0.0,99103.93868008524,-1.0,1,0.0,1.0,1.0683366e-19,0.0
0,0.0,99103.93868008524,-1.0,0,0.0,1.0,8.9960215e-20,0.0
0,0.0,99103.93868008524,-1.0,2,0.0,1.0,7.9241964e-20,0.0
0,0.0,99103.93868008524,-1.0,1,0.0,1.0,7.978064e-20,0.0
0,0.0,99103.93868008524,-1.0,2,0.0,1.0,8.0505805e-20,0.0
0,0.0,99103.93868008524,-1.0,1,0.0,1.0,6.624956e-20,0.0
0,0.0,99103.93868008524,-1.0,2,0.0,1.0,6.1516265e-20,0.0
0,0.0,99103.93868008524,-1.0,1,0.0,1.0,5.6976646e-20,0.0
0,0.0,99103.93868008524,-1.0,2,0.0,1.0,8.2694596e-20,0.0
0,0.0,99103.93868008524,-1.0,0,0.0,1.0,6.622429e-20,0.0
0,0.0,99103.93868008524,-1.0,1,0.0,1.0,7.606916e-20,0.0
0,0.0,99101.73946133524,-1.0,2,-0.0005789380246746065,1.0,7.602158e-20,0.0
0,0.0,99101.54024258524,-1.0,1,-5.244376422452031e-05,1.0,6.568186e-20,0.0
0,0.0,99101.54024258524,-1.0,1,0.0,1.0,6.152096e-20,0.0
0,0.0,99093.70907035937,-0.25,2,-0.002061533614757257,1.0,9.577969e-20,0.0
0,0.0,99085.9143832932,-1.0,2,-0.0020519290011712476,1.0,8.987789e-20,0.0
0,0.0,99085.9143832932,-1.0,1,0.0,1.0,8.7492296e-20,0.0
0,0.0,99085.9143832932,-1.0,1,0.0,1.0,9.087492e-20,0.0
0,0.0,99085.9143832932,-1.0,1,0.0,1.0,9.875675e-20,0.0
0,0.0,99080.5904388426,-0.5,2,-0.001401513098098902,1.0,8.3927664e-20,0.0
0,0.0,99080.5904388426,-0.5,0,0.0,1.0,9.596401e-20,0.0
0,0.0,99080.5904388426,-0.5,2,0.0,1.0,1.161209e-19,0.0
0,0.0,99080.5904388426,-0.5,0,0.0,1.0,9.615456e-20,0.0
0,0.0,99080.5904388426,-0.5,2,0.0,1.0,1.00976904e-19,0.0
0,0.0,99080.5904388426,-0.5,1,0.0,1.0,1.0001086e-19,0.0
0,0.0,99080.5904388426,-0.5,2,0.0,1.0,1.145878e-19,0.0
0,0.0,99080.5904388426,-0.5,0,0.0,1.0,1.1792973e-19,0.0
0,0.0,99080.5904388426,-0.5,2,0.0,1.0,1.2009616e-19,0.0
0,0.0,99080.5904388426,-0.5,1,0.0,1.0,8.808168e-20,0.0
0,0.0,99080.5904388426,-0.5,2,0.0,1.0,1.124847e-19,0.0
0,0.0,99079.55349005121,-0.6,2,-0.0002729737935224097,1.0,1.1023333e-19,0.0
0,0.0,99079.55349005121,-0.6,0,0.0,1.0,7.6531364e-20,0.0
0,0.0,99079.55349005121,-0.6,1,0.0,1.0,1.0322334e-19,0.0
0,0.0,99079.55349005121,-0.6,2,0.0,1.0,1.02883684e-19,0.0
0,0.0,99079.55349005121,-0.6,2,0.0,1.0,1.03108425e-19,0.0
0,0.0,99079.55349005121,-0.6,1,0.0,1.0,1.0689399e-19,0.0
0,0.0,99078.50138678626,-0.5,1,-0.0002769631652000135,1.0,1.2233409e-19,0.0
0,0.0,99078.50138678626,-0.5,2,0.0,1.0,9.389132e-20,0.0
0,0.0,99078.50138678626,-0.5,2,0.0,1.0,1.2295916e-19,0.0
0,0.0,99078.50138678626,-0.5,2,0.0,1.0,1.2369683e-19,0.0
0,0.0,99078.50138678626,-0.5,0,0.0,1.0,9.62206e-20,0.0
0,0.0,99078.50138678626,-0.5,0,0.0,1.0,9.120415e-20,0.0
0,0.0,99078.50138678626,-0.5,2,0.0,1.0,1.1363191e-19,0.0
0,0.0,99078.50138678626,-0.5,1,0.0,1.0,1.0747131e-19,0.0
0,0.0,99070.59635956929,0.25,2,-0.0020809757292181478,1.0,1.1617761e-19,0.0
0,0.0,99070.59635956929,0.25,2,0.0,1.0,1.0956758e-19,0.0
0,0.0,99070.59635956929,0.25,1,0.0,1.0,1.0995615e-19,0.0
0,0.0,99065.36198627559,0.75,2,-0.001377933748093297,1.0,1.0364632e-19,0.0
0,0.0,99065.36198627559,0.75,0,0.0,1.0,1.1286122e-19,0.0
0,0.0,99065.36198627559,0.75,0,0.0,1.0,9.558551e-20,0.0
0,0.0,99065.36198627559,0.75,0,0.0,1.0,1.02412236e-19,0.0
0,0.0,99065.36198627559,0.75,0,0.0,1.0,1.0707846e-19,0.0
0,0.0,99065.36198627559,0.75,1,0.0,1.0,1.00200265e-19,0.0
0,0.0,99065.36198627559,0.75,2,0.0,1.0,9.823823e-20,0.0
0,0.0,99065.36198627559,0.75,0,0.0,1.0,9.6245566e-20,0.0
0,0.0,99065.36198627559,0.75,0,0.0,1.0,9.1930695e-20,0.0
0,0.0,99065.36198627559,0.75,0,0.0,1.0,8.791116e-20,0.0
0,0.0,99066.11198627559,0.75,2,0.00014745822922510336,1.0,9.435809e-20,0.0
0,0.0,99066.11198627559,0.75,2,0.0,1.0,8.9288745e-20,0.0
0,0.0,99066.26140033809,0.75,2,2.937644410343856e-05,1.0,9.623235e-20,0.0
0,0.0,99066.26140033809,0.75,2,0.0,1.0,8.346026e-20,0.0
0,0.0,99066.26140033809,0.75,2,0.0,1.0,9.492418e-20,0.0
0,0.0,99066.26140033809,0.75,2,0.0,1.0,8.816775e-20,0.0
0,0.0,99066.26140033809,0.75,2,0.0,1.0,8.820273e-20,0.0
0,0.0,99064.02895039738,0.25,1,-0.0005876860402633374,1.0,9.6330785e-20,0.0
0,0.0,99064.02895039738,0.25,0,0.0,1.0,9.15695e-20,0.0
0,0.0,99064.02895039738,0.25,0,0.0,1.0,9.211464e-20,0.0
0,0.0,99064.02895039738,0.25,0,0.0,1.0,9.1457787e-20,0.0
0,0.0,99064.02895039738,0.25,0,0.0,1.0,9.154994e-20,0.0
0,0.0,99064.02895039738,0.25,1,0.0,1.0,8.3366073e-20,0.0
0,0.0,99064.02895039738,0.25,0,0.0,1.0,8.6855153e-20,0.0
0,0.0,99064.35414570988,0.25,0,6.393696657807216e-05,1.0,7.779114e-20,0.0
0,0.0,99064.35414570988,0.25,2,0.0,1.0,7.066016e-20,0.0
0,0.0,99064.35414570988,0.25,0,0.0,1.0,6.776166e-20,0.0
0,0.0,99064.35414570988,0.25,0,0.0,1.0,5.805344e-20,0.0
0,0.0,99064.35414570988,0.25,2,0.0,1.0,6.5248336e-20,0.0
0,0.0,99063.47484871077,0.0,1,-0.00023147241162976612,1.0,6.377188e-20,0.0
0,0.0,99063.47484871077,0.0,1,0.0,1.0,6.768209e-20,0.0
0,0.0,99063.47484871077,0.0,1,0.0,1.0,5.6072764e-20,0.0
0,0.0,99053.04977813808,1.0,1,-0.0027443699106536965,1.0,6.5380886e-20,0.0
0,0.0,99053.04977813808,1.0,2,0.0,1.0,5.901896e-20,0.0
0,0.0,99052.01253940753,0.9,1,-0.0002730501191766694,1.0,5.499913e-20,0.0
0,0.0,99052.01253940753,0.9,1,0.0,1.0,6.0661503e-20,0.0
0,0.0,99052.01253940753,0.9,0,0.0,1.0,7.0027954e-20,0.0
0,0.0,99052.01253940753,0.9,1,0.0,1.0,6.9455435e-20,0.0
0,0.0,99052.01253940753,0.9,1,0.0,1.0,7.3251057e-20,0.0
0,0.0,99052.01253940753,0.9,0,0.0,1.0,8.974222e-20,0.0
0,0.0,99052.01253940753,0.9,2,0.0,1.0,8.6295036e-20,0.0
0,0.0,99041.60476087563,-0.09999999999999998,2,-0.002739817830539176,1.0,9.153178e-20,0.0
0,0.0,99041.60476087563,-0.09999999999999998,1,0.0,1.0,8.9761394e-20,0.0
0,0.0,99041.60476087563,-0.09999999999999998,2,0.0,1.0,8.4269006e-20,0.0
0,0.0,99041.60476087563,-0.09999999999999998,0,0.0,1.0,7.929155e-20,0.0
0,0.0,99041.60476087563,-0.09999999999999998,1,0.0,1.0,9.197279e-20,0.0
0,0.0,99041.60476087563,-0.09999999999999998,2,0.0,1.0,9.443731e-20,0.0
0,0.0,99041.60476087563,-0.09999999999999998,0,0.0,1.0,9.3801105e-20,0.0
0,0.0,99041.60476087563,-0.09999999999999998,0,0.0,1.0,9.169254e-20,0.0
0,0.0,99041.60476087563,-0.09999999999999998,0,0.0,1.0,7.539891e-20,0.0
0,0.0,99041.60476087563,-0.09999999999999998,1,0.0,1.0,7.226301e-20,0.0
0,0.0,99041.60476087563,-0.09999999999999998,0,0.0,1.0,6.249168e-20,0.0
0,0.0,99041.60476087563,-0.09999999999999998,2,0.0,1.0,5.670431e-20,0.0
0,0.0,99041.60476087563,-0.09999999999999998,1,0.0,1.0,6.66877e-20,0.0
0,0.0,99041.60476087563,-0.09999999999999998,1,0.0,1.0,7.023341e-20,0.0
0,0.0,99040.56698803738,2.7755575615628914e-17,1,-0.0002731907214972101,1.0,7.929397e-20,0.0
0,0.0,99040.56698803738,2.7755575615628914e-17,1,0.0,1.0,7.905356e-20,0.0
0,0.0,99035.37040312361,0.5,2,-0.0013679860655189202,1.0,8.6335865e-20,0.0
0,0.0,99035.37040312361,0.5,2,0.0,1.0,7.4294545e-20,0.0
0,0.0,99034.3331074131,0.4,1,-0.00027306511898748324,1.0,6.280427e-20,0.0
0,0.0,99034.3331074131,0.4,1,0.0,1.0,6.388193e-20,0.0
0,0.0,99034.3331074131,0.4,2,0.0,1.0,6.616369e-20,0.0
0,0.0,99034.3331074131,0.4,1,0.0,1.0,6.243354e-20,0.0
0,0.0,99034.3331074131,0.4,0,0.0,1.0,6.757374e-20,0.0
0,0.0,99033.93310741309,0.4,0,-0.0001052988520923157,1.0,6.4831515e-20,0.0
0,0.0,99033.8534199131,0.4,2,-2.0977505688275826e-05,1.0,7.439778e-20,0.0
0,0.0,99033.8534199131,0.4,2,0.0,1.0,6.0199536e-20,0.0
0,0.0,99033.8534199131,0.4,1,0.0,1.0,7.123609e-20,0.0
0,0.0,99033.8534199131,0.4,0,0.0,1.0,6.925013e-20,0.0
0,0.0,99033.8534199131,0.4,1,0.0,1.0,7.0134886e-20,0.0
0,0.0,99033.8534199131,0.4,0,0.0,1.0,8.118428e-20,0.0
0,0.0,99033.8534199131,0.4,1,0.0,1.0,8.620291e-20,0.0
0,0.0,99033.8534199131,0.4,1,0.0,1.0,6.8780456e-20,0.0
0,0.0,99028.66280990384,0.9,1,-0.0013664131890551126,1.0,5.85418e-20,0.0
0,0.0,99027.62543234955,1.0,1,-0.0002730866641248767,1.0,6.544776e-20,0.0
0,0.0,99027.62543234955,1.0,1,0.0,1.0,5.716213e-20,0.0
0,0.0,99027.62543234955,1.0,2,0.0,1.0,5.2405317e-20,0.0
0,0.0,99027.62543234955,1.0,0,0.0,1.0,6.030158e-20,0.0
0,0.0,99027.62543234955,1.0,2,0.0,1.0,6.5086254e-20,0.0
0,0.0,99027.62543234955,1.0,0,0.0,1.0,7.177509e-20,0.0
0,0.0,99027.22699484955,1.0,2,-0.00010488752844904062,1.0,8.413025e-20,0.0
0,0.0,99027.22699484955,1.0,2,0.0,1.0,7.989515e-20,0.0
0,0.0,99027.22699484955,1.0,2,0.0,1.0,7.165144e-20,0.0
0,0.0,99027.22699484955,1.0,2,0.0,1.0,7.432743e-20,0.0
0,0.0,99027.22699484955,1.0,1,0.0,1.0,7.15149e-20,0.0
0,0.0,99027.22699484955,1.0,0,0.0,1.0,7.7862395e-20,0.0
0,0.0,99027.22699484955,1.0,0,0.0,1.0,7.773418e-20,0.0
0,0.0,99027.22699484955,1.0,2,0.0,1.0,6.902122e-20,0.0
0,0.0,99027.22699484955,1.0,0,0.0,1.0,7.479617e-20,0.0
0,0.0,99026.82465109955,1.0,1,-0.0001059158375514822,1.0,6.22604e-20,0.0
0,0.0,99026.82465109955,1.0,0,0.0,1.0,6.2832064e-20,0.0
0,0.0,99026.82465109955,1.0,1,0.0,1.0,6.313479e-20,0.0
0,0.0,99026.82465109955,1.0,2,0.0,1.0,5.896045e-20,0.0
0,0.0,99021.4997848537,0.5,0,-0.0014017557580522086,1.0,5.116636e-20,0.0
0,0.0,99021.4997848537,0.5,0,0.0,1.0,5.6712963e-20,0.0
0,0.0,99021.4997848537,0.5,2,0.0,1.0,7.461492e-20,0.0
0,0.0,99021.4997848537,0.5,1,0.0,1.0,7.466162e-20,0.0
0,0.0,99016.3108165656,1.0,2,-0.0013659810106713488,1.0,7.3580404e-20,0.0
0,0.0,99016.3108165656,1.0,2,0.0,1.0,6.414664e-20,0.0
0,0.0,99016.3108165656,1.0,2,0.0,1.0,6.019219e-20,0.0
0,0.0,99016.3108165656,1.0,2,0.0,1.0,6.456595e-20,0.0
0,0.0,99016.3108165656,1.0,1,0.0,1.0,6.550371e-20,0.0
0,0.0,99016.3108165656,1.0,2,0.0,1.0,6.2968355e-20,0.0
0,0.0,99016.3108165656,1.0,0,0.0,1.0,6.05607e-20,0.0
0,0.0,99016.3108165656,1.0,2,0.0,1.0,6.2970274e-20,0.0
0,0.0,99016.3108165656,1.0,0,0.0,1.0,5.430863e-20,0.0
0,0.0,99016.3108165656,1.0,0,0.0,1.0,6.08302e-20,0.0
0,0.0,99016.3108165656,1.0,0,0.0,1.0,5.283165e-20,0.0
0,0.0,99016.3108165656,1.0,2,0.0,1.0,4.8413036e-20,0.0
0,0.0,99016.3108165656,1.0,2,0.0,1.0,5.376034e-20,0.0
0,0.0,99016.3108165656,1.0,2,0.0,1.0,5.386051e-20,0.0
0,0.0,99016.3108165656,1.0,2,0.0,1.0,6.5192605e-20,0.0
0,0.0,99016.3108165656,1.0,1,0.0,1.0,7.0503996e-20,0.0
0,0.0,99016.3108165656,1.0,2,0.0,1.0,6.761087e-20,0.0
0,0.0,99016.3108165656,1.0,2,0.0,1.0,5.6978385e-20,0.0
0,0.0,99016.3108165656,1.0,2,0.0,1.0,5.555666e-20,0.0
0,0.0,99016.3108165656,1.0,2,0.0,1.0,5.75393e-20,0.0
0,0.0,99016.3108165656,1.0,0,0.0,1.0,5.518912e-20,0.0
0,0.0,99016.3108165656,1.0,0,0.0,1.0,5.3670997e-20,0.0
0,0.0,99016.3108165656,1.0,1,0.0,1.0,5.025103e-20,0.0
0,0.0,99016.3108165656,1.0,0,0.0,1.0,5.2028446e-20,0.0
0,0.0,99016.3108165656,1.0,1,0.0,1.0,5.3162394e-20,0.0
0,0.0,99016.3108165656,1.0,0,0.0,1.0,5.697143e-20,0.0
0,0.0,99016.3108165656,1.0,0,0.0,1.0,5.3978162e-20,0.0
0,0.0,99016.3108165656,1.0,2,0.0,1.0,5.648841e-20,0.0
0,0.0,99016.3108165656,1.0,0,0.0,1.0,5.1290646e-20,0.0
0,0.0,99016.3108165656,1.0,0,0.0,1.0,6.137188e-20,0.0
0,0.0,99016.3108165656,1.0,0,0.0,1.0,6.206216e-20,0.0
0,0.0,99016.3108165656,1.0,2,0.0,1.0,5.767554e-20,0.0
0,0.0,99016.1115978156,1.0,2,-5.244376422452031e-05,1.0,5.840618e-20,0.0
0,0.0,99008.27652373549,0.25,2,-0.0020625607666897466,1.0,5.584734e-20,0.0
0,0.0,99008.27652373549,0.25,1,0.0,1.0,5.0503936e-20,0.0
0,0.0,99008.27652373549,0.25,0,0.0,1.0,5.445384e-20,0.0
0,0.0,99008.27652373549,0.25,2,0.0,1.0,5.123589e-20,0.0
0,0.0,99008.27652373549,0.25,0,0.0,1.0,4.8906042e-20,0.0
0,0.0,99008.27652373549,0.25,1,0.0,1.0,5.1870703e-20,0.0
0,0.0,99008.27652373549,0.25,0,0.0,1.0,5.556768e-20,0.0
0,0.0,99008.27652373549,0.25,1,0.0,1.0,5.3607155e-20,0.0
0,0.0,99008.27652373549,0.25,0,0.0,1.0,5.1114075e-20,0.0
0,0.0,99008.27652373549,0.25,1,0.0,1.0,4.949688e-20,0.0
0,0.0,99008.27652373549,0.25,2,0.0,1.0,4.7955725e-20,0.0
0,0.0,98997.59578599446,-0.75,0,-0.002811673559012349,1.0,4.9034566e-20,0.0
0,0.0,98997.59578599446,-0.75,0,0.0,1.0,4.5640427e-20,0.0
0,0.0,98997.59578599446,-0.75,2,0.0,1.0,4.8914253e-20,0.0
0,0.0,98997.59578599446,-0.75,1,0.0,1.0,5.1862787e-20,0.0
0,0.0,98997.59578599446,-0.75,0,0.0,1.0,5.3568727e-20,0.0
0,0.0,98997.59578599446,-0.75,1,0.0,1.0,5.3529504e-20,0.0
0,0.0,98997.59578599446,-0.75,2,0.0,1.0,5.437994e-20,0.0
0,0.0,98997.59578599446,-0.75,2,0.0,1.0,5.124762e-20,0.0
0,0.0,98997.59578599446,-0.75,2,0.0,1.0,5.170712e-20,0.0
0,0.0,98997.59578599446,-0.75,2,0.0,1.0,4.777824e-20,0.0
0,0.0,98997.59578599446,-0.75,1,0.0,1.0,4.8300882e-20,0.0
0,0.0,98997.59578599446,-0.75,2,0.0,1.0,5.0806926e-20,0.0
0,0.0,98997.59578599446,-0.75,1,0.0,1.0,5.607105e-20,0.0
0,0.0,98995.00171033964,-0.5,2,-0.0006828829717186774,1.0,5.2045913e-20,0.0
0,0.0,98995.00171033964,-0.5,0,0.0,1.0,5.55609e-20,0.0
0,0.0,98995.00171033964,-0.5,1,0.0,1.0,5.92129e-20,0.0
0,0.0,98989.81070328638,0.0,1,-0.0013665177097489877,1.0,5.9488206e-20,0.0
0,0.0,98989.81070328638,0.0,1,0.0,1.0,5.0858893e-20,0.0
0,0.0,98982.02016141171,0.75,2,-0.0020508377914040666,1.0,5.570011e-20,0.0
0,0.0,98982.02016141171,0.75,2,0.0,1.0,5.2842937e-20,0.0
0,0.0,98982.02016141171,0.75,0,0.0,1.0,5.6223557e-20,0.0
0,0.0,98982.02016141171,0.75,2,0.0,1.0,5.872073e-20,0.0
0,0.0,98982.02016141171,0.75,0,0.0,1.0,5.7414755e-20,0.0
0,0.0,98982.02016141171,0.75,0,0.0,1.0,5.6243286e-20,0.0
0,0.0,98982.02016141171,0.75,0,0.0,1.0,5.6715555e-20,0.0
0,0.0,98981.87074734921,0.75,2,-3.933282316839023e-05,1.0,5.7415634e-20,0.0
0,0.0,98981.87074734921,0.75,2,0.0,1.0,5.102446e-20,0.0
0,0.0,98981.87074734921,0.75,2,0.0,1.0,5.626561e-20,0.0
0,0.0,98981.87074734921,0.75,1,0.0,1.0,5.8980246e-20,0.0
0,0.0,98979.27682290447,1.0,2,-0.0006828431660974275,1.0,5.666711e-20,0.0
0,0.0,98979.27682290447,1.0,1,0.0,1.0,6.238497e-20,0.0
0,0.0,98979.27682290447,1.0,2,0.0,1.0,6.036234e-20,0.0
0,0.0,98979.27682290447,1.0,1,0.0,1.0,5.896945e-20,0.0
0,0.0,98979.27682290447,1.0,2,0.0,1.0,5.984601e-20,0.0
0,0.0,98979.27682290447,1.0,1,0.0,1.0,5.4813976e-20,0.0
0,0.0,98979.27682290447,1.0,0,0.0,1.0,5.4114233e-20,0.0
0,0.0,98979.27682290447,1.0,2,0.0,1.0,5.309349e-20,0.0
0,0.0,98979.27682290447,1.0,1,0.0,1.0,5.755949e-20,0.0
0,0.0,98979.27682290447,1.0,0,0.0,1.0,5.0604215e-20,0.0
0,0.0,98979.27682290447,1.0,1,0.0,1.0,5.1692924e-20,0.0
0,0.0,98979.27682290447,1.0,0,0.0,1.0,5.542288e-20,0.0
0,0.0,98979.27682290447,1.0,1,0.0,1.0,5.4322715e-20,0.0
0,0.0,98979.27682290447,1.0,2,0.0,1.0,5.8453435e-20,0.0
0,0.0,98979.27682290447,1.0,1,0.0,1.0,5.7044495e-20,0.0
0,0.0,98979.27682290447,1.0,1,0.0,1.0,5.635239e-20,0.0
0,0.0,98979.27682290447,1.0,0,0.0,1.0,6.121382e-20,0.0
0,0.0,98979.27682290447,1.0,1,0.0,1.0,6.093611e-20,0.0
0,0.0,98979.27682290447,1.0,1,0.0,1.0,6.321577e-20,0.0
0,0.0,98979.27682290447,1.0,2,0.0,1.0,6.7332896e-20,0.0
0,0.0,98979.27682290447,1.0,1,0.0,1.0,6.8294164e-20,0.0
0,0.0,98979.27682290447,1.0,0,0.0,1.0,7.378841e-20,0.0
0,0.0,98979.27682290447,1.0,0,0.0,1.0,7.055781e-20,0.0
0,0.0,98979.27682290447,1.0,0,0.0,1.0,7.125457e-20,0.0
0,0.0,98979.27682290447,1.0,1,0.0,1.0,6.894332e-20,0.0
0,0.0,98979.27682290447,1.0,2,0.0,1.0,6.8149466e-20,0.0
0,0.0,98979.27682290447,1.0,1,0.0,1.0,7.013061e-20,0.0
0,0.0,98979.27682290447,1.0,2,0.0,1.0,7.330808e-20,0.0
0,0.0,98979.27682290447,1.0,1,0.0,1.0,7.516343e-20,0.0
0,0.0,98979.27682290447,1.0,2,0.0,1.0,7.3671407e-20,0.0
0,0.0,98979.27682290447,1.0,1,0.0,1.0,7.272982e-20,0.0
0,0.0,98979.27682290447,1.0,1,0.0,1.0,6.742954e-20,0.0
0,0.0,98979.27682290447,1.0,2,0.0,1.0,7.184741e-20,0.0
0,0.0,98979.27682290447,1.0,2,0.0,1.0,6.873744e-20,0.0
0,0.0,98978.23917733702,0.9,0,-0.000273157217823505,1.0,7.116873e-20,0.0
0,0.0,98978.23917733702,0.9,2,0.0,1.0,7.2522595e-20,0.0
0,0.0,98970.37204538597,0.15000000000000002,1,-0.0020709999092148037,1.0,7.4834985e-20,0.0
0,0.0,98970.37204538597,0.15000000000000002,0,0.0,1.0,7.539201e-20,0.0
0,0.0,98970.37204538597,0.15000000000000002,0,0.0,1.0,7.751743e-20,0.0
0,0.0,98970.37204538597,0.15000000000000002,1,0.0,1.0,7.309028e-20,0.0
0,0.0,98970.37204538597,0.15000000000000002,0,0.0,1.0,6.902648e-20,0.0
0,0.0,98970.37204538597,0.15000000000000002,1,0.0,1.0,7.2223324e-20,0.0
0,0.0,98970.37204538597,0.15000000000000002,0,0.0,1.0,7.26921e-20,0.0
0,0.0,98970.37204538597,0.15000000000000002,1,0.0,1.0,7.145164e-20,0.0
0,0.0,98970.37204538597,0.15000000000000002,0,0.0,1.0,7.324211e-20,0.0
0,0.0,98970.37204538597,0.15000000000000002,0,0.0,1.0,7.425262e-20,0.0
0,0.0,98970.37204538597,0.15000000000000002,2,0.0,1.0,6.976878e-20,0.0
0,0.0,98970.37204538597,0.15000000000000002,2,0.0,1.0,7.1519264e-20,0.0
0,0.0,98970.37204538597,0.15000000000000002,2,0.0,1.0,7.351419e-20,0.0
0,0.0,98962.47296486916,-0.6,0,-0.0020794102774678723,1.0,7.4055735e-20,0.0
0,0.0,98962.47296486916,-0.6,2,0.0,1.0,7.8792236e-20,0.0
0,0.0,98962.47296486916,-0.6,1,0.0,1.0,7.5729826e-20,0.0
0,0.0,98954.6778955131,0.15000000000000002,2,-0.0020520296378869294,1.0,8.220395e-20,0.0
0,0.0,98954.6778955131,0.15000000000000002,0,0.0,1.0,8.346663e-20,0.0
0,0.0,98954.6778955131,0.15000000000000002,1,0.0,1.0,8.1508245e-20,0.0
0,0.0,98954.6778955131,0.15000000000000002,2,0.0,1.0,8.4422157e-20,0.0
0,0.0,98954.6778955131,0.15000000000000002,2,0.0,1.0,8.3434794e-20,0.0
0,0.0,98954.6778955131,0.15000000000000002,1,0.0,1.0,8.533132e-20,0.0
0,0.0,98954.6778955131,0.15000000000000002,1,0.0,1.0,8.4752577e-20,0.0
0,0.0,98954.6778955131,0.15000000000000002,0,0.0,1.0,8.909413e-20,0.0
0,0.0,98954.6778955131,0.15000000000000002,2,0.0,1.0,8.6684354e-20,0.0
0,0.0,98954.6778955131,0.15000000000000002,2,0.0,1.0,8.602552e-20,0.0
0,0.0,98954.6778955131,0.15000000000000002,2,0.0,1.0,8.445695e-20,0.0
0,0.0,98954.6778955131,0.15000000000000002,0,0.0,1.0,8.318056e-20,0.0
0,0.0,98954.6778955131,0.15000000000000002,0,0.0,1.0,8.271731e-20,0.0
0,0.0,98954.6778955131,0.15000000000000002,2,0.0,1.0,8.0881345e-20,0.0
0,0.0,98954.6778955131,0.15000000000000002,1,0.0,1.0,8.2166325e-20,0.0
0,0.0,98954.6778955131,0.15000000000000002,0,0.0,1.0,8.3529054e-20,0.0
0,0.0,98954.6778955131,0.15000000000000002,2,0.0,1.0,8.47875e-20,0.0
0,0.0,98943.8325244683,-0.85,2,-0.002855012803771593,1.0,8.4771977e-20,0.0
0,0.0,98943.8325244683,-0.85,1,0.0,1.0,8.5800046e-20,0.0
0,0.0,98943.8325244683,-0.85,0,0.0,1.0,8.4614315e-20,0.0
0,0.0,98944.0018604058,-0.85,2,3.329330331837479e-05,1.0,8.438223e-20,0.0
0,0.0,98944.0018604058,-0.85,0,0.0,1.0,8.116446e-20,0.0
0,0.0,98944.0018604058,-0.85,1,0.0,1.0,8.0713673e-20,0.0
0,0.0,98944.0018604058,-0.85,2,0.0,1.0,8.5162225e-20,0.0
0,0.0,98944.0018604058,-0.85,2,0.0,1.0,7.6302823e-20,0.0
0,0.0,98944.0018604058,-0.85,2,0.0,1.0,8.601502e-20,0.0
0,0.0,98944.0018604058,-0.85,2,0.0,1.0,8.63161e-20,0.0
0,0.0,98944.0018604058,-0.85,0,0.0,1.0,8.062628e-20,0.0
0,0.0,98944.0018604058,-0.85,2,0.0,1.0,7.772944e-20,0.0
0,0.0,98944.0018604058,-0.85,1,0.0,1.0,7.18814e-20,0.0
0,0.0,98938.81398705614,-0.35,1,-0.0013656927712679243,1.0,7.415298e-20,0.0
0,0.0,98938.81398705614,-0.35,1,0.0,1.0,6.896647e-20,0.0
0,0.0,98938.81398705614,-0.35,0,0.0,1.0,7.1629576e-20,0.0
0,0.0,98938.81398705614,-0.35,1,0.0,1.0,7.012526e-20,0.0
0,0.0,98933.62618752831,0.15000000000000002,1,-0.0013656733378850563,1.0,7.1112284e-20,0.0
0,0.0,98933.62618752831,0.15000000000000002,0,0.0,1.0,7.131657e-20,0.0
0,0.0,98933.62618752831,0.15000000000000002,0,0.0,1.0,7.184412e-20,0.0
0,0.0,98933.62618752831,0.15000000000000002,1,0.0,1.0,6.991691e-20,0.0
0,0.0,98933.62618752831,0.15000000000000002,2,0.0,1.0,6.636085e-20,0.0
0,0.0,98933.62618752831,0.15000000000000002,0,0.0,1.0,6.989878e-20,0.0
0,0.0,98933.62618752831,0.15000000000000002,0,0.0,1.0,6.8151546e-20,0.0
0,0.0,98933.62618752831,0.15000000000000002,1,0.0,1.0,6.7529416e-20,0.0
0,0.0,98933.62618752831,0.15000000000000002,1,0.0,1.0,6.718408e-20,0.0
0,0.0,98933.62618752831,0.15000000000000002,0,0.0,1.0,6.846946e-20,0.0
0,0.0,98933.62618752831,0.15000000000000002,2,0.0,1.0,6.74388e-20,0.0
0,0.0,98933.62618752831,0.15000000000000002,2,0.0,1.0,6.4484235e-20,0.0
0,0.0,98933.62618752831,0.15000000000000002,2,0.0,1.0,6.9571046e-20,0.0
0,0.0,98933.62618752831,0.15000000000000002,1,0.0,1.0,6.851962e-20,0.0
0,0.0,98933.62618752831,0.15000000000000002,0,0.0,1.0,6.2759246e-20,0.0
0,0.0,98933.62618752831,0.15000000000000002,0,0.0,1.0,5.929065e-20,0.0
0,0.0,98933.62618752831,0.15000000000000002,2,0.0,1.0,7.05309e-20,0.0
0,0.0,98933.62618752831,0.15000000000000002,2,0.0,1.0,7.044808e-20,0.0
0,0.0,98933.62618752831,0.15000000000000002,1,0.0,1.0,7.270763e-20,0.0
0,0.0,98933.62618752831,0.15000000000000002,2,0.0,1.0,6.9948926e-20,0.0
0,0.0,98933.62618752831,0.15000000000000002,2,0.0,1.0,7.6138835e-20,0.0
0,0.0,98933.62618752831,0.15000000000000002,0,0.0,1.0,6.639427e-20,0.0
0,0.0,98933.62618752831,0.15000000000000002,2,0.0,1.0,7.2786446e-20,0.0
0,0.0,98933.62618752831,0.15000000000000002,1,0.0,1.0,6.813387e-20,0.0
0,0.0,98933.62618752831,0.15000000000000002,2,0.0,1.0,6.1774e-20,0.0
0,0.0,98933.62618752831,0.15000000000000002,0,0.0,1.0,6.079494e-20,0.0
0,0.0,98933.62618752831,0.15000000000000002,1,0.0,1.0,6.054499e-20,0.0
0,0.0,98928.43642643874,0.65,2,-0.0013661897133824985,1.0,6.000786e-20,0.0
0,0.0,98928.43642643874,0.65,2,0.0,1.0,5.878169e-20,0.0
0,0.0,98928.43642643874,0.65,2,0.0,1.0,5.478889e-20,0.0
0,0.0,98928.43642643874,0.65,0,0.0,1.0,5.177581e-20,0.0
0,0.0,98928.43642643874,0.65,0,0.0,1.0,5.7018393e-20,0.0
0,0.0,98928.43642643874,0.65,0,0.0,1.0,5.6371305e-20,0.0
0,0.0,98928.43642643874,0.65,1,0.0,1.0,5.8391035e-20,0.0
0,0.0,98928.43642643874,0.65,2,0.0,1.0,6.0205966e-20,0.0
0,0.0,98928.43642643874,0.65,1,0.0,1.0,5.873417e-20,0.0
0,0.0,98928.43642643874,0.65,1,0.0,1.0,5.41481e-20,0.0
0,0.0,98928.43642643874,0.65,0,0.0,1.0,5.99685e-20,0.0
0,0.0,98928.43642643874,0.65,1,0.0,1.0,5.731584e-20,0.0
0,0.0,98928.43642643874,0.65,2,0.0,1.0,5.696273e-20,0.0
0,0.0,98928.43642643874,0.65,0,0.0,1.0,5.553208e-20,0.0
0,0.0,98928.43642643874,0.65,0,0.0,1.0,5.710285e-20,0.0
0,0.0,98928.43642643874,0.65,2,0.0,1.0,5.8119913e-20,0.0
0,0.0,98928.43642643874,0.65,1,0.0,1.0,5.871983e-20,0.0
0,0.0,98928.43642643874,0.65,1,0.0,1.0,6.1304494e-20,0.0
0,0.0,98928.43642643874,0.65,1,0.0,1.0,6.049143e-20,0.0
0,0.0,98928.43642643874,0.65,0,0.0,1.0,6.0592124e-20,0.0
0,0.0,98928.43642643874,0.65,2,0.0,1.0,6.111769e-20,0.0
0,0.0,98928.43642643874,0.65,1,0.0,1.0,6.471489e-20,0.0
0,0.0,98928.43642643874,0.65,0,0.0,1.0,6.65911e-20,0.0
0,0.0,98928.43642643874,0.65,1,0.0,1.0,6.491665e-20,0.0
0,0.0,98928.43642643874,0.65,0,0.0,1.0,6.7333924e-20,0.0
0,0.0,98928.43642643874,0.65,1,0.0,1.0,6.8183793e-20,0.0
0,0.0,98928.43642643874,0.65,0,0.0,1.0,6.784339e-20,0.0
0,0.0,98928.43642643874,0.65,0,0.0,1.0,7.020341e-20,0.0
0,0.0,98928.43642643874,0.65,1,0.0,1.0,7.0779945e-20,0.0
0,0.0,98928.43642643874,0.65,1,0.0,1.0,7.0335297e-20,0.0
0,0.0,98928.43642643874,0.65,0,0.0,1.0,7.1508355e-20,0.0
0,0.0,98928.43642643874,0.65,1,0.0,1.0,7.201644e-20,0.0
0,0.0,98928.43642643874,0.65,2,0.0,1.0,7.1512724e-20,0.0
0,0.0,98928.43642643874,0.65,1,0.0,1.0,7.195932e-20,0.0
0,0.0,98928.43642643874,0.65,2,0.0,1.0,7.438075e-20,0.0
0,0.0,98928.43642643874,0.65,0,0.0,1.0,7.501562e-20,0.0
0,0.0,98928.43642643874,0.65,1,0.0,1.0,7.36096e-20,0.0
0,0.0,98928.43642643874,0.65,0,0.0,1.0,7.597056e-20,0.0
0,0.0,98928.43642643874,0.65,1,0.0,1.0,7.3181793e-20,0.0
0,0.0,98928.43642643874,0.65,2,0.0,1.0,7.3017824e-20,0.0
0,0.0,98928.43642643874,0.65,1,0.0,1.0,7.06882e-20,0.0
0,0.0,98924.80460430699,1.0,2,-0.000956066753670664,1.0,7.0194844e-20,0.0
0,0.0,98924.80460430699,1.0,2,0.0,1.0,7.0494316e-20,0.0
0,0.0,98924.80460430699,1.0,2,0.0,1.0,7.085991e-20,0.0
0,0.0,98917.0107538274,0.25,1,-0.0020517087721549617,1.0,6.893701e-20,0.0
0,0.0,98917.0107538274,0.25,1,0.0,1.0,7.080803e-20,0.0
0,0.0,98917.0107538274,0.25,2,0.0,1.0,6.942153e-20,0.0
0,0.0,98917.0107538274,0.25,1,0.0,1.0,6.805594e-20,0.0
0,0.0,98917.0107538274,0.25,0,0.0,1.0,7.232037e-20,0.0
0,0.0,98917.0107538274,0.25,0,0.0,1.0,6.8478864e-20,0.0
0,0.0,98917.0107538274,0.25,0,0.0,1.0,6.9104465e-20,0.0
0,0.0,98917.0107538274,0.25,1,0.0,1.0,6.840367e-20,0.0
0,0.0,98917.0107538274,0.25,1,0.0,1.0,7.023341e-20,0.0
0,0.0,98917.0107538274,0.25,0,0.0,1.0,6.521151e-20,0.0
0,0.0,98917.0107538274,0.25,2,0.0,1.0,6.5147853e-20,0.0
0,0.0,98914.41648022344,0.0,1,-0.0006829350812604827,1.0,6.178248e-20,0.0
0,0.0,98914.41648022344,0.0,1,0.0,1.0,6.266738e-20,0.0
0,0.0,98904.02551900307,1.0,2,-0.002735390721542519,1.0,6.204606e-20,0.0
0,0.0,98904.02551900307,1.0,1,0.0,1.0,6.195808e-20,0.0
0,0.0,98904.02551900307,1.0,0,0.0,1.0,6.578919e-20,0.0
0,0.0,98904.02551900307,1.0,2,0.0,1.0,6.344092e-20,0.0
0,0.0,98904.02551900307,1.0,1,0.0,1.0,6.1928776e-20,0.0
0,0.0,98904.02551900307,1.0,0,0.0,1.0,6.487506e-20,0.0
0,0.0,98904.02551900307,1.0,2,0.0,1.0,6.622429e-20,0.0
0,0.0,98896.23003789496,0.25,2,-0.002052138030434674,1.0,6.320902e-20,0.0
0,0.0,98891.03715940802,-0.25,0,-0.0013670103592937513,1.0,6.184096e-20,0.0
0,0.0,98891.03715940802,-0.25,1,0.0,1.0,6.106176e-20,0.0
0,0.0,98891.03715940802,-0.25,1,0.0,1.0,5.84249e-20,0.0
0,0.0,98891.03715940802,-0.25,2,0.0,1.0,6.05838e-20,0.0
0,0.0,98891.03715940802,-0.25,2,0.0,1.0,6.0097664e-20,0.0
0,0.0,98891.03715940802,-0.25,1,0.0,1.0,5.891369e-20,0.0
0,0.0,98891.03715940802,-0.25,0,0.0,1.0,6.1424345e-20,0.0
0,0.0,98891.03715940802,-0.25,0,0.0,1.0,6.175892e-20,0.0
0,0.0,98891.03715940802,-0.25,1,0.0,1.0,5.944011e-20,0.0
0,0.0,98891.03715940802,-0.25,0,0.0,1.0,6.0562546e-20,0.0
0,0.0,98891.03715940802,-0.25,2,0.0,1.0,6.22471e-20,0.0
0,0.0,98891.03715940802,-0.25,1,0.0,1.0,5.914517e-20,0.0
0,0.0,98891.03715940802,-0.25,0,0.0,1.0,5.9441024e-20,0.0
0,0.0,98891.03715940802,-0.25,1,0.0,1.0,5.802156e-20,0.0
0,0.0,98891.03715940802,-0.25,2,0.0,1.0,5.6721616e-20,0.0
0,0.0,98891.03715940802,-0.25,1,0.0,1.0,5.7530515e-20,0.0
0,0.0,98883.24802694457,0.5,2,-0.0020504667679471797,1.0,5.7451564e-20,0.0
0,0.0,98883.24802694457,0.5,2,0.0,1.0,5.744718e-20,0.0
0,0.0,98883.24802694457,0.5,0,0.0,1.0,5.622098e-20,0.0
0,0.0,98883.24802694457,0.5,1,0.0,1.0,5.830467e-20,0.0
0,0.0,98883.24802694457,0.5,1,0.0,1.0,5.533753e-20,0.0
0,0.0,98883.24802694457,0.5,2,0.0,1.0,5.826198e-20,0.0
0,0.0,98882.21071657131,0.4,0,-0.00027306897891239777,1.0,5.7452443e-20,0.0
0,0.0,98882.21071657131,0.4,1,0.0,1.0,5.635497e-20,0.0
0,0.0,98882.21071657131,0.4,0,0.0,1.0,5.4172892e-20,0.0
0,0.0,98882.21071657131,0.4,2,0.0,1.0,5.393864e-20,0.0
0,0.0,98879.616043566,0.15000000000000002,2,-0.0006830402225205224,1.0,5.397075e-20,0.0
0,0.0,98879.616043566,0.15000000000000002,1,0.0,1.0,5.474627e-20,0.0
0,0.0,98879.616043566,0.15000000000000002,2,0.0,1.0,5.515629e-20,0.0
0,0.0,98879.616043566,0.15000000000000002,2,0.0,1.0,5.453283e-20,0.0
0,0.0,98879.616043566,0.15000000000000002,2,0.0,1.0,5.668009e-20,0.0
0,0.0,98879.616043566,0.15000000000000002,0,0.0,1.0,5.6254447e-20,0.0
0,0.0,98879.616043566,0.15000000000000002,1,0.0,1.0,5.6601436e-20,0.0
0,0.0,98879.616043566,0.15000000000000002,2,0.0,1.0,5.6246724e-20,0.0
0,0.0,98879.616043566,0.15000000000000002,2,0.0,1.0,5.7664105e-20,0.0
0,0.0,98871.81668996402,-0.6,1,-0.002053157453331196,1.0,5.7248543e-20,0.0
0,0.0,98871.81668996402,-0.6,2,0.0,1.0,5.8252204e-20,0.0
0,0.0,98871.81668996402,-0.6,1,0.0,1.0,5.865178e-20,0.0
0,0.0,98864.02912540764,0.15000000000000002,2,-0.0020500540209083245,1.0,5.824687e-20,0.0
0,0.0,98858.83327949913,-0.35,2,-0.0013677915245079628,1.0,5.986519e-20,0.0
0,0.0,98858.83327949913,-0.35,2,0.0,1.0,5.9941055e-20,0.0
0,0.0,98858.83327949913,-0.35,1,0.0,1.0,5.8686694e-20,0.0
0,0.0,98858.83327949913,-0.35,0,0.0,1.0,5.921651e-20,0.0
0,0.0,98858.83327949913,-0.35,1,0.0,1.0,5.791542e-20,0.0
0,0.0,98858.83327949913,-0.35,0,0.0,1.0,5.8099525e-20,0.0
0,0.0,98858.83327949913,-0.35,1,0.0,1.0,5.6562584e-20,0.0
0,0.0,98858.83327949913,-0.35,1,0.0,1.0,5.634207e-20,0.0
0,0.0,98857.79616929244,-0.24999999999999997,1,-0.0002730162856370885,1.0,5.522113e-20,0.0
0,0.0,98857.79616929244,-0.24999999999999997,0,0.0,1.0,5.588655e-20,0.0
0,0.0,98857.79616929244,-0.24999999999999997,0,0.0,1.0,5.583456e-20,0.0
0,0.0,98857.79616929244,-0.24999999999999997,0,0.0,1.0,5.5360336e-20,0.0
0,0.0,98857.79616929244,-0.24999999999999997,1,0.0,1.0,5.7387607e-20,0.0
0,0.0,98857.79616929244,-0.24999999999999997,2,0.0,1.0,5.7472606e-20,0.0
0,0.0,98857.79616929244,-0.24999999999999997,0,0.0,1.0,5.788361e-20,0.0
0,0.0,98857.79616929244,-0.24999999999999997,2,0.0,1.0,5.791365e-20,0.0
0,0.0,98857.79616929244,-0.24999999999999997,1,0.0,1.0,5.848109e-20,0.0
0,0.0,98857.79616929244,-0.24999999999999997,0,0.0,1.0,5.7484884e-20,0.0
0,0.0,98857.79616929244,-0.24999999999999997,1,0.0,1.0,5.842757e-20,0.0
0,0.0,98857.79616929244,-0.24999999999999997,1,0.0,1.0,5.883194e-20,0.0
0,0.0,98857.79616929244,-0.24999999999999997,2,0.0,1.0,5.782711e-20,0.0
0,0.0,98849.9975383553,-1.0,0,-0.002052967213888481,1.0,5.7796234e-20,0.0
0,0.0,98849.9975383553,-1.0,2,0.0,1.0,5.814209e-20,0.0
0,0.0,98849.9975383553,-1.0,0,0.0,1.0,5.542204e-20,0.0
0,0.0,98849.9975383553,-1.0,2,0.0,1.0,5.599667e-20,0.0
0,0.0,98849.9975383553,-1.0,0,0.0,1.0,5.6418636e-20,0.0
0,0.0,98849.9975383553,-1.0,0,0.0,1.0,5.5654237e-20,0.0
0,0.0,98849.9975383553,-1.0,2,0.0,1.0,5.6358407e-20,0.0
0,0.0,98849.9975383553,-1.0,1,0.0,1.0,5.5493964e-20,0.0
0,0.0,98849.9975383553,-1.0,1,0.0,1.0,5.585757e-20,0.0
0,0.0,98849.9975383553,-1.0,2,0.0,1.0,5.63266e-20,0.0
0,0.0,98849.9975383553,-1.0,1,0.0,1.0,5.659108e-20,0.0
0,0.0,98849.9975383553,-1.0,0,0.0,1.0,5.724767e-20,0.0
0,0.0,98849.9975383553,-1.0,2,0.0,1.0,5.582093e-20,0.0
0,0.0,98849.9975383553,-1.0,1,0.0,1.0,5.6294804e-20,0.0
0,0.0,98849.9975383553,-1.0,0,0.0,1.0,5.665242e-20,0.0
0,0.0,98849.9975383553,-1.0,2,0.0,1.0,5.727388e-20,0.0
0,0.0,98849.9975383553,-1.0,2,0.0,1.0,5.730972e-20,0.0
0,0.0,98849.9975383553,-1.0,0,0.0,1.0,5.70593e-20,0.0
0,0.0,98849.9975383553,-1.0,2,0.0,1.0,5.685506e-20,0.0
0,0.0,98849.9975383553,-1.0,1,0.0,1.0,5.7654424e-20,0.0
0,0.0,98849.9975383553,-1.0,2,0.0,1.0,5.765618e-20,0.0
0,0.0,98849.9975383553,-1.0,1,0.0,1.0,5.69219e-20,0.0
0,0.0,98839.60982612558,0.0,2,-0.0027345354340754346,1.0,5.7190046e-20,0.0
0,0.0,98834.4143484603,-0.5,0,-0.0013676945855347362,1.0,5.7768905e-20,0.0
0,0.0,98834.4143484603,-0.5,2,0.0,1.0,5.814919e-20,0.0
0,0.0,98834.4143484603,-0.5,2,0.0,1.0,5.7731895e-20,0.0
0,0.0,98834.4143484603,-0.5,2,0.0,1.0,5.9684597e-20,0.0
0,0.0,98834.4143484603,-0.5,2,0.0,1.0,6.2022397e-20,0.0
0,0.0,98831.8193033586,-0.75,0,-0.0006831381758265289,1.0,6.140467e-20,0.0
0,0.0,98831.8193033586,-0.75,0,0.0,1.0,6.201956e-20,0.0
0,0.0,98831.8193033586,-0.75,2,0.0,1.0,6.304815e-20,0.0
0,0.0,98829.22421193146,-1.0,0,-0.0006831503708656793,1.0,6.1218493e-20,0.0
0,0.0,98829.22421193146,-1.0,2,0.0,1.0,6.2287004e-20,0.0
0,0.0,98829.22421193146,-1.0,1,0.0,1.0,5.9836875e-20,0.0
0,0.0,98829.22421193146,-1.0,1,0.0,1.0,5.861957e-20,0.0
0,0.0,98829.22421193146,-1.0,2,0.0,1.0,5.6084745e-20,0.0
0,0.0,98829.22421193146,-1.0,1,0.0,1.0,5.767114e-20,0.0
0,0.0,98829.22421193146,-1.0,1,0.0,1.0,5.691495e-20,0.0
0,0.0,98829.22421193146,-1.0,0,0.0,1.0,5.893527e-20,0.0
0,0.0,98829.22421193146,-1.0,1,0.0,1.0,5.833849e-20,0.0
0,0.0,98829.22421193146,-1.0,2,0.0,1.0,5.8468596e-20,0.0
0,0.0,98829.22421193146,-1.0,1,0.0,1.0,5.818025e-20,0.0
0,0.0,98829.22421193146,-1.0,2,0.0,1.0,5.87279e-20,0.0
0,0.0,98829.22421193146,-1.0,0,0.0,1.0,5.907392e-20,0.0
0,0.0,98829.22421193146,-1.0,1,0.0,1.0,5.9405656e-20,0.0
0,0.0,98829.22421193146,-1.0,1,0.0,1.0,5.951635e-20,0.0
0,0.0,98818.83569913082,0.0,2,-0.002734746182073768,1.0,5.828866e-20,0.0
0,0.0,98813.6393098625,-0.5,2,-0.0013679345624193046,1.0,6.005916e-20,0.0
0,0.0,98813.6393098625,-0.5,1,0.0,1.0,6.036879e-20,0.0
0,0.0,98813.6393098625,-0.5,2,0.0,1.0,6.1177406e-20,0.0
0,0.0,98813.6393098625,-0.5,1,0.0,1.0,5.942742e-20,0.0
0,0.0,98808.44998631517,0.0,0,-0.0013660745316426339,1.0,6.06865e-20,0.0
0,0.0,98808.44998631517,0.0,2,0.0,1.0,6.045544e-20,0.0
0,0.0,98808.44998631517,0.0,2,0.0,1.0,5.8688484e-20,0.0
0,0.0,98808.44998631517,0.0,2,0.0,1.0,6.071614e-20,0.0
0,0.0,98800.64507595288,-0.75,1,-0.0020546202545367242,1.0,6.0444375e-20,0.0
0,0.0,98800.64507595288,-0.75,2,0.0,1.0,5.9535426e-20,0.0
0,0.0,98800.64507595288,-0.75,2,0.0,1.0,5.882655e-20,0.0
0,0.0,98800.64507595288,-0.75,2,0.0,1.0,5.8645516e-20,0.0
0,0.0,98800.64507595288,-0.75,2,0.0,1.0,5.664896e-20,0.0
0,0.0,98798.04884835568,-1.0,0,-0.0006834494643733976,1.0,5.8534654e-20,0.0
0,0.0,98798.04884835568,-1.0,1,0.0,1.0,5.8900203e-20,0.0
0,0.0,98798.04884835568,-1.0,2,0.0,1.0,5.9087443e-20,0.0
0,0.0,98798.04884835568,-1.0,0,0.0,1.0,5.826998e-20,0.0
0,0.0,98798.04884835568,-1.0,1,0.0,1.0,5.725641e-20,0.0
0,0.0,98798.04884835568,-1.0,0,0.0,1.0,5.827532e-20,0.0
0,0.0,98798.04884835568,-1.0,2,0.0,1.0,5.853019e-20,0.0
0,0.0,98798.04884835568,-1.0,2,0.0,1.0,5.8794247e-20,0.0
0,0.0,98798.04884835568,-1.0,2,0.0,1.0,6.0215156e-20,0.0
0,0.0,98798.04884835568,-1.0,0,0.0,1.0,6.009491e-20,0.0
0,0.0,98798.04884835568,-1.0,1,0.0,1.0,5.924724e-20,0.0
0,0.0,98798.04884835568,-1.0,1,0.0,1.0,5.914968e-20,0.0
0,0.0,98798.04884835568,-1.0,2,0.0,1.0,5.991819e-20,0.0
0,0.0,98798.04884835568,-1.0,1,0.0,1.0,5.98168e-20,0.0
0,0.0,98798.04884835568,-1.0,0,0.0,1.0,5.918941e-20,0.0
0,0.0,98798.04884835568,-1.0,2,0.0,1.0,5.8787073e-20,0.0
0,0.0,98798.04884835568,-1.0,0,0.0,1.0,5.863925e-20,0.0
0,0.0,98798.04884835568,-1.0,1,0.0,1.0,5.90604e-20,0.0
0,0.0,98797.011750038,-0.9,2,-0.00027301315589141676,1.0,5.962088e-20,0.0
0,0.0,98795.9742301618,-1.0,2,-0.00027312412996238105,1.0,5.9806754e-20,0.0
0,0.0,98795.9742301618,-1.0,1,0.0,1.0,5.925809e-20,0.0
0,0.0,98795.9742301618,-1.0,1,0.0,1.0,5.9011756e-20,0.0
0,0.0,98795.9742301618,-1.0,1,0.0,1.0,5.98862e-20,0.0
0,0.0,98788.18623746879,-0.25,1,-0.0020501667266468074,1.0,5.8656256e-20,0.0
0,0.0,98788.18623746879,-0.25,0,0.0,1.0,6.0315387e-20,0.0
0,0.0,98788.18623746879,-0.25,1,0.0,1.0,5.899285e-20,0.0
0,0.0,98780.3981494856,0.5,2,-0.002050191811515883,1.0,6.025835e-20,0.0
0,0.0,98780.3981494856,0.5,2,0.0,1.0,6.00042e-20,0.0
0,0.0,98780.3981494856,0.5,0,0.0,1.0,6.153598e-20,0.0
0,0.0,98780.3981494856,0.5,0,0.0,1.0,5.9207475e-20,0.0
0,0.0,98780.3981494856,0.5,1,0.0,1.0,6.18136e-20,0.0
0,0.0,98780.3981494856,0.5,2,0.0,1.0,5.901716e-20,0.0
0,0.0,98780.3981494856,0.5,2,0.0,1.0,5.996942e-20,0.0
0,0.0,98780.3981494856,0.5,1,0.0,1.0,6.1528466e-20,0.0
0,0.0,98780.3981494856,0.5,0,0.0,1.0,6.1563214e-20,0.0
0,0.0,98780.3981494856,0.5,2,0.0,1.0,6.166099e-20,0.0
0,0.0,98780.3981494856,0.5,0,0.0,1.0,6.2060266e-20,0.0
0,0.0,98780.3981494856,0.5,1,0.0,1.0,6.1017986e-20,0.0
0,0.0,98780.3981494856,0.5,0,0.0,1.0,6.250026e-20,0.0
0,0.0,98780.3981494856,0.5,2,0.0,1.0,6.144403e-20,0.0
0,0.0,98779.36076395054,0.4,0,-0.00027308876504221084,1.0,5.946914e-20,0.0
0,0.0,98779.36076395054,0.4,0,0.0,1.0,5.878438e-20,0.0
0,0.0,98779.36076395054,0.4,0,0.0,1.0,5.8498937e-20,0.0
0,0.0,98779.36076395054,0.4,1,0.0,1.0,5.71726e-20,0.0
0,0.0,98779.36076395054,0.4,2,0.0,1.0,5.676058e-20,0.0
0,0.0,98779.36076395054,0.4,1,0.0,1.0,5.768082e-20,0.0
0,0.0,98779.36076395054,0.4,1,0.0,1.0,5.953815e-20,0.0
0,0.0,98779.36076395054,0.4,2,0.0,1.0,6.0212396e-20,0.0
0,0.0,98779.36076395054,0.4,0,0.0,1.0,6.264443e-20,0.0
0,0.0,98779.36076395054,0.4,1,0.0,1.0,6.30318e-20,0.0
0,0.0,98773.13128343305,1.0,1,-0.0016398928690219852,1.0,6.3272706e-20,0.0
0,0.0,98773.13128343305,1.0,2,0.0,1.0,6.3888755e-20,0.0
0,0.0,98773.13128343305,1.0,1,0.0,1.0,6.36659e-20,0.0
0,0.0,98773.13128343305,1.0,1,0.0,1.0,6.5558704e-20,0.0
0,0.0,98773.13128343305,1.0,1,0.0,1.0,6.492061e-20,0.0
0,0.0,98773.13128343305,1.0,2,0.0,1.0,6.6767124e-20,0.0
0,0.0,98773.13128343305,1.0,0,0.0,1.0,6.531507e-20,0.0
0,0.0,98773.13128343305,1.0,0,0.0,1.0,6.393752e-20,0.0
0,0.0,98773.13128343305,1.0,1,0.0,1.0,6.382737e-20,0.0
0,0.0,98773.13128343305,1.0,1,0.0,1.0,6.1757977e-20,0.0
0,0.0,98773.13128343305,1.0,2,0.0,1.0,6.19061e-20,0.0
0,0.0,98773.13128343305,1.0,0,0.0,1.0,6.241068e-20,0.0
0,0.0,98773.13128343305,1.0,0,0.0,1.0,6.324472e-20,0.0
0,0.0,98773.13128343305,1.0,1,0.0,1.0,6.537989e-20,0.0
0,0.0,98773.13128343305,1.0,2,0.0,1.0,6.582735e-20,0.0
0,0.0,98773.13128343305,1.0,0,0.0,1.0,6.4106523e-20,0.0
0,0.0,98773.13128343305,1.0,1,0.0,1.0,6.3989245e-20,0.0
0,0.0,98773.13128343305,1.0,1,0.0,1.0,6.365425e-20,0.0
0,0.0,98773.13128343305,1.0,0,0.0,1.0,6.4201475e-20,0.0
0,0.0,98773.13128343305,1.0,0,0.0,1.0,6.585849e-20,0.0
0,0.0,98773.13128343305,1.0,1,0.0,1.0,6.589568e-20,0.0
0,0.0,98773.13128343305,1.0,1,0.0,1.0,6.721587e-20,0.0
0,0.0,98773.13128343305,1.0,0,0.0,1.0,6.916565e-20,0.0
0,0.0,98773.13128343305,1.0,2,0.0,1.0,6.932837e-20,0.0
0,0.0,98773.13128343305,1.0,0,0.0,1.0,6.772961e-20,0.0
0,0.0,98773.13128343305,1.0,2,0.0,1.0,6.7543847e-20,0.0
0,0.0,98773.13128343305,1.0,1,0.0,1.0,6.5543704e-20,0.0
0,0.0,98773.13128343305,1.0,2,0.0,1.0,6.6421634e-20,0.0
0,0.0,98773.13128343305,1.0,1,0.0,1.0,6.473168e-20,0.0
0,0.0,98773.13128343305,1.0,0,0.0,1.0,6.5750054e-20,0.0
0,0.0,98773.13128343305,1.0,1,0.0,1.0,6.5911774e-20,0.0
0,0.0,98773.13128343305,1.0,0,0.0,1.0,6.636794e-20,0.0
0,0.0,98773.13128343305,1.0,1,0.0,1.0,6.6116256e-20,0.0
0,0.0,98773.13128343305,1.0,2,0.0,1.0,6.8230626e-20,0.0
0,0.0,98773.13128343305,1.0,2,0.0,1.0,6.894227e-20,0.0
0,0.0,98762.7222155423,0.0,2,-0.002740157250558196,1.0,6.9209995e-20,0.0
0,0.0,98762.7222155423,0.0,0,0.0,1.0,7.004185e-20,0.0
0,0.0,98762.7222155423,0.0,2,0.0,1.0,6.925436e-20,0.0
0,0.0,98762.7222155423,0.0,2,0.0,1.0,7.0976775e-20,0.0
0,0.0,98762.7222155423,0.0,2,0.0,1.0,6.884871e-20,0.0
0,0.0,98757.52719323749,-0.5,0,-0.0013675747131948203,1.0,7.086964e-20,0.0
0,0.0,98757.52719323749,-0.5,0,0.0,1.0,6.858657e-20,0.0
0,0.0,98757.52719323749,-0.5,0,0.0,1.0,6.997028e-20,0.0
0,0.0,98757.52719323749,-0.5,1,0.0,1.0,6.8860266e-20,0.0
0,0.0,98757.52719323749,-0.5,1,0.0,1.0,6.9214215e-20,0.0
0,0.0,98757.52719323749,-0.5,2,0.0,1.0,6.7522204e-20,0.0
0,0.0,98757.52719323749,-0.5,0,0.0,1.0,6.5094196e-20,0.0
0,0.0,98757.52719323749,-0.5,1,0.0,1.0,6.562877e-20,0.0
0,0.0,98757.52719323749,-0.5,2,0.0,1.0,6.5107115e-20,0.0
0,0.0,98757.52719323749,-0.5,1,0.0,1.0,6.4736615e-20,0.0
0,0.0,98757.52719323749,-0.5,0,0.0,1.0,6.444194e-20,0.0
0,0.0,98757.52719323749,-0.5,0,0.0,1.0,6.6186915e-20,0.0
0,0.0,98757.52719323749,-0.5,0,0.0,1.0,6.6722314e-20,0.0
0,0.0,98757.52719323749,-0.5,0,0.0,1.0,6.560674e-20,0.0
0,0.0,98757.52719323749,-0.5,0,0.0,1.0,7.044808e-20,0.0
0,0.0,98757.52719323749,-0.5,1,0.0,1.0,6.730516e-20,0.0
0,0.0,98757.52719323749,-0.5,0,0.0,1.0,6.7727545e-20,0.0
0,0.0,98757.52719323749,-0.5,1,0.0,1.0,6.764802e-20,0.0
0,0.0,98757.52719323749,-0.5,2,0.0,1.0,6.9178317e-20,0.0
0,0.0,98757.52719323749,-0.5,1,0.0,1.0,6.702537e-20,0.0
0,0.0,98757.52719323749,-0.5,0,0.0,1.0,6.919943e-20,0.0
0,0.0,98757.52719323749,-0.5,1,0.0,1.0,6.702537e-20,0.0
0,0.0,98757.52719323749,-0.5,1,0.0,1.0,6.732365e-20,0.0
0,0.0,98757.52719323749,-0.5,0,0.0,1.0,6.59168e-20,0.0
0,0.0,98757.52719323749,-0.5,0,0.0,1.0,6.478998e-20,0.0
0,0.0,98757.52719323749,-0.5,1,0.0,1.0,6.423087e-20,0.0
0,0.0,98757.52719323749,-0.5,1,0.0,1.0,6.377285e-20,0.0
0,0.0,98757.52719323749,-0.5,2,0.0,1.0,6.242306e-20,0.0
0,0.0,98757.52719323749,-0.5,2,0.0,1.0,6.13232e-20,0.0
0,0.0,98752.33257106438,-1.0,2,-0.001367469379673273,1.0,6.3373195e-20,0.0
0,0.0,98752.33257106438,-1.0,1,0.0,1.0,6.0159133e-20,0.0
0,0.0,98752.33257106438,-1.0,2,0.0,1.0,6.40332e-20,0.0
0,0.0,98752.33257106438,-1.0,2,0.0,1.0,6.703969e-20,0.0
0,0.0,98752.33257106438,-1.0,0,0.0,1.0,6.6176814e-20,0.0
0,0.0,98752.33257106438,-1.0,0,0.0,1.0,6.3628995e-20,0.0
0,0.0,98752.33257106438,-1.0,1,0.0,1.0,6.469021e-20,0.0
0,0.0,98752.33257106438,-1.0,1,0.0,1.0,6.705197e-20,0.0
0,0.0,98752.33257106438,-1.0,1,0.0,1.0,6.634465e-20,0.0
0,0.0,98752.33257106438,-1.0,0,0.0,1.0,6.9540266e-20,0.0
0,0.0,98752.33257106438,-1.0,1,0.0,1.0,6.727128e-20,0.0
0,0.0,98752.33257106438,-1.0,2,0.0,1.0,6.592787e-20,0.0
0,0.0,98752.23491481438,-1.0,0,-2.5707727561039366e-05,1.0,6.491169e-20,0.0
0,0.0,98752.23491481438,-1.0,1,0.0,1.0,5.9869756e-20,0.0
0,0.0,98751.16593244742,-0.9,2,-0.0002814065403653019,1.0,6.111116e-20,0.0
0,0.0,98751.16593244742,-0.9,2,0.0,1.0,6.855309e-20,0.0
0,0.0,98750.19488960935,-1.0,1,-0.00025562424044593517,1.0,6.6699915e-20,0.0
0,0.0,98750.19488960935,-1.0,1,0.0,1.0,6.997348e-20,0.0
0,0.0,98750.19488960935,-1.0,2,0.0,1.0,7.060412e-20,0.0
0,0.0,98749.89410835935,-1.0,2,-7.917980088800126e-05,1.0,7.4668457e-20,0.0
0,0.0,98749.89410835935,-1.0,2,0.0,1.0,6.5429786e-20,0.0
0,0.0,98748.89410835935,-1.0,1,-0.00026324713022504313,1.0,6.877206e-20,0.0
0,0.0,98748.89410835935,-1.0,2,0.0,1.0,7.625627e-20,0.0
0,0.0,98748.89410835935,-1.0,1,0.0,1.0,7.4054604e-20,0.0
0,0.0,98748.89410835935,-1.0,2,0.0,1.0,6.912239e-20,0.0
0,0.0,98748.89410835935,-1.0,2,0.0,1.0,6.703151e-20,0.0
0,0.0,98748.89410835935,-1.0,2,0.0,1.0,6.368145e-20,0.0
0,0.0,98748.89410835935,-1.0,1,0.0,1.0,6.334999e-20,0.0
0,0.0,98748.89410835935,-1.0,2,0.0,1.0,6.526725e-20,0.0
0,0.0,98748.89410835935,-1.0,2,0.0,1.0,7.188469e-20,0.0
0,0.0,98748.89410835935,-1.0,2,0.0,1.0,7.543113e-20,0.0
0,0.0,98748.49176460935,-1.0,0,-0.0001059158375514822,1.0,7.667982e-20,0.0
0,0.0,98748.49176460935,-1.0,0,0.0,1.0,7.347382e-20,0.0
0,0.0,98748.49176460935,-1.0,2,0.0,1.0,7.2820884e-20,0.0
0,0.0,98748.49176460935,-1.0,1,0.0,1.0,6.9003316e-20,0.0
0,0.0,98748.19488960935,-1.0,0,-7.815149178555968e-05,1.0,7.2976614e-20,0.0
0,0.0,98748.19488960935,-1.0,1,0.0,1.0,7.6813316e-20,0.0
0,0.0,98748.19488960935,-1.0,0,0.0,1.0,7.878863e-20,0.0
0,0.0,98748.19488960935,-1.0,1,0.0,1.0,7.402297e-20,0.0
0,0.0,98748.19488960935,-1.0,1,0.0,1.0,8.1655134e-20,0.0
0,0.0,98748.19488960935,-1.0,1,0.0,1.0,7.651502e-20,0.0
0,0.0,98742.99626399684,-0.5,0,-0.0013685232736074552,1.0,7.061058e-20,0.0
0,0.0,98742.99626399684,-0.5,0,0.0,1.0,7.755647e-20,0.0
0,0.0,98742.99626399684,-0.5,0,0.0,1.0,6.422793e-20,0.0
0,0.0,98742.99626399684,-0.5,1,0.0,1.0,6.566483e-20,0.0
0,0.0,98742.99626399684,-0.5,2,0.0,1.0,6.349515e-20,0.0
0,0.0,98742.99626399684,-0.5,2,0.0,1.0,6.391313e-20,0.0
0,0.0,98742.99626399684,-0.5,2,0.0,1.0,7.261118e-20,0.0
0,0.0,98742.99626399684,-0.5,1,0.0,1.0,7.784101e-20,0.0
0,0.0,98742.99626399684,-0.5,1,0.0,1.0,7.345476e-20,0.0
0,0.0,98742.99626399684,-0.5,1,0.0,1.0,7.3671407e-20,0.0
0,0.0,98735.12305301457,0.25,0,-0.0020726001967399316,1.0,7.7236426e-20,0.0
0,0.0,98735.12305301457,0.25,1,0.0,1.0,8.127476e-20,0.0
0,0.0,98735.12305301457,0.25,0,0.0,1.0,7.863489e-20,0.0
0,0.0,98735.12305301457,0.25,0,0.0,1.0,9.758684e-20,0.0
0,0.0,98735.12305301457,0.25,2,0.0,1.0,9.539609e-20,0.0
0,0.0,98735.12305301457,0.25,0,0.0,1.0,8.4631104e-20,0.0
0,0.0,98735.12305301457,0.25,0,0.0,1.0,9.969699e-20,0.0
0,0.0,98735.12305301457,0.25,2,0.0,1.0,8.168006e-20,0.0
0,0.0,98735.12305301457,0.25,0,0.0,1.0,8.213248e-20,0.0
0,0.0,98735.12305301457,0.25,1,0.0,1.0,8.431531e-20,0.0
0,0.0,98735.12305301457,0.25,0,0.0,1.0,9.278612e-20,0.0
0,0.0,98735.12305301457,0.25,1,0.0,1.0,8.3404246e-20,0.0
0,0.0,98735.12305301457,0.25,2,0.0,1.0,8.533653e-20,0.0
0,0.0,98735.12305301457,0.25,0,0.0,1.0,9.164778e-20,0.0
0,0.0,98735.12305301457,0.25,1,0.0,1.0,9.322748e-20,0.0
0,0.0,98734.0837223527,0.35,1,-0.00027360081409068986,1.0,9.161422e-20,0.0
0,0.0,98734.0837223527,0.35,1,0.0,1.0,9.051373e-20,0.0
0,0.0,98734.0837223527,0.35,0,0.0,1.0,9.384548e-20,0.0
0,0.0,98734.0837223527,0.35,0,0.0,1.0,8.626475e-20,0.0
0,0.0,98734.0837223527,0.35,2,0.0,1.0,8.1241285e-20,0.0
0,0.0,98734.0837223527,0.35,1,0.0,1.0,8.7915185e-20,0.0
0,0.0,98734.0837223527,0.35,2,0.0,1.0,8.7014334e-20,0.0
0,0.0,98734.0837223527,0.35,1,0.0,1.0,8.505443e-20,0.0
0,0.0,98734.0837223527,0.35,0,0.0,1.0,8.73509e-20,0.0
0,0.0,98734.0837223527,0.35,1,0.0,1.0,8.7247e-20,0.0
0,0.0,98734.0837223527,0.35,0,0.0,1.0,8.856686e-20,0.0
0,0.0,98734.0837223527,0.35,2,0.0,1.0,8.9647786e-20,0.0
0,0.0,98734.0837223527,0.35,2,0.0,1.0,9.272809e-20,0.0
0,0.0,98733.04666982994,0.24999999999999997,1,-0.00027300110050991635,1.0,9.301577e-20,0.0
0,0.0,98733.04666982994,0.24999999999999997,0,0.0,1.0,8.7933965e-20,0.0
0,0.0,98733.04666982994,0.24999999999999997,0,0.0,1.0,8.965189e-20,0.0
0,0.0,98733.04666982994,0.24999999999999997,1,0.0,1.0,8.969294e-20,0.0
0,0.0,98733.04666982994,0.24999999999999997,2,0.0,1.0,8.554643e-20,0.0
0,0.0,98733.04666982994,0.24999999999999997,2,0.0,1.0,8.335717e-20,0.0
0,0.0,98733.04666982994,0.24999999999999997,1,0.0,1.0,8.1096374e-20,0.0
0,0.0,98733.04666982994,0.24999999999999997,1,0.0,1.0,8.347809e-20,0.0
0,0.0,98733.04666982994,0.24999999999999997,2,0.0,1.0,8.4766807e-20,0.0
0,0.0,98733.04666982994,0.24999999999999997,1,0.0,1.0,8.0732156e-20,0.0
0,0.0,98733.04666982994,0.24999999999999997,1,0.0,1.0,8.487682e-20,0.0
0,0.0,98727.83742166498,0.75,2,-0.0013713196300557176,1.0,8.490272e-20,0.0
0,0.0,98727.83742166498,0.75,1,0.0,1.0,8.547206e-20,0.0
0,0.0,98727.83742166498,0.75,0,0.0,1.0,8.988063e-20,0.0
0,0.0,98727.83742166498,0.75,1,0.0,1.0,9.777315e-20,0.0
0,0.0,98726.79918203494,0.85,2,-0.00027331360309422004,1.0,9.477077e-20,0.0
0,0.0,98719.01100008222,0.09999999999999998,2,-0.00205021654872525,1.0,9.216807e-20,0.0
0,0.0,98713.82175981307,-0.4,2,-0.0013660526089005589,1.0,9.810042e-20,0.0
0,0.0,98713.82175981307,-0.4,2,0.0,1.0,9.65309e-20,0.0
0,0.0,98713.82175981307,-0.4,2,0.0,1.0,9.9264375e-20,0.0
0,0.0,98713.82175981307,-0.4,0,0.0,1.0,9.8199263e-20,0.0
0,0.0,98713.82175981307,-0.4,2,0.0,1.0,9.158767e-20,0.0
0,0.0,98713.82175981307,-0.4,2,0.0,1.0,9.1901246e-20,0.0
0,0.0,98713.82175981307,-0.4,2,0.0,1.0,9.220042e-20,0.0
0,0.0,98713.82175981307,-0.4,2,0.0,1.0,9.311091e-20,0.0
0,0.0,98713.82175981307,-0.4,1,0.0,1.0,9.231304e-20,0.0
0,0.0,98713.82175981307,-0.4,0,0.0,1.0,8.9204314e-20,0.0
0,0.0,98713.82175981307,-0.4,1,0.0,1.0,8.038429e-20,0.0
0,0.0,98713.82175981307,-0.4,2,0.0,1.0,8.144981e-20,0.0
0,0.0,98713.82175981307,-0.4,0,0.0,1.0,7.857252e-20,0.0
0,0.0,98713.82175981307,-0.4,1,0.0,1.0,7.177071e-20,0.0
0,0.0,98713.82175981307,-0.4,1,0.0,1.0,7.184521e-20,0.0
0,0.0,98713.82175981307,-0.4,0,0.0,1.0,7.1764135e-20,0.0
0,0.0,98713.82175981307,-0.4,1,0.0,1.0,7.370739e-20,0.0
0,0.0,98705.93341782059,0.35,2,-0.002076583391754667,1.0,8.0138124e-20,0.0
0,0.0,98705.93341782059,0.35,2,0.0,1.0,8.2475335e-20,0.0
0,0.0,98705.93341782059,0.35,2,0.0,1.0,8.5889116e-20,0.0
0,0.0,98705.93341782059,0.35,2,0.0,1.0,7.9996404e-20,0.0
0,0.0,98705.93341782059,0.35,2,0.0,1.0,7.855334e-20,0.0
0,0.0,98705.93341782059,0.35,2,0.0,1.0,7.833669e-20,0.0
0,0.0,98705.93341782059,0.35,1,0.0,1.0,7.317844e-20,0.0
0,0.0,98700.72304259463,0.85,0,-0.0013716163256289066,1.0,7.408173e-20,0.0
0,0.0,98700.72304259463,0.85,0,0.0,1.0,7.374451e-20,0.0
0,0.0,98700.72304259463,0.85,2,0.0,1.0,7.4055735e-20,0.0
0,0.0,98700.72304259463,0.85,1,0.0,1.0,7.354673e-20,0.0
0,0.0,98700.72304259463,0.85,2,0.0,1.0,7.0331006e-20,0.0
0,0.0,98700.72304259463,0.85,2,0.0,1.0,7.1709405e-20,0.0
0,0.0,98700.72304259463,0.85,1,0.0,1.0,7.1500717e-20,0.0
0,0.0,98699.16526095738,1.0,1,-0.0004100815455242152,1.0,6.912345e-20,0.0
0,0.0,98699.16526095738,1.0,1,0.0,1.0,7.414393e-20,0.0
0,0.0,98699.16526095738,1.0,2,0.0,1.0,7.1707215e-20,0.0
0,0.0,98699.16526095738,1.0,0,0.0,1.0,7.2532553e-20,0.0
0,0.0,98699.16526095738,1.0,0,0.0,1.0,6.801857e-20,0.0
0,0.0,98699.16526095738,1.0,0,0.0,1.0,7.2018635e-20,0.0
0,0.0,98699.16526095738,1.0,0,0.0,1.0,6.9290296e-20,0.0
0,0.0,98699.16526095738,1.0,2,0.0,1.0,7.123718e-20,0.0
0,0.0,98696.57131502504,0.75,0,-0.0006828488226478868,1.0,7.2892034e-20,0.0
0,0.0,98696.57131502504,0.75,0,0.0,1.0,7.399022e-20,0.0
0,0.0,98696.57131502504,0.75,0,0.0,1.0,7.5157695e-20,0.0
0,0.0,98696.57131502504,0.75,1,0.0,1.0,7.952783e-20,0.0
0,0.0,98696.57131502504,0.75,1,0.0,1.0,7.5933474e-20,0.0
0,0.0,98696.57131502504,0.75,1,0.0,1.0,7.5564765e-20,0.0
0,0.0,98696.57131502504,0.75,0,0.0,1.0,7.5949695e-20,0.0
0,0.0,98696.57131502504,0.75,1,0.0,1.0,7.8756176e-20,0.0
0,0.0,98696.57131502504,0.75,2,0.0,1.0,8.1703744e-20,0.0
0,0.0,98696.57131502504,0.75,1,0.0,1.0,7.901135e-20,0.0
0,0.0,98695.53317300705,0.85,2,-0.0002732879070021788,1.0,7.855694e-20,0.0
0,0.0,98695.53317300705,0.85,1,0.0,1.0,7.74205e-20,0.0
0,0.0,98693.97567175982,1.0,2,-0.000410007733654024,1.0,7.800272e-20,0.0
0,0.0,98688.78440704166,0.5,1,-0.0013665855392940847,1.0,7.8204124e-20,0.0
0,0.0,98688.78440704166,0.5,1,0.0,1.0,8.0255596e-20,0.0
0,0.0,98688.78440704166,0.5,2,0.0,1.0,8.08394e-20,0.0
0,0.0,98688.78440704166,0.5,0,0.0,1.0,8.119171e-20,0.0
0,0.0,98688.78440704166,0.5,1,0.0,1.0,8.1615274e-20,0.0
0,0.0,98688.78440704166,0.5,1,0.0,1.0,8.2501766e-20,0.0
0,0.0,98683.57195924317,1.0,0,-0.0013721619244005357,1.0,8.049721e-20,0.0
0,0.0,98683.57195924317,1.0,0,0.0,1.0,7.974291e-20,0.0
0,0.0,98683.57195924317,1.0,1,0.0,1.0,7.995979e-20,0.0
0,0.0,98683.57195924317,1.0,1,0.0,1.0,8.2071096e-20,0.0
0,0.0,98683.57195924317,1.0,1,0.0,1.0,8.1852236e-20,0.0
0,0.0,98683.57195924317,1.0,0,0.0,1.0,8.50233e-20,0.0
0,0.0,98683.57195924317,1.0,1,0.0,1.0,8.2724885e-20,0.0
0,0.0,98683.57195924317,1.0,2,0.0,1.0,8.3785635e-20,0.0
0,0.0,98683.57195924317,1.0,0,0.0,1.0,8.2899266e-20,0.0
0,0.0,98683.57195924317,1.0,1,0.0,1.0,8.471767e-20,0.0
0,0.0,98683.57195924317,1.0,0,0.0,1.0,8.329105e-20,0.0
0,0.0,98683.57195924317,1.0,1,0.0,1.0,8.5564706e-20,0.0
0,0.0,98683.57195924317,1.0,2,0.0,1.0,8.847636e-20,0.0
0,0.0,98683.57195924317,1.0,0,0.0,1.0,8.9891604e-20,0.0
0,0.0,98683.57195924317,1.0,2,0.0,1.0,8.974085e-20,0.0
0,0.0,98683.57195924317,1.0,1,0.0,1.0,8.768609e-20,0.0
0,0.0,98683.57195924317,1.0,1,0.0,1.0,8.8173124e-20,0.0
0,0.0,98683.57195924317,1.0,2,0.0,1.0,8.986007e-20,0.0
0,0.0,98683.57195924317,1.0,1,0.0,1.0,8.7995706e-20,0.0
0,0.0,98683.57195924317,1.0,1,0.0,1.0,8.620291e-20,0.0
0,0.0,98683.57195924317,1.0,2,0.0,1.0,9.006048e-20,0.0
0,0.0,98673.17893067357,0.0,0,-0.0027359349452932783,1.0,8.9505634e-20,0.0
0,0.0,98673.17893067357,0.0,2,0.0,1.0,9.069345e-20,0.0
0,0.0,98673.17893067357,0.0,1,0.0,1.0,9.0189745e-20,0.0
0,0.0,98673.17893067357,0.0,1,0.0,1.0,9.0965104e-20,0.0
0,0.0,98673.17893067357,0.0,2,0.0,1.0,8.904113e-20,0.0
0,0.0,98673.17893067357,0.0,1,0.0,1.0,8.69493e-20,0.0
0,0.0,98673.17893067357,0.0,1,0.0,1.0,8.689624e-20,0.0
0,0.0,98673.17893067357,0.0,2,0.0,1.0,8.885247e-20,0.0
0,0.0,98673.17893067357,0.0,0,0.0,1.0,8.808706e-20,0.0
0,0.0,98673.17893067357,0.0,1,0.0,1.0,8.727629e-20,0.0
0,0.0,98673.17893067357,0.0,2,0.0,1.0,8.58996e-20,0.0
0,0.0,98673.17893067357,0.0,1,0.0,1.0,8.5575156e-20,0.0
0,0.0,98673.17893067357,0.0,0,0.0,1.0,8.6046526e-20,0.0
0,0.0,98673.17893067357,0.0,1,0.0,1.0,9.1301624e-20,0.0
0,0.0,98673.17893067357,0.0,1,0.0,1.0,8.8332026e-20,0.0
0,0.0,98673.17893067357,0.0,2,0.0,1.0,9.307114e-20,0.0
0,0.0,98673.17893067357,0.0,2,0.0,1.0,9.1085937e-20,0.0
0,0.0,98673.17893067357,0.0,1,0.0,1.0,9.5806e-20,0.0
0,0.0,98673.17893067357,0.0,1,0.0,1.0,9.3793945e-20,0.0
0,0.0,98665.26667591762,0.75,2,-0.0020828783581140087,1.0,9.6295514e-20,0.0
0,0.0,98665.26667591762,0.75,1,0.0,1.0,9.369382e-20,0.0
0,0.0,98665.26667591762,0.75,1,0.0,1.0,9.1322523e-20,0.0
0,0.0,98665.26667591762,0.75,0,0.0,1.0,9.1216676e-20,0.0
0,0.0,98665.26667591762,0.75,1,0.0,1.0,9.051097e-20,0.0
0,0.0,98665.26667591762,0.75,1,0.0,1.0,9.598012e-20,0.0
0,0.0,98664.22682647771,0.85,1,-0.000273737380923047,1.0,9.647789e-20,0.0
0,0.0,98664.22682647771,0.85,2,0.0,1.0,9.405909e-20,0.0
0,0.0,98664.22682647771,0.85,2,0.0,1.0,9.128769e-20,0.0
0,0.0,98664.22682647771,0.85,2,0.0,1.0,9.278046e-20,0.0
0,0.0,98664.22682647771,0.85,2,0.0,1.0,9.260649e-20,0.0
0,0.0,98663.18969104961,0.75,1,-0.00027302292510051674,1.0,9.3183395e-20,0.0
0,0.0,98663.18969104961,0.75,2,0.0,1.0,9.264041e-20,0.0
0,0.0,98663.18969104961,0.75,1,0.0,1.0,9.128769e-20,0.0
0,0.0,98663.18969104961,0.75,0,0.0,1.0,8.922337e-20,0.0
0,0.0,98663.18969104961,0.75,0,0.0,1.0,8.71778e-20,0.0
0,0.0,98663.18969104961,0.75,0,0.0,1.0,9.2069674e-20,0.0
0,0.0,98663.18969104961,0.75,2,0.0,1.0,9.1291866e-20,0.0
0,0.0,98663.18969104961,0.75,1,0.0,1.0,9.292781e-20,0.0
0,0.0,98660.58859686537,1.0,2,-0.0006847305794461316,1.0,8.847096e-20,0.0
0,0.0,98655.39735488329,0.5,2,-0.0013665795540882667,1.0,9.174712e-20,0.0
0,0.0,98655.39735488329,0.5,0,0.0,1.0,9.03578e-20,0.0
0,0.0,98655.39735488329,0.5,1,0.0,1.0,8.850202e-20,0.0
0,0.0,98655.39735488329,0.5,2,0.0,1.0,8.749764e-20,0.0
0,0.0,98655.39735488329,0.5,2,0.0,1.0,8.656671e-20,0.0
0,0.0,98655.39735488329,0.5,2,0.0,1.0,8.566007e-20,0.0
0,0.0,98655.39735488329,0.5,2,0.0,1.0,8.3794585e-20,0.0
0,0.0,98650.20646320838,0.0,2,-0.0013664873367288423,1.0,8.56457e-20,0.0
0,0.0,98650.20646320838,0.0,2,0.0,1.0,9.0645036e-20,0.0
0,0.0,98650.20646320838,0.0,0,0.0,1.0,9.1138766e-20,0.0
0,0.0,98650.20646320838,0.0,2,0.0,1.0,9.2387725e-20,0.0
0,0.0,98650.20646320838,0.0,1,0.0,1.0,9.3668084e-20,0.0
0,0.0,98644.95406129245,0.5,1,-0.0013826797311575754,1.0,9.2753565e-20,0.0
0,0.0,98644.95406129245,0.5,0,0.0,1.0,9.4057654e-20,0.0
0,0.0,98644.95406129245,0.5,0,0.0,1.0,9.207389e-20,0.0
0,0.0,98644.95406129245,0.5,1,0.0,1.0,9.585425e-20,0.0
0,0.0,98644.95406129245,0.5,1,0.0,1.0,9.418691e-20,0.0
0,0.0,98644.95406129245,0.5,0,0.0,1.0,9.3928575e-20,0.0
0,0.0,98644.95406129245,0.5,1,0.0,1.0,9.2146977e-20,0.0
0,0.0,98644.95406129245,0.5,0,0.0,1.0,9.463205e-20,0.0
0,0.0,98644.95406129245,0.5,2,0.0,1.0,8.735756e-20,0.0
0,0.0,98644.95406129245,0.5,2,0.0,1.0,8.846286e-20,0.0
0,0.0,98644.95406129245,0.5,0,0.0,1.0,9.074052e-20,0.0
0,0.0,98644.95406129245,0.5,2,0.0,1.0,8.716316e-20,0.0
0,0.0,98644.95406129245,0.5,2,0.0,1.0,8.67611e-20,0.0
0,0.0,98644.95406129245,0.5,2,0.0,1.0,8.742824e-20,0.0
0,0.0,98644.95406129245,0.5,1,0.0,1.0,8.7509654e-20,0.0
0,0.0,98644.95406129245,0.5,1,0.0,1.0,8.6664514e-20,0.0
0,0.0,98639.7490158743,1.0,1,-0.0013702132690175325,1.0,8.790445e-20,0.0
0,0.0,98639.7490158743,1.0,0,0.0,1.0,8.761788e-20,0.0
0,0.0,98639.7490158743,1.0,2,0.0,1.0,8.8224267e-20,0.0
0,0.0,98639.7490158743,1.0,0,0.0,1.0,8.768609e-20,0.0
0,0.0,98639.7490158743,1.0,2,0.0,1.0,8.614374e-20,0.0
0,0.0,98639.7490158743,1.0,2,0.0,1.0,8.787227e-20,0.0
0,0.0,98639.7490158743,1.0,0,0.0,1.0,8.839405e-20,0.0
0,0.0,98639.7490158743,1.0,1,0.0,1.0,8.740423e-20,0.0
0,0.0,98639.7490158743,1.0,1,0.0,1.0,8.7412234e-20,0.0
0,0.0,98639.7490158743,1.0,0,0.0,1.0,8.805078e-20,0.0
0,0.0,98639.7490158743,1.0,0,0.0,1.0,8.4045563e-20,0.0
0,0.0,98639.7490158743,1.0,1,0.0,1.0,8.403531e-20,0.0
0,0.0,98639.7490158743,1.0,0,0.0,1.0,8.2126214e-20,0.0
0,0.0,98639.7490158743,1.0,0,0.0,1.0,8.0825834e-20,0.0
0,0.0,98639.7490158743,1.0,2,0.0,1.0,8.5703214e-20,0.0
0,0.0,98639.7490158743,1.0,0,0.0,1.0,8.523632e-20,0.0
0,0.0,98639.7490158743,1.0,2,0.0,1.0,8.8464214e-20,0.0
0,0.0,98639.7490158743,1.0,2,0.0,1.0,8.663543e-20,0.0
0,0.0,98639.7490158743,1.0,0,0.0,1.0,8.877116e-20,0.0
0,0.0,98639.7490158743,1.0,2,0.0,1.0,8.634245e-20,0.0
0,0.0,98639.7490158743,1.0,2,0.0,1.0,8.604259e-20,0.0
0,0.0,98639.7490158743,1.0,0,0.0,1.0,8.5402967e-20,0.0
0,0.0,98639.7490158743,1.0,1,0.0,1.0,8.5412085e-20,0.0
0,0.0,98639.7490158743,1.0,1,0.0,1.0,8.5317e-20,0.0
0,0.0,98639.7490158743,1.0,2,0.0,1.0,8.647034e-20,0.0
0,0.0,98639.7490158743,1.0,1,0.0,1.0,8.1280964e-20,0.0
0,0.0,98639.7490158743,1.0,0,0.0,1.0,8.136162e-20,0.0
0,0.0,98639.7490158743,1.0,0,0.0,1.0,8.020785e-20,0.0
0,0.0,98639.7490158743,1.0,1,0.0,1.0,8.022621e-20,0.0
0,0.0,98639.7490158743,1.0,0,0.0,1.0,8.2905586e-20,0.0
0,0.0,98639.7490158743,1.0,1,0.0,1.0,8.092826e-20,0.0
0,0.0,98639.7490158743,1.0,2,0.0,1.0,8.334445e-20,0.0
0,0.0,98639.7490158743,1.0,1,0.0,1.0,8.528316e-20,0.0
0,0.0,98639.7490158743,1.0,2,0.0,1.0,8.512325e-20,0.0
0,0.0,98639.7490158743,1.0,0,0.0,1.0,8.2866385e-20,0.0
0,0.0,98639.7490158743,1.0,0,0.0,1.0,8.264162e-20,0.0
0,0.0,98639.7490158743,1.0,1,0.0,1.0,8.12103e-20,0.0
0,0.0,98639.7490158743,1.0,1,0.0,1.0,7.9690606e-20,0.0
0,0.0,98639.7490158743,1.0,1,0.0,1.0,7.844195e-20,0.0
0,0.0,98639.7490158743,1.0,2,0.0,1.0,8.0712446e-20,0.0
0,0.0,98639.7490158743,1.0,0,0.0,1.0,8.156797e-20,0.0
0,0.0,98639.7490158743,1.0,2,0.0,1.0,8.256347e-20,0.0
0,0.0,98639.7490158743,1.0,2,0.0,1.0,8.261514e-20,0.0
0,0.0,98639.7490158743,1.0,0,0.0,1.0,8.456269e-20,0.0
0,0.0,98639.7490158743,1.0,0,0.0,1.0,8.5307886e-20,0.0
0,0.0,98639.7490158743,1.0,2,0.0,1.0,8.586159e-20,0.0
0,0.0,98631.95651452852,0.25,2,-0.0020513536165529906,1.0,8.3723015e-20,0.0
0,0.0,98631.95651452852,0.25,0,0.0,1.0,8.524153e-20,0.0
0,0.0,98631.95651452852,0.25,2,0.0,1.0,8.517652e-20,0.0
0,0.0,98631.95651452852,0.25,1,0.0,1.0,8.524413e-20,0.0
0,0.0,98631.95651452852,0.25,2,0.0,1.0,8.802794e-20,0.0
0,0.0,98631.95651452852,0.25,2,0.0,1.0,8.6945316e-20,0.0
0,0.0,98631.95651452852,0.25,2,0.0,1.0,8.827948e-20,0.0
0,0.0,98631.95651452852,0.25,1,0.0,1.0,8.662221e-20,0.0
0,0.0,98631.95651452852,0.25,2,0.0,1.0,8.678891e-20,0.0
0,0.0,98631.95651452852,0.25,2,0.0,1.0,8.488459e-20,0.0
0,0.0,98631.95651452852,0.25,0,0.0,1.0,8.700902e-20,0.0
0,0.0,98631.95651452852,0.25,1,0.0,1.0,8.8034655e-20,0.0
0,0.0,98631.95651452852,0.25,1,0.0,1.0,8.527145e-20,0.0
0,0.0,98631.95651452852,0.25,2,0.0,1.0,8.412768e-20,0.0
0,0.0,98631.95651452852,0.25,2,0.0,1.0,8.469699e-20,0.0
0,0.0,98631.95651452852,0.25,2,0.0,1.0,8.651257e-20,0.0
0,0.0,98631.95651452852,0.25,1,0.0,1.0,8.780257e-20,0.0
0,0.0,98624.10175225284,1.0,1,-0.002067743627671148,1.0,8.7682076e-20,0.0
0,0.0,98624.10175225284,1.0,2,0.0,1.0,8.80454e-20,0.0
0,0.0,98618.90845439106,0.5,0,-0.0013671207585185515,1.0,8.930646e-20,0.0
0,0.0,98618.90845439106,0.5,0,0.0,1.0,9.132531e-20,0.0
0,0.0,98618.90845439106,0.5,1,0.0,1.0,9.3411174e-20,0.0
0,0.0,98618.90845439106,0.5,1,0.0,1.0,9.441282e-20,0.0
0,0.0,98618.90845439106,0.5,2,0.0,1.0,9.469127e-20,0.0
0,0.0,98618.90845439106,0.5,0,0.0,1.0,9.609735e-20,0.0
0,0.0,98618.90845439106,0.5,1,0.0,1.0,9.7594284e-20,0.0
0,0.0,98618.90845439106,0.5,0,0.0,1.0,9.988276e-20,0.0
0,0.0,98618.90845439106,0.5,1,0.0,1.0,9.719748e-20,0.0
0,0.0,98613.69153983038,1.0,2,-0.001373337786726915,1.0,9.7894066e-20,0.0
0,0.0,98612.89466483038,1.0,1,-0.00020977505689808123,1.0,9.763599e-20,0.0
0,0.0,98612.89466483038,1.0,2,0.0,1.0,9.057037e-20,0.0
0,0.0,98612.89466483038,1.0,1,0.0,1.0,9.5546133e-20,0.0
0,0.0,98612.89466483038,1.0,2,0.0,1.0,8.675846e-20,0.0
0,0.0,98610.28573443295,0.75,2,-0.000686793440080198,1.0,9.0782064e-20,0.0
0,0.0,98610.28573443295,0.75,1,0.0,1.0,9.718562e-20,0.0
0,0.0,98610.28573443295,0.75,2,0.0,1.0,9.0275106e-20,0.0
0,0.0,98605.0511079951,0.25,1,-0.0013780003875661305,1.0,8.283604e-20,0.0
0,0.0,98605.0511079951,0.25,1,0.0,1.0,8.540818e-20,0.0
0,0.0,98605.0511079951,0.25,2,0.0,1.0,8.3199597e-20,0.0
0,0.0,98605.0511079951,0.25,1,0.0,1.0,7.705867e-20,0.0
0,0.0,98605.0511079951,0.25,2,0.0,1.0,7.86721e-20,0.0
0,0.0,98605.0511079951,0.25,2,0.0,1.0,8.3456436e-20,0.0
0,0.0,98605.0511079951,0.25,2,0.0,1.0,8.3769014e-20,0.0
0,0.0,98602.45192435957,0.0,2,-0.000684227632979651,1.0,9.001514e-20,0.0
0,0.0,98602.45192435957,0.0,2,0.0,1.0,9.467249e-20,0.0
0,0.0,98602.45192435957,0.0,1,0.0,1.0,9.6763905e-20,0.0
0,0.0,98602.45192435957,0.0,2,0.0,1.0,9.046126e-20,0.0
0,0.0,98602.45192435957,0.0,0,0.0,1.0,9.16268e-20,0.0
0,0.0,98602.45192435957,0.0,1,0.0,1.0,8.92438e-20,0.0
0,0.0,98602.45192435957,0.0,1,0.0,1.0,9.6364596e-20,0.0
0,0.0,98602.45192435957,0.0,1,0.0,1.0,9.339692e-20,0.0
0,0.0,98602.45192435957,0.0,2,0.0,1.0,9.435089e-20,0.0
0,0.0,98602.45192435957,0.0,0,0.0,1.0,9.5191066e-20,0.0
0,0.0,98602.45192435957,0.0,2,0.0,1.0,8.5388633e-20,0.0
0,0.0,98602.45192435957,0.0,2,0.0,1.0,8.422915e-20,0.0
0,0.0,98602.45192435957,0.0,2,0.0,1.0,7.9779425e-20,0.0
0,0.0,98602.45192435957,0.0,0,0.0,1.0,7.789091e-20,0.0
0,0.0,98602.45192435957,0.0,0,0.0,1.0,7.3928156e-20,0.0
0,0.0,98602.45192435957,0.0,1,0.0,1.0,8.008678e-20,0.0
0,0.0,98602.45192435957,0.0,0,0.0,1.0,8.338134e-20,0.0
0,0.0,98602.45192435957,0.0,1,0.0,1.0,8.9550715e-20,0.0
0,0.0,98602.45192435957,0.0,0,0.0,1.0,8.3813765e-20,0.0
0,0.0,98602.45192435957,0.0,0,0.0,1.0,8.706214e-20,0.0
0,0.0,98602.45192435957,0.0,2,0.0,1.0,8.2712265e-20,0.0
0,0.0,98602.45192435957,0.0,1,0.0,1.0,8.242627e-20,0.0
0,0.0,98602.45192435957,0.0,2,0.0,1.0,8.504665e-20,0.0
0,0.0,98594.64388542745,-0.75,2,-0.0020554438415675224,1.0,8.591271e-20,0.0
0,0.0,98594.64388542745,-0.75,1,0.0,1.0,8.425101e-20,0.0
0,0.0,98594.64388542745,-0.75,1,0.0,1.0,8.545902e-20,0.0
0,0.0,98594.64388542745,-0.75,0,0.0,1.0,8.023111e-20,0.0
0,0.0,98594.64388542745,-0.75,0,0.0,1.0,8.655879e-20,0.0
0,0.0,98594.64388542745,-0.75,0,0.0,1.0,7.6494005e-20,0.0
0,0.0,98594.64388542745,-0.75,2,0.0,1.0,7.771995e-20,0.0
0,0.0,98594.64388542745,-0.75,0,0.0,1.0,8.066197e-20,0.0
0,0.0,98594.64388542745,-0.75,0,0.0,1.0,7.6999904e-20,0.0
0,0.0,98594.64388542745,-0.75,1,0.0,1.0,8.1282205e-20,0.0
0,0.0,98594.64388542745,-0.75,1,0.0,1.0,8.1376516e-20,0.0
0,0.0,98594.64388542745,-0.75,1,0.0,1.0,7.63296e-20,0.0
0,0.0,98594.64388542745,-0.75,1,0.0,1.0,7.287646e-20,0.0
0,0.0,98594.64388542745,-0.75,0,0.0,1.0,7.8238736e-20,0.0
0,0.0,98594.64388542745,-0.75,1,0.0,1.0,7.745358e-20,0.0
0,0.0,98594.64388542745,-0.75,0,0.0,1.0,7.81409e-20,0.0
0,0.0,98594.64388542745,-0.75,1,0.0,1.0,7.758369e-20,0.0
0,0.0,98592.04963068158,-0.5,0,-0.0006829301169227038,1.0,7.4710623e-20,0.0
0,0.0,98592.04963068158,-0.5,1,0.0,1.0,7.703281e-20,0.0
0,0.0,98592.04963068158,-0.5,0,0.0,1.0,7.387403e-20,0.0
0,0.0,98592.04963068158,-0.5,2,0.0,1.0,7.586515e-20,0.0
0,0.0,98586.85407009916,-1.0,2,-0.0013677164132320746,1.0,7.590104e-20,0.0
0,0.0,98586.85407009916,-1.0,1,0.0,1.0,7.687898e-20,0.0
0,0.0,98586.85407009916,-1.0,1,0.0,1.0,7.60123e-20,0.0
0,0.0,98586.85407009916,-1.0,2,0.0,1.0,7.405121e-20,0.0
0,0.0,98586.85407009916,-1.0,2,0.0,1.0,7.2491614e-20,0.0
0,0.0,98586.85407009916,-1.0,0,0.0,1.0,7.5092354e-20,0.0
0,0.0,98586.85407009916,-1.0,2,0.0,1.0,7.4750535e-20,0.0
0,0.0,98586.85407009916,-1.0,2,0.0,1.0,7.584894e-20,0.0
0,0.0,98586.85407009916,-1.0,2,0.0,1.0,7.316951e-20,0.0
0,0.0,98586.85407009916,-1.0,1,0.0,1.0,7.4337636e-20,0.0
0,0.0,98584.25981309947,-0.75,0,-0.0006829307102330826,1.0,7.325441e-20,0.0
0,0.0,98584.25981309947,-0.75,0,0.0,1.0,7.1438555e-20,0.0
0,0.0,98584.25981309947,-0.75,1,0.0,1.0,7.4079465e-20,0.0
0,0.0,98584.25981309947,-0.75,0,0.0,1.0,7.44273e-20,0.0
0,0.0,98584.25981309947,-0.75,2,0.0,1.0,7.1608806e-20,0.0
0,0.0,98583.22249205918,-0.85,0,-0.0002730717869785062,1.0,7.317732e-20,0.0
0,0.0,98583.22249205918,-0.85,0,0.0,1.0,7.4814435e-20,0.0
0,0.0,98583.22249205918,-0.85,2,0.0,1.0,7.3010024e-20,0.0
0,0.0,98583.22249205918,-0.85,0,0.0,1.0,7.259345e-20,0.0
0,0.0,98583.22249205918,-0.85,2,0.0,1.0,7.579341e-20,0.0
0,0.0,98583.22249205918,-0.85,2,0.0,1.0,7.3796285e-20,0.0
0,0.0,98583.22249205918,-0.85,2,0.0,1.0,7.4098684e-20,0.0
0,0.0,98583.22249205918,-0.85,1,0.0,1.0,7.7633434e-20,0.0
0,0.0,98583.22249205918,-0.85,2,0.0,1.0,7.7762655e-20,0.0
0,0.0,98583.22249205918,-0.85,1,0.0,1.0,7.494697e-20,0.0
0,0.0,98575.41840492812,-0.09999999999999998,0,-0.0020544035412792877,1.0,7.4894387e-20,0.0
0,0.0,98575.41840492812,-0.09999999999999998,2,0.0,1.0,7.591494e-20,0.0
0,0.0,98575.41840492812,-0.09999999999999998,0,0.0,1.0,7.240539e-20,0.0
0,0.0,98575.41840492812,-0.09999999999999998,2,0.0,1.0,7.514164e-20,0.0
0,0.0,98575.41840492812,-0.09999999999999998,1,0.0,1.0,7.2212305e-20,0.0
0,0.0,98575.41840492812,-0.09999999999999998,2,0.0,1.0,7.6938835e-20,0.0
0,0.0,98575.41840492812,-0.09999999999999998,0,0.0,1.0,7.355908e-20,0.0
0,0.0,98575.41840492812,-0.09999999999999998,0,0.0,1.0,7.185837e-20,0.0
0,0.0,98575.41840492812,-0.09999999999999998,2,0.0,1.0,7.458646e-20,0.0
0,0.0,98575.41840492812,-0.09999999999999998,0,0.0,1.0,7.4451154e-20,0.0
0,0.0,98575.41840492812,-0.09999999999999998,2,0.0,1.0,7.072164e-20,0.0
0,0.0,98575.41840492812,-0.09999999999999998,0,0.0,1.0,7.311259e-20,0.0
0,0.0,98575.41840492812,-0.09999999999999998,2,0.0,1.0,7.312263e-20,0.0
0,0.0,98575.41840492812,-0.09999999999999998,2,0.0,1.0,7.133399e-20,0.0
0,0.0,98575.41840492812,-0.09999999999999998,0,0.0,1.0,7.1538916e-20,0.0
0,0.0,98575.41840492812,-0.09999999999999998,2,0.0,1.0,7.314942e-20,0.0
0,0.0,98575.41840492812,-0.09999999999999998,1,0.0,1.0,7.051799e-20,0.0
0,0.0,98575.41840492812,-0.09999999999999998,2,0.0,1.0,7.134487e-20,0.0
0,0.0,98575.41840492812,-0.09999999999999998,1,0.0,1.0,7.039542e-20,0.0
0,0.0,98575.41840492812,-0.09999999999999998,1,0.0,1.0,6.982416e-20,0.0
0,0.0,98575.41840492812,-0.09999999999999998,2,0.0,1.0,6.940246e-20,0.0
0,0.0,98575.41840492812,-0.09999999999999998,2,0.0,1.0,7.00536e-20,0.0
0,0.0,98575.41840492812,-0.09999999999999998,0,0.0,1.0,6.8412024e-20,0.0
0,0.0,98575.41840492812,-0.09999999999999998,0,0.0,1.0,7.126001e-20,0.0
0,0.0,98575.41840492812,-0.09999999999999998,0,0.0,1.0,6.955088e-20,0.0
0,0.0,98575.41840492812,-0.09999999999999998,1,0.0,1.0,7.444775e-20,0.0
0,0.0,98575.41840492812,-0.09999999999999998,0,0.0,1.0,7.416995e-20,0.0
0,0.0,98575.41840492812,-0.09999999999999998,2,0.0,1.0,7.390334e-20,0.0
0,0.0,98575.41840492812,-0.09999999999999998,1,0.0,1.0,7.0386834e-20,0.0
0,0.0,98575.41840492812,-0.09999999999999998,1,0.0,1.0,7.2727606e-20,0.0
0,0.0,98575.41840492812,-0.09999999999999998,0,0.0,1.0,7.331703e-20,0.0
0,0.0,98575.41840492812,-0.09999999999999998,2,0.0,1.0,7.1870434e-20,0.0
0,0.0,98567.62961783193,-0.85,1,-0.0020503758510047702,1.0,7.379291e-20,0.0
0,0.0,98566.5920680625,-0.75,1,-0.00027313199926891845,1.0,7.5857044e-20,0.0
0,0.0,98566.5920680625,-0.75,0,0.0,1.0,7.7626325e-20,0.0
0,0.0,98566.5920680625,-0.75,0,0.0,1.0,7.703046e-20,0.0
0,0.0,98566.5920680625,-0.75,1,0.0,1.0,7.6453163e-20,0.0
0,0.0,98558.78079611914,0.0,1,-0.002056294922495778,1.0,7.4920676e-20,0.0
0,0.0,98557.74317472902,0.1,0,-0.0002731508532087222,1.0,7.465137e-20,0.0
0,0.0,98557.74317472902,0.1,2,0.0,1.0,7.461151e-20,0.0
0,0.0,98557.74317472902,0.1,0,0.0,1.0,7.4901243e-20,0.0
0,0.0,98557.74317472902,0.1,1,0.0,1.0,7.375689e-20,0.0
0,0.0,98557.74317472902,0.1,0,0.0,1.0,7.195932e-20,0.0
0,0.0,98557.74317472902,0.1,1,0.0,1.0,7.0840446e-20,0.0
0,0.0,98557.74317472902,0.1,0,0.0,1.0,7.390334e-20,0.0
0,0.0,98557.74317472902,0.1,1,0.0,1.0,6.927021e-20,0.0
0,0.0,98557.74317472902,0.1,0,0.0,1.0,7.183864e-20,0.0
0,0.0,98557.74317472902,0.1,1,0.0,1.0,7.1629576e-20,0.0
0,0.0,98557.74317472902,0.1,1,0.0,1.0,7.1157876e-20,0.0
0,0.0,98556.7056832713,0.2,0,-0.0002731166488793639,1.0,7.348616e-20,0.0
0,0.0,98556.7056832713,0.2,1,0.0,1.0,7.399699e-20,0.0
0,0.0,98556.7056832713,0.2,1,0.0,1.0,7.1654714e-20,0.0
0,0.0,98556.7056832713,0.2,2,0.0,1.0,6.8893896e-20,0.0
0,0.0,98548.90418998295,-0.55,2,-0.0020537207196287314,1.0,6.9693237e-20,0.0
0,0.0,98548.90418998295,-0.55,1,0.0,1.0,7.1562936e-20,0.0
0,0.0,98548.90418998295,-0.55,1,0.0,1.0,7.2951003e-20,0.0
0,0.0,98548.90418998295,-0.55,0,0.0,1.0,7.465592e-20,0.0
0,0.0,98548.90418998295,-0.55,1,0.0,1.0,7.385937e-20,0.0
0,0.0,98548.90418998295,-0.55,1,0.0,1.0,7.4038785e-20,0.0
0,0.0,98548.90418998295,-0.55,0,0.0,1.0,7.4585325e-20,0.0
0,0.0,98548.90418998295,-0.55,0,0.0,1.0,7.5088916e-20,0.0
0,0.0,98548.90418998295,-0.55,0,0.0,1.0,7.5380504e-20,0.0
0,0.0,98548.90418998295,-0.55,1,0.0,1.0,7.732133e-20,0.0
0,0.0,98548.90418998295,-0.55,2,0.0,1.0,7.55786e-20,0.0
0,0.0,98544.22621691294,-1.0,1,-0.001231462985949452,1.0,7.8468285e-20,0.0
0,0.0,98539.03166974615,-0.5,2,-0.0013674496344750228,1.0,7.6205087e-20,0.0
0,0.0,98539.03166974615,-0.5,1,0.0,1.0,7.5843156e-20,0.0
0,0.0,98539.03166974615,-0.5,1,0.0,1.0,7.6979935e-20,0.0
0,0.0,98536.43661044945,-0.25,1,-0.0006831419126196486,1.0,7.4580775e-20,0.0
0,0.0,98536.43661044945,-0.25,1,0.0,1.0,7.6384365e-20,0.0
0,0.0,98535.39918801999,-0.15,0,-0.00027309847738765896,1.0,7.54461e-20,0.0
0,0.0,98535.39918801999,-0.15,0,0.0,1.0,8.045423e-20,0.0
0,0.0,98535.39918801999,-0.15,2,0.0,1.0,7.7539904e-20,0.0
0,0.0,98535.39918801999,-0.15,2,0.0,1.0,7.988052e-20,0.0
0,0.0,98535.39918801999,-0.15,1,0.0,1.0,8.051318e-20,0.0
0,0.0,98535.39918801999,-0.15,2,0.0,1.0,7.987321e-20,0.0
0,0.0,98535.39918801999,-0.15,2,0.0,1.0,7.8570125e-20,0.0
0,0.0,98534.36110463605,-0.25,0,-0.00027327247175768275,1.0,8.12041e-20,0.0
0,0.0,98534.36110463605,-0.25,1,0.0,1.0,7.41213e-20,0.0
0,0.0,98534.36110463605,-0.25,1,0.0,1.0,7.52472e-20,0.0
0,0.0,98534.36110463605,-0.25,1,0.0,1.0,7.7557656e-20,0.0
0,0.0,98533.32373393215,-0.15,0,-0.0002730848607801967,1.0,7.6108636e-20,0.0
0,0.0,98533.32373393215,-0.15,0,0.0,1.0,7.7920633e-20,0.0
0,0.0,98533.32373393215,-0.15,0,0.0,1.0,7.8792236e-20,0.0
0,0.0,98533.32373393215,-0.15,2,0.0,1.0,7.727061e-20,0.0
0,0.0,98528.09750550437,-0.65,0,-0.0013757896355142004,1.0,7.894145e-20,0.0
0,0.0,98528.09750550437,-0.65,1,0.0,1.0,8.3362254e-20,0.0
0,0.0,98528.09750550437,-0.65,1,0.0,1.0,8.243381e-20,0.0
0,0.0,98528.09750550437,-0.65,2,0.0,1.0,8.319706e-20,0.0
0,0.0,98524.45146525519,-1.0,1,-0.0009598096322814651,1.0,8.206609e-20,0.0
0,0.0,98524.45146525519,-1.0,2,0.0,1.0,8.23898e-20,0.0
0,0.0,98524.45146525519,-1.0,2,0.0,1.0,8.326691e-20,0.0
0,0.0,98524.45146525519,-1.0,0,0.0,1.0,9.0232416e-20,0.0
0,0.0,98524.45146525519,-1.0,2,0.0,1.0,8.7933965e-20,0.0
0,0.0,98524.45146525519,-1.0,2,0.0,1.0,9.0649185e-20,0.0
0,0.0,98524.45146525519,-1.0,1,0.0,1.0,8.5457716e-20,0.0
0,0.0,98524.45146525519,-1.0,0,0.0,1.0,8.596385e-20,0.0
0,0.0,98524.45146525519,-1.0,2,0.0,1.0,8.604259e-20,0.0
0,0.0,98524.45146525519,-1.0,2,0.0,1.0,9.7388995e-20,0.0
0,0.0,98524.45146525519,-1.0,1,0.0,1.0,8.68525e-20,0.0
0,0.0,98524.45146525519,-1.0,1,0.0,1.0,8.8637165e-20,0.0
0,0.0,98524.45146525519,-1.0,1,0.0,1.0,9.2876776e-20,0.0
0,0.0,98524.45146525519,-1.0,1,0.0,1.0,9.535679e-20,0.0
0,0.0,98524.45146525519,-1.0,2,0.0,1.0,9.097343e-20,0.0
0,0.0,98524.45146525519,-1.0,1,0.0,1.0,9.396728e-20,0.0
0,0.0,98524.45146525519,-1.0,2,0.0,1.0,9.24131e-20,0.0
0,0.0,98524.45146525519,-1.0,1,0.0,1.0,8.905472e-20,0.0
0,0.0,98524.45146525519,-1.0,2,0.0,1.0,9.258812e-20,0.0
0,0.0,98524.45146525519,-1.0,2,0.0,1.0,9.784628e-20,0.0
0,0.0,98524.45146525519,-1.0,1,0.0,1.0,9.7546644e-20,0.0
0,0.0,98524.45146525519,-1.0,1,0.0,1.0,9.5521357e-20,0.0
0,0.0,98524.45146525519,-1.0,2,0.0,1.0,1.0002307e-19,0.0
0,0.0,98524.45146525519,-1.0,1,0.0,1.0,1.0270017e-19,0.0
0,0.0,98524.45146525519,-1.0,0,0.0,1.0,9.8374736e-20,0.0
0,0.0,98524.45146525519,-1.0,2,0.0,1.0,9.807647e-20,0.0
0,0.0,98524.45146525519,-1.0,1,0.0,1.0,9.502272e-20,0.0
0,0.0,98524.45146525519,-1.0,0,0.0,1.0,9.5040125e-20,0.0
0,0.0,98524.45146525519,-1.0,1,0.0,1.0,9.8103414e-20,0.0
0,0.0,98524.45146525519,-1.0,2,0.0,1.0,9.954194e-20,0.0
0,0.0,98524.45146525519,-1.0,2,0.0,1.0,9.9029876e-20,0.0
0,0.0,98524.45146525519,-1.0,0,0.0,1.0,9.3732423e-20,0.0
0,0.0,98524.45146525519,-1.0,1,0.0,1.0,1.03602045e-19,0.0
0,0.0,98524.45146525519,-1.0,0,0.0,1.0,1.0355147e-19,0.0
0,0.0,98524.45146525519,-1.0,2,0.0,1.0,1.04347716e-19,0.0
0,0.0,98524.45146525519,-1.0,1,0.0,1.0,9.851143e-20,0.0
0,0.0,98524.45146525519,-1.0,1,0.0,1.0,9.7834335e-20,0.0
0,0.0,98524.45146525519,-1.0,0,0.0,1.0,9.473751e-20,0.0
0,0.0,98524.45146525519,-1.0,0,0.0,1.0,1.0229822e-19,0.0
0,0.0,98524.45146525519,-1.0,1,0.0,1.0,9.778658e-20,0.0
0,0.0,98524.45146525519,-1.0,2,0.0,1.0,1.02648474e-19,0.0
0,0.0,98524.45146525519,-1.0,2,0.0,1.0,9.610909e-20,0.0
0,0.0,98524.45146525519,-1.0,2,0.0,1.0,1.0257332e-19,0.0
0,0.0,98524.45146525519,-1.0,0,0.0,1.0,9.829821e-20,0.0
0,0.0,98524.45146525519,-1.0,2,0.0,1.0,1.07386073e-19,0.0
0,0.0,98524.45146525519,-1.0,0,0.0,1.0,1.0452779e-19,0.0
0,0.0,98524.45146525519,-1.0,2,0.0,1.0,1.1454934e-19,0.0
0,0.0,98524.45146525519,-1.0,2,0.0,1.0,1.1005854e-19,0.0
0,0.0,98524.45146525519,-1.0,1,0.0,1.0,1.1204446e-19,0.0
0,0.0,98524.45146525519,-1.0,0,0.0,1.0,1.113083e-19,0.0
0,0.0,98524.45146525519,-1.0,1,0.0,1.0,1.04911285e-19,0.0
0,0.0,98524.45146525519,-1.0,1,0.0,1.0,1.0425063e-19,0.0
0,0.0,98523.41403508928,-0.9,0,-0.0002731005139828711,1.0,9.575631e-20,0.0
0,0.0,98523.41403508928,-0.9,1,0.0,1.0,1.02296664e-19,0.0
0,0.0,98523.41403508928,-0.9,2,0.0,1.0,1.0678151e-19,0.0
0,0.0,98523.41403508928,-0.9,2,0.0,1.0,1.08023726e-19,0.0
0,0.0,98523.41403508928,-0.9,1,0.0,1.0,1.1028044e-19,0.0
0,0.0,98523.41403508928,-0.9,0,0.0,1.0,1.0753529e-19,0.0
0,0.0,98523.41403508928,-0.9,2,0.0,1.0,1.0506668e-19,0.0
0,0.0,98523.41403508928,-0.9,0,0.0,1.0,1.0373176e-19,0.0
0,0.0,98523.41403508928,-0.9,1,0.0,1.0,1.0543767e-19,0.0
0,0.0,98523.41403508928,-0.9,2,0.0,1.0,1.02146925e-19,0.0
0,0.0,98523.41403508928,-0.9,1,0.0,1.0,1.0897734e-19,0.0
0,0.0,98523.41403508928,-0.9,2,0.0,1.0,9.950853e-20,0.0
0,0.0,98519.92400899534,-1.0,0,-0.0009187393536419734,1.0,1.0598772e-19,0.0
0,0.0,98519.92400899534,-1.0,0,0.0,1.0,1.0898898e-19,0.0
0,0.0,98519.92400899534,-1.0,1,0.0,1.0,1.00365527e-19,0.0
0,0.0,98519.92400899534,-1.0,2,0.0,1.0,1.2460424e-19,0.0
0,0.0,98519.92400899534,-1.0,2,0.0,1.0,1.0936548e-19,0.0
0,0.0,98519.92400899534,-1.0,2,0.0,1.0,1.0777019e-19,0.0
0,0.0,98519.92400899534,-1.0,0,0.0,1.0,1.1051796e-19,0.0
0,0.0,98519.92400899534,-1.0,0,0.0,1.0,1.2277168e-19,0.0
0,0.0,98519.92400899534,-1.0,1,0.0,1.0,1.0869834e-19,0.0
0,0.0,98512.08148159893,-0.25,2,-0.0020645228308160597,1.0,1.0878462e-19,0.0
0,0.0,98504.26108835376,-1.0,1,-0.0020586960790229605,1.0,1.0984882e-19,0.0
0,0.0,98504.26108835376,-1.0,0,0.0,1.0,1.1406968e-19,0.0
0,0.0,98504.26108835376,-1.0,2,0.0,1.0,1.106918e-19,0.0
0,0.0,98504.26108835376,-1.0,1,0.0,1.0,1.1195729e-19,0.0
0,0.0,98504.26108835376,-1.0,1,0.0,1.0,1.1409406e-19,0.0
0,0.0,98503.22303223076,-0.9,1,-0.0002732652953916682,1.0,1.1147319e-19,0.0
0,0.0,98503.22303223076,-0.9,2,0.0,1.0,1.1393747e-19,0.0
0,0.0,98500.92290317199,-1.0,1,-0.0006055023738686519,1.0,1.1099793e-19,0.0
0,0.0,98499.52446567199,-1.0,2,-0.0003681346586740837,1.0,1.1416372e-19,0.0
0,0.0,98499.52446567199,-1.0,0,0.0,1.0,1.154601e-19,0.0
0,0.0,98499.52446567199,-1.0,1,0.0,1.0,1.1499593e-19,0.0
0,0.0,98499.12212192199,-1.0,0,-0.0001059158375514822,1.0,1.1525944e-19,0.0
0,0.0,98499.12212192199,-1.0,1,0.0,1.0,1.06449634e-19,0.0
0,0.0,98498.08055661188,-0.9,1,-0.0002741890788279213,1.0,9.766579e-20,0.0
0,0.0,98497.81336911189,-0.9,1,-7.033634260547142e-05,1.0,1.1778227e-19,0.0
0,0.0,98497.63055661188,-0.9,2,-4.8124865995031844e-05,1.0,1.1264615e-19,0.0
0,0.0,98497.63055661188,-0.9,0,0.0,1.0,1.1205984e-19,0.0
0,0.0,98497.63055661188,-0.9,1,0.0,1.0,1.2567929e-19,0.0
0,0.0,98497.63055661188,-0.9,0,0.0,1.0,1.2273796e-19,0.0
0,0.0,98497.63055661188,-0.9,0,0.0,1.0,1.0793311e-19,0.0
0,0.0,98497.63055661188,-0.9,0,0.0,1.0,1.1231491e-19,0.0
0,0.0,98497.63055661188,-0.9,0,0.0,1.0,1.2309996e-19,0.0
0,0.0,98497.63055661188,-0.9,1,0.0,1.0,1.1381585e-19,0.0
0,0.0,98497.63055661188,-0.9,0,0.0,1.0,1.1842382e-19,0.0
0,0.0,98498.08055661188,-0.9,1,8.84749375344898e-05,1.0,1.1500821e-19,0.0
0,0.0,98498.08055661188,-0.9,0,0.0,1.0,1.03863215e-19,0.0
0,0.0,98498.08055661188,-0.9,0,0.0,1.0,1.0609937e-19,0.0
0,0.0,98498.71336911188,-0.9,0,0.00012441788090868097,1.0,9.256835e-20,0.0
0,0.0,98498.71336911188,-0.9,0,0.0,1.0,9.311091e-20,0.0
0,0.0,98498.71336911188,-0.9,2,0.0,1.0,1.0622896e-19,0.0
0,0.0,98498.71336911188,-0.9,2,0.0,1.0,1.0067229e-19,0.0
0,0.0,98498.71336911188,-0.9,1,0.0,1.0,9.561614e-20,0.0
0,0.0,98498.71336911188,-0.9,2,0.0,1.0,1.1151741e-19,0.0
0,0.0,98498.71336911188,-0.9,2,0.0,1.0,1.010879e-19,0.0
0,0.0,98498.71336911188,-0.9,0,0.0,1.0,8.283225e-20,0.0
0,0.0,98498.71336911188,-0.9,1,0.0,1.0,8.970252e-20,0.0
0,0.0,98498.71336911188,-0.9,0,0.0,1.0,9.540045e-20,0.0
0,0.0,98498.71336911188,-0.9,2,0.0,1.0,8.882671e-20,0.0
0,0.0,98497.66449293443,-1.0,1,-0.0002761136436742833,1.0,1.0052953e-19,0.0
0,0.0,98497.66449293443,-1.0,0,0.0,1.0,1.1293701e-19,0.0
0,0.0,98497.66449293443,-1.0,1,0.0,1.0,9.496474e-20,0.0
0,0.0,98497.66449293443,-1.0,1,0.0,1.0,1.0222021e-19,0.0
0,0.0,98497.66449293443,-1.0,1,0.0,1.0,1.0335731e-19,0.0
0,0.0,98497.66449293443,-1.0,1,0.0,1.0,9.78418e-20,0.0
0,0.0,98492.47172657,-0.5,1,-0.0013669808433655934,1.0,9.5044474e-20,0.0
0,0.0,98492.47172657,-0.5,1,0.0,1.0,9.558259e-20,0.0
0,0.0,98492.47172657,-0.5,0,0.0,1.0,1.022436e-19,0.0
0,0.0,98492.47172657,-0.5,0,0.0,1.0,1.1271321e-19,0.0
0,0.0,98492.47172657,-0.5,0,0.0,1.0,1.0729763e-19,0.0
0,0.0,98492.47172657,-0.5,2,0.0,1.0,8.8144877e-20,0.0
0,0.0,98492.47172657,-0.5,1,0.0,1.0,9.126401e-20,0.0
0,0.0,98492.47172657,-0.5,0,0.0,1.0,8.4799144e-20,0.0
0,0.0,98492.47172657,-0.5,0,0.0,1.0,7.456598e-20,0.0
0,0.0,98492.47172657,-0.5,2,0.0,1.0,8.967789e-20,0.0
0,0.0,98492.47172657,-0.5,2,0.0,1.0,8.700902e-20,0.0
0,0.0,98492.47172657,-0.5,0,0.0,1.0,9.3730995e-20,0.0
0,0.0,98492.47172657,-0.5,2,0.0,1.0,9.311233e-20,0.0
0,0.0,98492.47172657,-0.5,2,0.0,1.0,9.3952945e-20,0.0
0,0.0,98492.770554695,-0.5,2,5.875288820687712e-05,1.0,8.578433e-20,0.0
0,0.0,98492.770554695,-0.5,1,0.0,1.0,8.907102e-20,0.0
0,0.0,98492.770554695,-0.5,2,0.0,1.0,9.210059e-20,0.0
0,0.0,98490.10824103656,-0.7370000034570694,0,-0.0007008464303428725,1.0,8.5794805e-20,0.0
0,0.0,98490.4047683817,-0.7370000034570694,1,5.830052964173685e-05,1.0,8.3184365e-20,0.0
0,0.0,98490.4047683817,-0.7370000034570694,1,0.0,1.0,8.399941e-20,0.0
0,0.0,98490.4047683817,-0.7370000034570694,2,0.0,1.0,7.242196e-20,0.0
0,0.0,98490.4047683817,-0.7370000034570694,2,0.0,1.0,7.4275274e-20,0.0
0,0.0,98490.4047683817,-0.7370000034570694,1,0.0,1.0,6.921316e-20,0.0
0,0.0,98490.4047683817,-0.7370000034570694,1,0.0,1.0,6.50257e-20,0.0
0,0.0,98482.61434125208,0.012999996542930603,0,-0.0020508075851019885,1.0,7.322424e-20,0.0
0,0.0,98482.61434125208,0.012999996542930603,1,0.0,1.0,6.685581e-20,0.0
0,0.0,98482.61434125208,0.012999996542930603,2,0.0,1.0,8.082706e-20,0.0
0,0.0,98471.9094799651,-0.9870000034570694,0,-0.0028180240132518533,1.0,8.3705133e-20,0.0
0,0.0,98471.9094799651,-0.9870000034570694,2,0.0,1.0,7.47551e-20,0.0
0,0.0,98471.9094799651,-0.9870000034570694,0,0.0,1.0,6.906019e-20,0.0
0,0.0,98471.9094799651,-0.9870000034570694,1,0.0,1.0,7.0127397e-20,0.0
0,0.0,98471.9094799651,-0.9870000034570694,2,0.0,1.0,6.845588e-20,0.0
0,0.0,98471.9094799651,-0.9870000034570694,1,0.0,1.0,6.62061e-20,0.0
0,0.0,98471.9094799651,-0.9870000034570694,2,0.0,1.0,7.2732046e-20,0.0
0,0.0,98471.9094799651,-0.9870000034570694,2,0.0,1.0,7.376364e-20,0.0
0,0.0,98471.77444152902,-1.0,2,-3.554848076941976e-05,1.0,7.313267e-20,0.0
0,0.0,98471.77444152902,-1.0,1,0.0,1.0,7.636455e-20,0.0
0,0.0,98471.77444152902,-1.0,0,0.0,1.0,7.4019585e-20,0.0
0,0.0,98471.77444152902,-1.0,0,0.0,1.0,7.2722055e-20,0.0
0,0.0,98471.77444152902,-1.0,1,0.0,1.0,7.1469083e-20,0.0
0,0.0,98471.77444152902,-1.0,2,0.0,1.0,7.1282845e-20,0.0
0,0.0,98471.77444152902,-1.0,0,0.0,1.0,6.810165e-20,0.0
0,0.0,98471.77444152902,-1.0,0,0.0,1.0,6.90623e-20,0.0
0,0.0,98471.77444152902,-1.0,0,0.0,1.0,6.8237916e-20,0.0
0,0.0,98471.77444152902,-1.0,0,0.0,1.0,7.160225e-20,0.0
0,0.0,98471.77444152902,-1.0,2,0.0,1.0,6.785789e-20,0.0
0,0.0,98471.77444152902,-1.0,2,0.0,1.0,6.7198434e-20,0.0
0,0.0,98471.77444152902,-1.0,1,0.0,1.0,7.215613e-20,0.0
0,0.0,98471.77444152902,-1.0,2,0.0,1.0,7.457964e-20,0.0
0,0.0,98471.77444152902,-1.0,0,0.0,1.0,7.683324e-20,0.0
0,0.0,98471.77444152902,-1.0,2,0.0,1.0,7.6881326e-20,0.0
0,0.0,98471.77444152902,-1.0,2,0.0,1.0,7.820293e-20,0.0
0,0.0,98471.77444152902,-1.0,0,0.0,1.0,7.653487e-20,0.0
0,0.0,98471.77444152902,-1.0,1,0.0,1.0,8.002204e-20,0.0
0,0.0,98461.34650773482,0.0,1,-0.0027451236454996072,1.0,7.896916e-20,0.0
0,0.0,98461.34650773482,0.0,1,0.0,1.0,7.738979e-20,0.0
0,0.0,98461.34650773482,0.0,2,0.0,1.0,7.4914956e-20,0.0
0,0.0,98461.34650773482,0.0,0,0.0,1.0,7.5927684e-20,0.0
0,0.0,98461.34650773482,0.0,1,0.0,1.0,7.442276e-20,0.0
0,0.0,98461.34650773482,0.0,1,0.0,1.0,7.692005e-20,0.0
0,0.0,98461.34650773482,0.0,2,0.0,1.0,7.409642e-20,0.0
0,0.0,98461.34650773482,0.0,2,0.0,1.0,7.5385105e-20,0.0
0,0.0,98461.34650773482,0.0,0,0.0,1.0,7.758843e-20,0.0
0,0.0,98461.34650773482,0.0,2,0.0,1.0,8.0248255e-20,0.0
0,0.0,98461.34650773482,0.0,2,0.0,1.0,8.070875e-20,0.0
0,0.0,98461.34650773482,0.0,0,0.0,1.0,8.5327415e-20,0.0
0,0.0,98461.34650773482,0.0,0,0.0,1.0,8.357113e-20,0.0
0,0.0,98461.34650773482,0.0,2,0.0,1.0,7.927703e-20,0.0
0,0.0,98461.34650773482,0.0,1,0.0,1.0,8.031195e-20,0.0
0,0.0,98461.34650773482,0.0,1,0.0,1.0,8.235335e-20,0.0
0,0.0,98461.34650773482,0.0,2,0.0,1.0,8.249043e-20,0.0
0,0.0,98461.34650773482,0.0,0,0.0,1.0,8.302712e-20,0.0
0,0.0,98461.34650773482,0.0,2,0.0,1.0,8.500772e-20,0.0
0,0.0,98461.34650773482,0.0,0,0.0,1.0,8.414694e-20,0.0
0,0.0,98461.34650773482,0.0,2,0.0,1.0,8.6383305e-20,0.0
0,0.0,98461.34650773482,0.0,2,0.0,1.0,8.676905e-20,0.0
0,0.0,98461.34650773482,0.0,2,0.0,1.0,8.533002e-20,0.0
0,0.0,98461.34650773482,0.0,1,0.0,1.0,8.5140137e-20,0.0
0,0.0,98461.34650773482,0.0,2,0.0,1.0,8.515963e-20,0.0
0,0.0,98461.34650773482,0.0,0,0.0,1.0,8.713125e-20,0.0
0,0.0,98461.34650773482,0.0,2,0.0,1.0,9.0039863e-20,0.0
0,0.0,98461.34650773482,0.0,2,0.0,1.0,8.8942e-20,0.0
0,0.0,98461.34650773482,0.0,0,0.0,1.0,8.822023e-20,0.0
0,0.0,98461.34650773482,0.0,2,0.0,1.0,8.80669e-20,0.0
0,0.0,98461.34650773482,0.0,0,0.0,1.0,8.9886124e-20,0.0
0,0.0,98461.34650773482,0.0,0,0.0,1.0,8.865339e-20,0.0
0,0.0,98461.34650773482,0.0,1,0.0,1.0,9.3402624e-20,0.0
0,0.0,98461.34650773482,0.0,1,0.0,1.0,8.905064e-20,0.0
0,0.0,98461.34650773482,0.0,0,0.0,1.0,9.046264e-20,0.0
0,0.0,98461.34650773482,0.0,1,0.0,1.0,9.158487e-20,0.0
0,0.0,98461.34650773482,0.0,1,0.0,1.0,9.312938e-20,0.0
0,0.0,98461.34650773482,0.0,2,0.0,1.0,9.196858e-20,0.0
0,0.0,98458.74967519072,-0.25,1,-0.000683608714910979,1.0,9.021039e-20,0.0
0,0.0,98458.74967519072,-0.25,2,0.0,1.0,8.890265e-20,0.0
0,0.0,98458.74967519072,-0.25,2,0.0,1.0,9.132531e-20,0.0
0,0.0,98450.94114187518,-1.0,0,-0.0020555739865805085,1.0,9.390135e-20,0.0
0,0.0,98450.94114187518,-1.0,2,0.0,1.0,9.253445e-20,0.0
0,0.0,98450.94114187518,-1.0,2,0.0,1.0,9.505318e-20,0.0
0,0.0,98450.94114187518,-1.0,0,0.0,1.0,9.1273765e-20,0.0
0,0.0,98450.94114187518,-1.0,2,0.0,1.0,9.431491e-20,0.0
0,0.0,98450.94114187518,-1.0,1,0.0,1.0,9.559426e-20,0.0
0,0.0,98450.94114187518,-1.0,2,0.0,1.0,9.6327845e-20,0.0
0,0.0,98450.94114187518,-1.0,1,0.0,1.0,9.46306e-20,0.0
0,0.0,98450.94114187518,-1.0,0,0.0,1.0,9.5648245e-20,0.0
0,0.0,98450.94114187518,-1.0,0,0.0,1.0,9.613255e-20,0.0
0,0.0,98450.94114187518,-1.0,1,0.0,1.0,9.72687e-20,0.0
0,0.0,98450.94114187518,-1.0,1,0.0,1.0,9.844381e-20,0.0
0,0.0,98450.94114187518,-1.0,0,0.0,1.0,1.00140656e-19,0.0
0,0.0,98450.94114187518,-1.0,0,0.0,1.0,1.00136074e-19,0.0
0,0.0,98450.94114187518,-1.0,2,0.0,1.0,9.787017e-20,0.0
0,0.0,98450.94114187518,-1.0,2,0.0,1.0,9.8046545e-20,0.0
0,0.0,98450.94114187518,-1.0,0,0.0,1.0,1.00039857e-19,0.0
0,0.0,98450.94114187518,-1.0,0,0.0,1.0,9.794038e-20,0.0
0,0.0,98450.94114187518,-1.0,1,0.0,1.0,9.899664e-20,0.0
0,0.0,98450.94114187518,-1.0,0,0.0,1.0,1.0174714e-19,0.0
0,0.0,98450.94114187518,-1.0,1,0.0,1.0,1.04492706e-19,0.0
0,0.0,98450.94114187518,-1.0,1,0.0,1.0,1.0084141e-19,0.0
0,0.0,98450.94114187518,-1.0,2,0.0,1.0,1.03692195e-19,0.0
0,0.0,98450.94114187518,-1.0,1,0.0,1.0,1.0237786e-19,0.0
0,0.0,98440.34812306544,0.0,2,-0.0027885818020841934,1.0,1.0246382e-19,0.0
0,0.0,98440.34812306544,0.0,1,0.0,1.0,1.0113882e-19,0.0
0,0.0,98440.34812306544,0.0,2,0.0,1.0,1.0349145e-19,0.0
0,0.0,98440.34812306544,0.0,0,0.0,1.0,1.0419974e-19,0.0
0,0.0,98440.34812306544,0.0,1,0.0,1.0,1.0231227e-19,0.0
0,0.0,98440.34812306544,0.0,2,0.0,1.0,1.0055561e-19,0.0
0,0.0,98429.92496917181,-1.0,1,-0.0027438653503918725,1.0,1.0052186e-19,0.0
0,0.0,98429.52262542181,-1.0,2,-0.0001059158375514822,1.0,1.00713776e-19,0.0
0,0.0,98429.52262542181,-1.0,2,0.0,1.0,9.7914985e-20,0.0
0,0.0,98429.52262542181,-1.0,2,0.0,1.0,9.7894066e-20,0.0
0,0.0,98429.52262542181,-1.0,0,0.0,1.0,1.1592437e-19,0.0
0,0.0,98429.52262542181,-1.0,0,0.0,1.0,1.0578414e-19,0.0
0,0.0,98429.52262542181,-1.0,0,0.0,1.0,1.031037e-19,0.0
0,0.0,98429.52262542181,-1.0,2,0.0,1.0,1.07085e-19,0.0
0,0.0,98429.52262542181,-1.0,0,0.0,1.0,1.02955927e-19,0.0
0,0.0,98429.52262542181,-1.0,2,0.0,1.0,1.0332419e-19,0.0
0,0.0,98429.52262542181,-1.0,0,0.0,1.0,9.620739e-20,0.0
0,0.0,98429.52262542181,-1.0,1,0.0,1.0,1.0553263e-19,0.0
0,0.0,98429.52262542181,-1.0,1,0.0,1.0,1.06000656e-19,0.0
0,0.0,98421.67119319145,-0.25,2,-0.0020668670028005775,1.0,9.6505857e-20,0.0
0,0.0,98421.67119319145,-0.25,0,0.0,1.0,9.4762095e-20,0.0
0,0.0,98421.67119319145,-0.25,1,0.0,1.0,1.01117214e-19,0.0
0,0.0,98420.63297046688,-0.15,0,-0.00027330915277795804,1.0,9.12473e-20,0.0
0,0.0,98420.63297046688,-0.15,0,0.0,1.0,9.3785357e-20,0.0
0,0.0,98420.63297046688,-0.15,0,0.0,1.0,8.7254985e-20,0.0
0,0.0,98420.63297046688,-0.15,2,0.0,1.0,9.6288166e-20,0.0
0,0.0,98420.63297046688,-0.15,0,0.0,1.0,8.7664685e-20,0.0
0,0.0,98420.63297046688,-0.15,1,0.0,1.0,9.646022e-20,0.0
0,0.0,98420.63297046688,-0.15,0,0.0,1.0,9.89468e-20,0.0
0,0.0,98420.61832202938,-0.15,0,-3.8561591341559055e-06,1.0,8.4544625e-20,0.0
0,0.0,98420.61832202938,-0.15,2,0.0,1.0,8.5141435e-20,0.0
0,0.0,98420.61832202938,-0.15,2,0.0,1.0,9.632637e-20,0.0
0,0.0,98416.6552873395,-0.9,2,-0.001043257509092554,1.0,1.06251653e-19,0.0
0,0.0,98416.47599046449,-0.9,2,-4.719938780436673e-05,1.0,1.05058665e-19,0.0
0,0.0,98416.47599046449,-0.9,0,0.0,1.0,1.1583067e-19,0.0
0,0.0,98416.47599046449,-0.9,2,0.0,1.0,1.2047241e-19,0.0
0,0.0,98415.43863543868,-1.0,1,-0.00027308073356853695,1.0,1.1416894e-19,0.0
0,0.0,98415.43863543868,-1.0,2,0.0,1.0,1.1678546e-19,0.0
0,0.0,98415.43863543868,-1.0,2,0.0,1.0,1.2121921e-19,0.0
0,0.0,98415.43863543868,-1.0,1,0.0,1.0,1.2335756e-19,0.0
0,0.0,98415.43863543868,-1.0,2,0.0,1.0,1.1406098e-19,0.0
0,0.0,98415.43863543868,-1.0,1,0.0,1.0,1.1080502e-19,0.0
0,0.0,98415.43863543868,-1.0,2,0.0,1.0,1.0810288e-19,0.0
0,0.0,98415.43863543868,-1.0,1,0.0,1.0,1.0954752e-19,0.0
0,0.0,98415.43863543868,-1.0,2,0.0,1.0,9.946451e-20,0.0
0,0.0,98415.43863543868,-1.0,1,0.0,1.0,8.3333005e-20,0.0
0,0.0,98415.43863543868,-1.0,1,0.0,1.0,8.87671e-20,0.0
0,0.0,98407.33323962287,-0.25,0,-0.0021337221878514837,1.0,9.310665e-20,0.0
0,0.0,98407.33323962287,-0.25,2,0.0,1.0,8.0703825e-20,0.0
0,0.0,98407.33323962287,-0.25,2,0.0,1.0,7.9075274e-20,0.0
0,0.0,98407.33323962287,-0.25,0,0.0,1.0,8.492216e-20,0.0
0,0.0,98407.33323962287,-0.25,0,0.0,1.0,8.457172e-20,0.0
0,0.0,98407.33323962287,-0.25,2,0.0,1.0,8.249547e-20,0.0
0,0.0,98407.33323962287,-0.25,0,0.0,1.0,8.6712135e-20,0.0
0,0.0,98407.33323962287,-0.25,2,0.0,1.0,9.012921e-20,0.0
0,0.0,98407.33323962287,-0.25,0,0.0,1.0,1.02955927e-19,0.0
0,0.0,98407.33323962287,-0.25,2,0.0,1.0,1.00703016e-19,0.0
0,0.0,98404.73891279427,-0.5,2,-0.0006829490924926484,1.0,1.0379667e-19,0.0
0,0.0,98404.73891279427,-0.5,1,0.0,1.0,9.2694144e-20,0.0
0,0.0,98393.93222256567,0.5,2,-0.0028448301899121247,1.0,9.9311337e-20,0.0
0,0.0,98393.93222256567,0.5,2,0.0,1.0,8.778382e-20,0.0
0,0.0,98393.93222256567,0.5,2,0.0,1.0,9.0919305e-20,0.0
0,0.0,98393.93222256567,0.5,0,0.0,1.0,9.130023e-20,0.0
0,0.0,98393.93222256567,0.5,1,0.0,1.0,9.3930003e-20,0.0
0,0.0,98393.93222256567,0.5,0,0.0,1.0,9.7357795e-20,0.0
0,0.0,98393.93222256567,0.5,1,0.0,1.0,8.996433e-20,0.0
0,0.0,98393.93222256567,0.5,0,0.0,1.0,8.9222014e-20,0.0
0,0.0,98393.93222256567,0.5,0,0.0,1.0,8.703558e-20,0.0
0,0.0,98393.93222256567,0.5,1,0.0,1.0,9.433074e-20,0.0
0,0.0,98388.68851268319,1.0,0,-0.0013803915782939582,1.0,8.8464214e-20,0.0
0,0.0,98388.68851268319,1.0,1,0.0,1.0,9.066993e-20,0.0
0,0.0,98388.68851268319,1.0,1,0.0,1.0,9.20472e-20,0.0
0,0.0,98389.98929393319,1.0,1,0.00025574786631228863,1.0,8.8715644e-20,0.0
0,0.0,98389.98929393319,1.0,2,0.0,1.0,9.078068e-20,0.0
0,0.0,98389.98929393319,1.0,1,0.0,1.0,9.0568994e-20,0.0
0,0.0,98389.98929393319,1.0,0,0.0,1.0,8.7773104e-20,0.0
0,0.0,98389.98929393319,1.0,1,0.0,1.0,8.547989e-20,0.0
0,0.0,98389.98929393319,1.0,2,0.0,1.0,9.210199e-20,0.0
0,0.0,98389.98929393319,1.0,2,0.0,1.0,9.231163e-20,0.0
0,0.0,98389.98929393319,1.0,0,0.0,1.0,8.353543e-20,0.0
0,0.0,98389.98929393319,1.0,2,0.0,1.0,8.4907906e-20,0.0
0,0.0,98389.98929393319,1.0,2,0.0,1.0,8.3523955e-20,0.0
0,0.0,98389.98929393319,1.0,0,0.0,1.0,7.840246e-20,0.0
0,0.0,98389.98929393319,1.0,2,0.0,1.0,7.6375046e-20,0.0
0,0.0,98389.98929393319,1.0,2,0.0,1.0,8.333555e-20,0.0
0,0.0,98389.98929393319,1.0,1,0.0,1.0,8.014546e-20,0.0
0,0.0,98389.98929393319,1.0,1,0.0,1.0,8.351121e-20,0.0
0,0.0,98389.29007518319,1.0,1,-0.00018406732933704185,1.0,8.253702e-20,0.0
0,0.0,98389.29007518319,1.0,1,0.0,1.0,8.341315e-20,0.0
0,0.0,98389.29007518319,1.0,2,0.0,1.0,8.241243e-20,0.0
0,0.0,98389.29007518319,1.0,2,0.0,1.0,7.756949e-20,0.0
0,0.0,98382.62821231218,0.40700000524520874,0,-0.001753716282746939,1.0,7.8777806e-20,0.0
0,0.0,98382.62821231218,0.40700000524520874,2,0.0,1.0,8.32758e-20,0.0
0,0.0,98382.62821231218,0.40700000524520874,0,0.0,1.0,8.7620554e-20,0.0
0,0.0,98382.62821231218,0.40700000524520874,2,0.0,1.0,7.970763e-20,0.0
0,0.0,98382.54713027988,0.40700000524520874,2,-2.1344612314458256e-05,1.0,8.0774045e-20,0.0
0,0.0,98382.54713027988,0.40700000524520874,1,0.0,1.0,8.120658e-20,0.0
0,0.0,98376.26694332386,1.0,0,-0.0016532411934492169,1.0,6.851544e-20,0.0
0,0.0,98376.16538082386,1.0,0,-2.6736036663480943e-05,1.0,6.9198376e-20,0.0
0,0.0,98376.16538082386,1.0,1,0.0,1.0,6.9551944e-20,0.0
0,0.0,98376.16538082386,1.0,2,0.0,1.0,6.733906e-20,0.0
0,0.0,98376.16538082386,1.0,0,0.0,1.0,7.586283e-20,0.0
0,0.0,98376.16538082386,1.0,1,0.0,1.0,8.151073e-20,0.0
0,0.0,98376.16538082386,1.0,2,0.0,1.0,7.6619e-20,0.0
0,0.0,98372.99800544488,0.7179999947547913,1,-0.0008338024788619614,1.0,7.190444e-20,0.0
0,0.0,98371.24031290831,1.0,0,-0.0004627075160705542,1.0,7.296993e-20,0.0
0,0.0,98371.24031290831,1.0,0,0.0,1.0,7.101686e-20,0.0
0,0.0,98371.24031290831,1.0,2,0.0,1.0,6.8283747e-20,0.0
0,0.0,98371.24031290831,1.0,1,0.0,1.0,7.5444946e-20,0.0
0,0.0,98371.24031290831,1.0,2,0.0,1.0,7.709396e-20,0.0
0,0.0,98371.24031290831,1.0,2,0.0,1.0,7.722464e-20,0.0
0,0.0,98371.24031290831,1.0,0,0.0,1.0,8.291318e-20,0.0
0,0.0,98371.24031290831,1.0,1,0.0,1.0,8.4784914e-20,0.0
0,0.0,98371.24031290831,1.0,1,0.0,1.0,8.0468964e-20,0.0
0,0.0,98371.24031290831,1.0,0,0.0,1.0,7.5860514e-20,0.0
0,0.0,98371.24031290831,1.0,2,0.0,1.0,7.509464e-20,0.0
0,0.0,98371.24031290831,1.0,0,0.0,1.0,7.905838e-20,0.0
0,0.0,98371.24031290831,1.0,0,0.0,1.0,8.1132266e-20,0.0
0,0.0,98370.84187540831,1.0,0,-0.00010488752844904062,1.0,8.8807746e-20,0.0
0,0.0,98370.84187540831,1.0,2,0.0,1.0,8.2197674e-20,0.0
0,0.0,98370.84187540831,1.0,0,0.0,1.0,7.6747704e-20,0.0
0,0.0,98370.84187540831,1.0,0,0.0,1.0,6.824416e-20,0.0
0,0.0,98370.84187540831,1.0,2,0.0,1.0,7.501333e-20,0.0
0,0.0,98370.84187540831,1.0,1,0.0,1.0,8.002448e-20,0.0
0,0.0,98370.74031290831,1.0,2,-2.6736036663480943e-05,1.0,7.7006954e-20,0.0
0,0.0,98370.74031290831,1.0,1,0.0,1.0,6.930193e-20,0.0
0,0.0,98370.74031290831,1.0,1,0.0,1.0,7.84623e-20,0.0
0,0.0,98370.74031290831,1.0,2,0.0,1.0,7.835701e-20,0.0
0,0.0,98370.63875040831,1.0,2,-2.6736036663480943e-05,1.0,7.6463665e-20,0.0
0,0.0,98368.01023416732,0.75,1,-0.0006919493571908783,1.0,7.564552e-20,0.0
0,0.0,98368.01023416732,0.75,0,0.0,1.0,7.541617e-20,0.0
0,0.0,98368.01023416732,0.75,2,0.0,1.0,7.193407e-20,0.0
0,0.0,98365.38282014475,0.5,2,-0.0006916592013552048,1.0,7.9688176e-20,0.0
0,0.0,98365.38282014475,0.5,2,0.0,1.0,8.35622e-20,0.0
0,0.0,98362.75540612217,0.25,2,-0.0006916592013552048,1.0,7.9362965e-20,0.0
0,0.0,98362.75540612217,0.25,0,0.0,1.0,8.0685355e-20,0.0
0,0.0,98362.75540612217,0.25,1,0.0,1.0,7.3854866e-20,0.0
0,0.0,98362.75540612217,0.25,0,0.0,1.0,7.479275e-20,0.0
0,0.0,98362.75540612217,0.25,1,0.0,1.0,7.7298917e-20,0.0
0,0.0,98362.75540612217,0.25,1,0.0,1.0,7.6327277e-20,0.0
0,0.0,98362.75540612217,0.25,0,0.0,1.0,7.6041305e-20,0.0
0,0.0,98362.75540612217,0.25,2,0.0,1.0,7.8330715e-20,0.0
0,0.0,98362.75540612217,0.25,2,0.0,1.0,8.1687536e-20,0.0
0,0.0,98362.75540612217,0.25,2,0.0,1.0,8.5691446e-20,0.0
0,0.0,98354.88264700914,-0.5,0,-0.0020724812434582147,1.0,8.419446e-20,0.0
0,0.0,98354.88264700914,-0.5,0,0.0,1.0,8.03475e-20,0.0
0,0.0,98354.88264700914,-0.5,0,0.0,1.0,7.4335374e-20,0.0
0,0.0,98354.88264700914,-0.5,1,0.0,1.0,8.0171146e-20,0.0
0,0.0,98354.88264700914,-0.5,1,0.0,1.0,8.1201626e-20,0.0
0,0.0,98354.88264700914,-0.5,1,0.0,1.0,7.624812e-20,0.0
0,0.0,98354.88264700914,-0.5,1,0.0,1.0,8.2057325e-20,0.0
0,0.0,98353.84480021415,-0.4,1,-0.0002732101903949605,1.0,8.5258436e-20,0.0
0,0.0,98348.64959459254,0.09999999999999998,2,-0.0013676229708179785,1.0,8.104071e-20,0.0
0,0.0,98348.64959459254,0.09999999999999998,1,0.0,1.0,7.9963446e-20,0.0
0,0.0,98348.64959459254,0.09999999999999998,0,0.0,1.0,8.022009e-20,0.0
0,0.0,98348.64959459254,0.09999999999999998,1,0.0,1.0,7.64695e-20,0.0
0,0.0,98340.8510624287,0.85,2,-0.002052941212098765,1.0,7.650451e-20,0.0
0,0.0,98340.8510624287,0.85,1,0.0,1.0,7.855574e-20,0.0
0,0.0,98340.8510624287,0.85,2,0.0,1.0,7.6972885e-20,0.0
0,0.0,98340.8510624287,0.85,1,0.0,1.0,7.819815e-20,0.0
0,0.0,98340.8510624287,0.85,0,0.0,1.0,7.491039e-20,0.0
0,0.0,98340.8510624287,0.85,0,0.0,1.0,7.5456456e-20,0.0
0,0.0,98340.8510624287,0.85,2,0.0,1.0,7.730717e-20,0.0
0,0.0,98340.8510624287,0.85,2,0.0,1.0,7.647767e-20,0.0
0,0.0,98340.8510624287,0.85,2,0.0,1.0,7.808488e-20,0.0
0,0.0,98340.8510624287,0.85,0,0.0,1.0,8.641758e-20,0.0
0,0.0,98340.8510624287,0.85,1,0.0,1.0,8.96218e-20,0.0
0,0.0,98340.8510624287,0.85,1,0.0,1.0,9.031507e-20,0.0
0,0.0,98340.8510624287,0.85,0,0.0,1.0,8.604259e-20,0.0
0,0.0,98340.8510624287,0.85,2,0.0,1.0,8.2697123e-20,0.0
0,0.0,98330.38771321562,-0.15000000000000002,0,-0.0027544466528861755,1.0,8.3959685e-20,0.0
0,0.0,98330.38771321562,-0.15000000000000002,0,0.0,1.0,8.6818047e-20,0.0
0,0.0,98330.38771321562,-0.15000000000000002,1,0.0,1.0,8.527926e-20,0.0
0,0.0,98330.38771321562,-0.15000000000000002,0,0.0,1.0,8.336989e-20,0.0
0,0.0,98330.38771321562,-0.15000000000000002,1,0.0,1.0,8.1442355e-20,0.0
0,0.0,98330.38771321562,-0.15000000000000002,1,0.0,1.0,8.1284687e-20,0.0
0,0.0,98330.38771321562,-0.15000000000000002,2,0.0,1.0,7.805748e-20,0.0
0,0.0,98329.34991938755,-0.25,0,-0.00027319624700537597,1.0,7.899447e-20,0.0
0,0.0,98329.34991938755,-0.25,2,0.0,1.0,7.987321e-20,0.0
0,0.0,98329.34991938755,-0.25,0,0.0,1.0,7.7006954e-20,0.0
0,0.0,98329.34991938755,-0.25,1,0.0,1.0,8.472542e-20,0.0
0,0.0,98329.34991938755,-0.25,1,0.0,1.0,7.9316966e-20,0.0
0,0.0,98329.34991938755,-0.25,1,0.0,1.0,8.166012e-20,0.0
0,0.0,98329.34991938755,-0.25,1,0.0,1.0,8.366937e-20,0.0
0,0.0,98329.34991938755,-0.25,1,0.0,1.0,8.473835e-20,0.0
0,0.0,98321.55001594493,0.5,1,-0.0020533021973014928,1.0,8.266558e-20,0.0
0,0.0,98321.55001594493,0.5,1,0.0,1.0,8.4170054e-20,0.0
0,0.0,98321.55001594493,0.5,0,0.0,1.0,7.972466e-20,0.0
0,0.0,98321.55001594493,0.5,0,0.0,1.0,8.862094e-20,0.0
0,0.0,98321.55001594493,0.5,1,0.0,1.0,8.6081985e-20,0.0
0,0.0,98321.55001594493,0.5,2,0.0,1.0,8.350739e-20,0.0
0,0.0,98321.55001594493,0.5,0,0.0,1.0,8.4152076e-20,0.0
0,0.0,98321.55001594493,0.5,1,0.0,1.0,8.105061e-20,0.0
0,0.0,98321.55001594493,0.5,2,0.0,1.0,8.2928365e-20,0.0
0,0.0,98321.55001594493,0.5,2,0.0,1.0,8.7521674e-20,0.0
0,0.0,98321.55001594493,0.5,0,0.0,1.0,8.4055826e-20,0.0
0,0.0,98321.55001594493,0.5,1,0.0,1.0,8.7531025e-20,0.0
0,0.0,98321.55001594493,0.5,1,0.0,1.0,8.640703e-20,0.0
0,0.0,98316.35493368936,1.0,1,-0.0013675904950608926,1.0,8.670155e-20,0.0
0,0.0,98316.35493368936,1.0,0,0.0,1.0,8.474353e-20,0.0
0,0.0,98316.35493368936,1.0,1,0.0,1.0,9.1166587e-20,0.0
0,0.0,98316.35493368936,1.0,0,0.0,1.0,8.2884085e-20,0.0
0,0.0,98316.35493368936,1.0,2,0.0,1.0,8.937462e-20,0.0
0,0.0,98316.35493368936,1.0,1,0.0,1.0,8.723102e-20,0.0
0,0.0,98316.35493368936,1.0,2,0.0,1.0,8.245897e-20,0.0
0,0.0,98316.35493368936,1.0,2,0.0,1.0,8.3086687e-20,0.0
0,0.0,98316.35493368936,1.0,2,0.0,1.0,9.106509e-20,0.0
0,0.0,98316.35493368936,1.0,0,0.0,1.0,8.1372794e-20,0.0
0,0.0,98316.35493368936,1.0,2,0.0,1.0,8.553469e-20,0.0
0,0.0,98316.35493368936,1.0,2,0.0,1.0,8.991493e-20,0.0
0,0.0,98308.55394400327,0.25,1,-0.0020535881477782084,1.0,9.435809e-20,0.0
0,0.0,98303.33792051802,0.75,2,-0.0013731032136782332,1.0,8.394047e-20,0.0
0,0.0,98303.33792051802,0.75,1,0.0,1.0,8.471896e-20,0.0
0,0.0,98300.73714160174,1.0,2,-0.0006846475860613399,1.0,8.0693976e-20,0.0
0,0.0,98300.73714160174,1.0,2,0.0,1.0,7.74524e-20,0.0
0,0.0,98300.73714160174,1.0,1,0.0,1.0,7.646133e-20,0.0
0,0.0,98300.73714160174,1.0,2,0.0,1.0,7.8319955e-20,0.0
0,0.0,98300.73714160174,1.0,2,0.0,1.0,7.9567886e-20,0.0
0,0.0,98290.3283624534,0.0,0,-0.002740081239948641,1.0,7.876338e-20,0.0
0,0.0,98290.3283624534,0.0,0,0.0,1.0,8.0524236e-20,0.0
0,0.0,98290.3283624534,0.0,1,0.0,1.0,8.070013e-20,0.0
0,0.0,98290.3283624534,0.0,1,0.0,1.0,8.5406876e-20,0.0
0,0.0,98290.3283624534,0.0,2,0.0,1.0,8.313868e-20,0.0
0,0.0,98290.3283624534,0.0,1,0.0,1.0,9.0372965e-20,0.0
0,0.0,98290.3283624534,0.0,2,0.0,1.0,9.4441634e-20,0.0
0,0.0,98282.52842671993,-0.75,1,-0.0020533106977738795,1.0,9.728503e-20,0.0
0,0.0,98282.52842671993,-0.75,1,0.0,1.0,1.00223206e-19,0.0
0,0.0,98282.52842671993,-0.75,0,0.0,1.0,1.0351514e-19,0.0
0,0.0,98282.52842671993,-0.75,0,0.0,1.0,9.6678304e-20,0.0
0,0.0,98282.52842671993,-0.75,2,0.0,1.0,9.4163914e-20,0.0
0,0.0,98282.52842671993,-0.75,2,0.0,1.0,9.1291866e-20,0.0
0,0.0,98282.52842671993,-0.75,0,0.0,1.0,9.039089e-20,0.0
0,0.0,98282.52842671993,-0.75,2,0.0,1.0,8.5800046e-20,0.0
0,0.0,98281.49113287192,-0.85,0,-0.0002730646286898006,1.0,9.347248e-20,0.0
0,0.0,98281.31847662192,-0.85,0,-4.545126232715145e-05,1.0,9.069899e-20,0.0
0,0.0,98281.31847662192,-0.85,1,0.0,1.0,9.220605e-20,0.0
0,0.0,98281.31847662192,-0.85,1,0.0,1.0,7.531612e-20,0.0
0,0.0,98281.31847662192,-0.85,2,0.0,1.0,1.1221213e-19,0.0
0,0.0,98281.31847662192,-0.85,2,0.0,1.0,8.840079e-20,0.0
0,0.0,98281.31847662192,-0.85,1,0.0,1.0,8.5212916e-20,0.0
0,0.0,98281.31847662192,-0.85,2,0.0,1.0,9.055379e-20,0.0
0,0.0,98281.31847662192,-0.85,1,0.0,1.0,8.9780575e-20,0.0
0,0.0,98281.31847662192,-0.85,2,0.0,1.0,1.07138934e-19,0.0
0,0.0,98280.28102928196,-0.95,0,-0.0002731050350032844,1.0,7.695527e-20,0.0
0,0.0,98280.28102928196,-0.95,2,0.0,1.0,9.501112e-20,0.0
0,0.0,98280.28102928196,-0.95,1,0.0,1.0,9.255422e-20,0.0
0,0.0,98280.28102928196,-0.95,0,0.0,1.0,7.656057e-20,0.0
0,0.0,98280.28102928196,-0.95,0,0.0,1.0,6.8692354e-20,0.0
0,0.0,98280.28102928196,-0.95,0,0.0,1.0,8.354435e-20,0.0
0,0.0,98280.28102928196,-0.95,2,0.0,1.0,6.8419327e-20,0.0
0,0.0,98280.28102928196,-0.95,1,0.0,1.0,7.085126e-20,0.0
0,0.0,98280.28102928196,-0.95,0,0.0,1.0,6.470995e-20,0.0
0,0.0,98280.28102928196,-0.95,2,0.0,1.0,6.418189e-20,0.0
0,0.0,98280.28102928196,-0.95,1,0.0,1.0,6.2391636e-20,0.0
0,0.0,98280.28102928196,-0.95,0,0.0,1.0,6.162242e-20,0.0
0,0.0,98280.28102928196,-0.95,2,0.0,1.0,7.3017824e-20,0.0
0,0.0,98280.28102928196,-0.95,2,0.0,1.0,6.151251e-20,0.0
0,0.0,98279.76233022701,-1.0,2,-0.00013654603766747857,1.0,6.074858e-20,0.0
0,0.0,98279.76233022701,-1.0,2,0.0,1.0,7.4271875e-20,0.0
0,0.0,98279.76233022701,-1.0,2,0.0,1.0,6.7745116e-20,0.0
0,0.0,98279.76233022701,-1.0,2,0.0,1.0,8.2290545e-20,0.0
0,0.0,98279.76233022701,-1.0,0,0.0,1.0,7.0305253e-20,0.0
0,0.0,98279.76233022701,-1.0,0,0.0,1.0,8.9470136e-20,0.0
0,0.0,98279.76233022701,-1.0,1,0.0,1.0,8.036711e-20,0.0
0,0.0,98279.76233022701,-1.0,0,0.0,1.0,8.1794805e-20,0.0
0,0.0,98279.76233022701,-1.0,1,0.0,1.0,8.876303e-20,0.0
0,0.0,98279.76233022701,-1.0,1,0.0,1.0,7.667279e-20,0.0
0,0.0,98279.76233022701,-1.0,2,0.0,1.0,8.756976e-20,0.0
0,0.0,98279.76233022701,-1.0,2,0.0,1.0,7.3332696e-20,0.0
0,0.0,98279.76233022701,-1.0,1,0.0,1.0,8.0505805e-20,0.0
0,0.0,98278.68109281108,-0.9,0,-0.0002846326468351522,1.0,7.402071e-20,0.0
0,0.0,98278.68109281108,-0.9,0,0.0,1.0,7.5242604e-20,0.0
0,0.0,98278.68109281108,-0.9,1,0.0,1.0,5.504027e-20,0.0
0,0.0,98278.68109281108,-0.9,1,0.0,1.0,6.436823e-20,0.0
0,0.0,98278.68109281108,-0.9,0,0.0,1.0,6.803518e-20,0.0
0,0.0,98278.59320218608,-0.9,0,-2.3136954804935433e-05,1.0,6.066336e-20,0.0
0,0.0,98278.59320218608,-0.9,2,0.0,1.0,5.7021004e-20,0.0
0,0.0,98278.59320218608,-0.9,1,0.0,1.0,5.977391e-20,0.0
0,0.0,98277.55499728912,-0.8,2,-0.0002733044597109042,1.0,6.604164e-20,0.0
0,0.0,98277.55499728912,-0.8,1,0.0,1.0,5.6739795e-20,0.0
0,0.0,98277.55499728912,-0.8,2,0.0,1.0,6.891913e-20,0.0
0,0.0,98277.55499728912,-0.8,2,0.0,1.0,5.80685e-20,0.0
0,0.0,98277.55499728912,-0.8,0,0.0,1.0,6.146091e-20,0.0
0,0.0,98277.55499728912,-0.8,0,0.0,1.0,5.5307144e-20,0.0
0,0.0,98277.55499728912,-0.8,2,0.0,1.0,5.583626e-20,0.0
0,0.0,98277.55499728912,-0.8,1,0.0,1.0,5.0380017e-20,0.0
0,0.0,98276.51694010827,-0.7000000000000001,1,-0.0002732655738680339,1.0,4.8972504e-20,0.0
0,0.0,98276.51694010827,-0.7000000000000001,2,0.0,1.0,4.9285104e-20,0.0
0,0.0,98276.51694010827,-0.7000000000000001,2,0.0,1.0,4.728145e-20,0.0
0,0.0,98276.51694010827,-0.7000000000000001,2,0.0,1.0,5.4753786e-20,0.0
0,0.0,98276.51694010827,-0.7000000000000001,1,0.0,1.0,5.1887324e-20,0.0
0,0.0,98276.51694010827,-0.7000000000000001,2,0.0,1.0,5.6476344e-20,0.0
0,0.0,98276.51694010827,-0.7000000000000001,1,0.0,1.0,5.478053e-20,0.0
0,0.0,98276.51694010827,-0.7000000000000001,1,0.0,1.0,5.793574e-20,0.0
0,0.0,98276.51694010827,-0.7000000000000001,0,0.0,1.0,5.3201346e-20,0.0
0,0.0,98276.51694010827,-0.7000000000000001,0,0.0,1.0,5.601889e-20,0.0
0,0.0,98276.51694010827,-0.7000000000000001,1,0.0,1.0,6.184096e-20,0.0
0,0.0,98276.51694010827,-0.7000000000000001,2,0.0,1.0,5.803927e-20,0.0
0,0.0,98276.51694010827,-0.7000000000000001,1,0.0,1.0,5.6090736e-20,0.0
0,0.0,98271.31633932669,-0.20000000000000007,1,-0.001369043231197012,1.0,5.6129265e-20,0.0
0,0.0,98271.31633932669,-0.20000000000000007,1,0.0,1.0,5.8138544e-20,0.0
0,0.0,98271.31633932669,-0.20000000000000007,2,0.0,1.0,5.739198e-20,0.0
0,0.0,98271.31633932669,-0.20000000000000007,2,0.0,1.0,5.999504e-20,0.0
0,0.0,98271.31633932669,-0.20000000000000007,2,0.0,1.0,5.970737e-20,0.0
0,0.0,98263.52387518852,-0.9500000000000001,2,-0.002051343821754481,1.0,5.554903e-20,0.0
0,0.0,98263.52387518852,-0.9500000000000001,1,0.0,1.0,5.961906e-20,0.0
0,0.0,98262.48585983332,-0.8500000000000001,2,-0.00027325456338486703,1.0,6.3373195e-20,0.0
0,0.0,98262.48585983332,-0.8500000000000001,2,0.0,1.0,6.2710423e-20,0.0
0,0.0,98261.44820913451,-0.9500000000000001,2,-0.00027315856863786587,1.0,6.277169e-20,0.0
0,0.0,98261.44820913451,-0.9500000000000001,0,0.0,1.0,6.032367e-20,0.0
0,0.0,98261.44820913451,-0.9500000000000001,1,0.0,1.0,5.6993164e-20,0.0
0,0.0,98261.44820913451,-0.9500000000000001,0,0.0,1.0,5.849001e-20,0.0
0,0.0,98261.44820913451,-0.9500000000000001,1,0.0,1.0,6.3206124e-20,0.0
0,0.0,98261.44820913451,-0.9500000000000001,2,0.0,1.0,5.772837e-20,0.0
0,0.0,98260.92949328558,-1.0,2,-0.00013655045863253463,1.0,6.217211e-20,0.0
0,0.0,98260.92949328558,-1.0,2,0.0,1.0,6.8078793e-20,0.0
0,0.0,98260.92949328558,-1.0,1,0.0,1.0,6.250026e-20,0.0
0,0.0,98259.89145779563,-0.9,1,-0.00027325986380199817,1.0,7.090101e-20,0.0
0,0.0,98259.89145779563,-0.9,1,0.0,1.0,6.706527e-20,0.0
0,0.0,98259.89145779563,-0.9,0,0.0,1.0,6.619196e-20,0.0
0,0.0,98259.89145779563,-0.9,0,0.0,1.0,6.6758975e-20,0.0
0,0.0,98259.89145779563,-0.9,1,0.0,1.0,6.908022e-20,0.0
0,0.0,98259.89145779563,-0.9,0,0.0,1.0,7.032993e-20,0.0
0,0.0,98259.89145779563,-0.9,1,0.0,1.0,7.660731e-20,0.0
0,0.0,98259.89145779563,-0.9,2,0.0,1.0,7.437394e-20,0.0
0,0.0,98259.89145779563,-0.9,0,0.0,1.0,8.6499375e-20,0.0
0,0.0,98259.89145779563,-0.9,2,0.0,1.0,8.7995706e-20,0.0
0,0.0,98258.85388472094,-1.0,2,-0.0002731381343106891,1.0,8.5640465e-20,0.0
0,0.0,98258.85388472094,-1.0,2,0.0,1.0,8.325039e-20,0.0
0,0.0,98258.85388472094,-1.0,2,0.0,1.0,8.2017265e-20,0.0
0,0.0,98258.85388472094,-1.0,2,0.0,1.0,7.745358e-20,0.0
0,0.0,98258.85388472094,-1.0,1,0.0,1.0,7.5860514e-20,0.0
0,0.0,98251.02513527338,-0.25,1,-0.0020608958253227005,1.0,7.439097e-20,0.0
0,0.0,98251.02513527338,-0.25,2,0.0,1.0,7.657692e-20,0.0
0,0.0,98251.02513527338,-0.25,2,0.0,1.0,7.4904675e-20,0.0
0,0.0,98251.02513527338,-0.25,2,0.0,1.0,7.5702096e-20,0.0
0,0.0,98251.02513527338,-0.25,0,0.0,1.0,8.0123454e-20,0.0
0,0.0,98251.02513527338,-0.25,1,0.0,1.0,8.20448e-20,0.0
0,0.0,98245.81717972782,0.25,0,-0.0013709793517073777,1.0,8.282972e-20,0.0
0,0.0,98245.81717972782,0.25,1,0.0,1.0,8.3902054e-20,0.0
0,0.0,98245.81717972782,0.25,0,0.0,1.0,8.457559e-20,0.0
0,0.0,98245.81717972782,0.25,1,0.0,1.0,8.358898e-20,0.0
0,0.0,98245.81717972782,0.25,2,0.0,1.0,8.402633e-20,0.0
0,0.0,98245.81717972782,0.25,2,0.0,1.0,8.688166e-20,0.0
0,0.0,98245.81717972782,0.25,0,0.0,1.0,8.940599e-20,0.0
0,0.0,98245.81717972782,0.25,1,0.0,1.0,8.754171e-20,0.0
0,0.0,98243.21552969671,0.5,0,-0.0006848769045393055,1.0,8.948242e-20,0.0
0,0.0,98243.21552969671,0.5,0,0.0,1.0,9.177092e-20,0.0
0,0.0,98243.21552969671,0.5,2,0.0,1.0,8.871023e-20,0.0
0,0.0,98243.21552969671,0.5,1,0.0,1.0,8.92833e-20,0.0
0,0.0,98243.21552969671,0.5,0,0.0,1.0,8.681673e-20,0.0
0,0.0,98243.21552969671,0.5,1,0.0,1.0,8.798631e-20,0.0
0,0.0,98243.21552969671,0.5,1,0.0,1.0,8.817447e-20,0.0
0,0.0,98243.21552969671,0.5,1,0.0,1.0,8.447499e-20,0.0
0,0.0,98243.21552969671,0.5,0,0.0,1.0,8.4469836e-20,0.0
0,0.0,98243.21552969671,0.5,2,0.0,1.0,9.09096e-20,0.0
0,0.0,98243.21552969671,0.5,1,0.0,1.0,9.268283e-20,0.0
0,0.0,98243.21552969671,0.5,0,0.0,1.0,9.2042985e-20,0.0
0,0.0,98243.21552969671,0.5,2,0.0,1.0,9.4001697e-20,0.0
0,0.0,98243.21552969671,0.5,2,0.0,1.0,9.147454e-20,0.0
0,0.0,98243.21552969671,0.5,0,0.0,1.0,9.025307e-20,0.0
0,0.0,98243.21552969671,0.5,0,0.0,1.0,8.9115883e-20,0.0
0,0.0,98243.21552969671,0.5,2,0.0,1.0,8.843992e-20,0.0
0,0.0,98243.21552969671,0.5,1,0.0,1.0,8.7619216e-20,0.0
0,0.0,98243.21552969671,0.5,2,0.0,1.0,9.136573e-20,0.0
0,0.0,98238.43220082196,-0.5,0,-0.0012591975992004467,1.0,8.982442e-20,0.0
0,0.0,98238.43220082196,-0.5,1,0.0,1.0,8.911316e-20,0.0
0,0.0,98238.43220082196,-0.5,2,0.0,1.0,8.90819e-20,0.0
0,0.0,98238.43220082196,-0.5,1,0.0,1.0,8.779721e-20,0.0
0,0.0,98238.43220082196,-0.5,0,0.0,1.0,8.948379e-20,0.0
0,0.0,98238.43220082196,-0.5,1,0.0,1.0,9.5125725e-20,0.0
0,0.0,98238.43220082196,-0.5,2,0.0,1.0,9.3813985e-20,0.0
0,0.0,98238.43220082196,-0.5,0,0.0,1.0,9.876579e-20,0.0
0,0.0,98238.43220082196,-0.5,2,0.0,1.0,9.3725276e-20,0.0
0,0.0,98238.43220082196,-0.5,1,0.0,1.0,9.783284e-20,0.0
0,0.0,98238.43220082196,-0.5,2,0.0,1.0,9.527971e-20,0.0
0,0.0,98237.39462684552,-0.6,1,-0.00027313837169460036,1.0,9.636901e-20,0.0
0,0.0,98237.39462684552,-0.6,2,0.0,1.0,9.406339e-20,0.0
0,0.0,98237.39462684552,-0.6,1,0.0,1.0,9.2249676e-20,0.0
0,0.0,98237.39462684552,-0.6,1,0.0,1.0,9.413806e-20,0.0
0,0.0,98230.82238380717,-0.015000021457672097,2,-0.0017301241189862713,1.0,9.326448e-20,0.0
0,0.0,98223.03080856448,-0.7650000214576721,1,-0.002051109822571291,1.0,9.384978e-20,0.0
0,0.0,98223.03080856448,-0.7650000214576721,1,0.0,1.0,9.5196876e-20,0.0
0,0.0,98223.03080856448,-0.7650000214576721,1,0.0,1.0,9.411508e-20,0.0
0,0.0,98223.03080856448,-0.7650000214576721,1,0.0,1.0,9.0611846e-20,0.0
0,0.0,98223.03080856448,-0.7650000214576721,0,0.0,1.0,9.0261335e-20,0.0
0,0.0,98223.03080856448,-0.7650000214576721,1,0.0,1.0,8.713657e-20,0.0
0,0.0,98221.98020334131,-0.6650000214576721,1,-0.0002765688099975993,1.0,8.554382e-20,0.0
0,0.0,98221.98020334131,-0.6650000214576721,2,0.0,1.0,8.9355527e-20,0.0
0,0.0,98221.98020334131,-0.6650000214576721,1,0.0,1.0,9.174432e-20,0.0
0,0.0,98221.98020334131,-0.6650000214576721,1,0.0,1.0,9.593912e-20,0.0
0,0.0,98221.98020334131,-0.6650000214576721,2,0.0,1.0,9.6402834e-20,0.0
0,0.0,98221.98020334131,-0.6650000214576721,1,0.0,1.0,9.7943374e-20,0.0
0,0.0,98221.98020334131,-0.6650000214576721,1,0.0,1.0,9.8582106e-20,0.0
0,0.0,98221.98020334131,-0.6650000214576721,1,0.0,1.0,9.952068e-20,0.0
0,0.0,98221.98020334131,-0.6650000214576721,1,0.0,1.0,9.520123e-20,0.0
0,0.0,98221.98020334131,-0.6650000214576721,0,0.0,1.0,9.234967e-20,0.0
0,0.0,98221.38274238454,-0.6650000214576721,0,-0.00015727988229341636,1.0,8.945648e-20,0.0
0,0.0,98221.38274238454,-0.6650000214576721,2,0.0,1.0,8.986144e-20,0.0
0,0.0,98221.38274238454,-0.6650000214576721,1,0.0,1.0,8.96177e-20,0.0
0,0.0,98221.38274238454,-0.6650000214576721,2,0.0,1.0,8.813277e-20,0.0
0,0.0,98221.38274238454,-0.6650000214576721,2,0.0,1.0,8.608461e-20,0.0
0,0.0,98221.38274238454,-0.6650000214576721,1,0.0,1.0,8.1112465e-20,0.0
0,0.0,98221.38274238454,-0.6650000214576721,0,0.0,1.0,8.2112436e-20,0.0
0,0.0,98221.38274238454,-0.6650000214576721,1,0.0,1.0,7.8878845e-20,0.0
0,0.0,98221.38274238454,-0.6650000214576721,1,0.0,1.0,7.988662e-20,0.0
0,0.0,98221.38274238454,-0.6650000214576721,1,0.0,1.0,7.7725884e-20,0.0
0,0.0,98218.75127390443,-0.4150000214576721,1,-0.0006927265256649415,1.0,7.741695e-20,0.0
0,0.0,98218.75127390443,-0.4150000214576721,2,0.0,1.0,7.794679e-20,0.0
0,0.0,98218.75127390443,-0.4150000214576721,1,0.0,1.0,8.081226e-20,0.0
0,0.0,98218.75127390443,-0.4150000214576721,1,0.0,1.0,8.1929706e-20,0.0
0,0.0,98218.75127390443,-0.4150000214576721,1,0.0,1.0,8.333046e-20,0.0
0,0.0,98218.75127390443,-0.4150000214576721,0,0.0,1.0,8.468406e-20,0.0
0,0.0,98218.75127390443,-0.4150000214576721,1,0.0,1.0,8.433075e-20,0.0
0,0.0,98218.75127390443,-0.4150000214576721,2,0.0,1.0,8.009167e-20,0.0
0,0.0,98212.67581235334,-1.0,0,-0.0015993478181185955,1.0,7.964927e-20,0.0
0,0.0,98212.57424985334,-1.0,1,-2.6736036663480943e-05,1.0,7.9093375e-20,0.0
0,0.0,98212.57424985334,-1.0,2,0.0,1.0,7.739805e-20,0.0
0,0.0,98212.57424985334,-1.0,1,0.0,1.0,7.854016e-20,0.0
0,0.0,98212.57424985334,-1.0,0,0.0,1.0,7.568824e-20,0.0
0,0.0,98212.57424985334,-1.0,1,0.0,1.0,7.92601e-20,0.0
0,0.0,98204.61912513264,-0.25,1,-0.002094163753306105,1.0,7.467415e-20,0.0
0,0.0,98203.57790007263,-0.15,0,-0.00027409950896489153,1.0,7.382219e-20,0.0
0,0.0,98203.57790007263,-0.15,1,0.0,1.0,7.495612e-20,0.0
0,0.0,98203.57790007263,-0.15,1,0.0,1.0,7.4070424e-20,0.0
0,0.0,98200.96123177074,0.1,2,-0.0006888304212250706,1.0,7.686608e-20,0.0
0,0.0,98200.96123177074,0.1,0,0.0,1.0,7.525753e-20,0.0
0,0.0,98200.96123177074,0.1,0,0.0,1.0,7.697758e-20,0.0
0,0.0,98200.96123177074,0.1,1,0.0,1.0,7.946596e-20,0.0
0,0.0,98200.96123177074,0.1,0,0.0,1.0,7.708925e-20,0.0
0,0.0,98200.96123177074,0.1,2,0.0,1.0,8.289168e-20,0.0
0,0.0,98195.76520940397,-0.4,1,-0.00136783797663739,1.0,7.793847e-20,0.0
0,0.0,98195.76520940397,-0.4,1,0.0,1.0,8.1087714e-20,0.0
0,0.0,98195.76520940397,-0.4,0,0.0,1.0,7.9755074e-20,0.0
0,0.0,98195.76520940397,-0.4,2,0.0,1.0,8.235838e-20,0.0
0,0.0,98195.76520940397,-0.4,0,0.0,1.0,8.375879e-20,0.0
0,0.0,98195.72614690397,-0.4,0,-1.0283091024415747e-05,1.0,8.8874166e-20,0.0
0,0.0,98195.72614690397,-0.4,2,0.0,1.0,8.9355527e-20,0.0
0,0.0,98195.72614690397,-0.4,2,0.0,1.0,9.5956686e-20,0.0
0,0.0,98195.72614690397,-0.4,0,0.0,1.0,9.004536e-20,0.0
0,0.0,98195.72614690397,-0.4,2,0.0,1.0,9.492708e-20,0.0
0,0.0,98195.72614690397,-0.4,0,0.0,1.0,9.569204e-20,0.0
0,0.0,98195.72614690397,-0.4,1,0.0,1.0,8.9768244e-20,0.0
0,0.0,98195.72614690397,-0.4,1,0.0,1.0,9.202473e-20,0.0
0,0.0,98195.72614690397,-0.4,2,0.0,1.0,8.959719e-20,0.0
0,0.0,98195.72614690397,-0.4,2,0.0,1.0,9.878086e-20,0.0
0,0.0,98190.5325728794,-0.9,2,-0.0013671934575788744,1.0,8.795007e-20,0.0
0,0.0,98190.5325728794,-0.9,0,0.0,1.0,9.071283e-20,0.0
0,0.0,98190.5325728794,-0.9,1,0.0,1.0,8.6775667e-20,0.0
0,0.0,98190.5325728794,-0.9,1,0.0,1.0,8.8950143e-20,0.0
0,0.0,98190.5325728794,-0.9,0,0.0,1.0,9.212167e-20,0.0
0,0.0,98190.5325728794,-0.9,2,0.0,1.0,9.313364e-20,0.0
0,0.0,98190.5325728794,-0.9,2,0.0,1.0,9.141314e-20,0.0
0,0.0,98190.5325728794,-0.9,1,0.0,1.0,8.79702e-20,0.0
0,0.0,98190.5325728794,-0.9,1,0.0,1.0,8.9986303e-20,0.0
0,0.0,98189.49397951363,-0.8,0,-0.0002734067230089723,1.0,8.878471e-20,0.0
0,0.0,98189.49397951363,-0.8,2,0.0,1.0,9.24131e-20,0.0
0,0.0,98189.49397951363,-0.8,2,0.0,1.0,8.892029e-20,0.0
0,0.0,98189.49397951363,-0.8,2,0.0,1.0,9.207108e-20,0.0
0,0.0,98187.41808953797,-1.0,1,-0.0005464720787559546,1.0,9.220605e-20,0.0
0,0.0,98176.96073518894,0.0,1,-0.002752868522127466,1.0,9.184797e-20,0.0
0,0.0,98176.96073518894,0.0,0,0.0,1.0,9.0301285e-20,0.0
0,0.0,98176.96073518894,0.0,2,0.0,1.0,9.157649e-20,0.0
0,0.0,98176.96073518894,0.0,0,0.0,1.0,9.351956e-20,0.0
0,0.0,98176.96073518894,0.0,0,0.0,1.0,9.055517e-20,0.0
0,0.0,98176.96073518894,0.0,0,0.0,1.0,9.6385185e-20,0.0
0,0.0,98176.96073518894,0.0,1,0.0,1.0,9.984923e-20,0.0
0,0.0,98176.96073518894,0.0,2,0.0,1.0,1.0120211e-19,0.0
0,0.0,98176.96073518894,0.0,2,0.0,1.0,1.0172851e-19,0.0
0,0.0,98169.16309376157,-0.75,0,-0.0020527067282797417,1.0,1.01418534e-19,0.0
0,0.0,98169.16309376157,-0.75,0,0.0,1.0,1.0108173e-19,0.0
0,0.0,98169.16309376157,-0.75,2,0.0,1.0,1.0394407e-19,0.0
0,0.0,98166.5679237491,-1.0,1,-0.0006831710582292115,1.0,1.0194917e-19,0.0
0,0.0,98166.5679237491,-1.0,0,0.0,1.0,9.350244e-20,0.0
0,0.0,98166.5679237491,-1.0,2,0.0,1.0,1.04171126e-19,0.0
0,0.0,98166.5679237491,-1.0,2,0.0,1.0,1.0480728e-19,0.0
0,0.0,98166.5679237491,-1.0,0,0.0,1.0,9.828921e-20,0.0
0,0.0,98166.5679237491,-1.0,1,0.0,1.0,1.02673535e-19,0.0
0,0.0,98166.5679237491,-1.0,2,0.0,1.0,9.874168e-20,0.0
0,0.0,98166.5679237491,-1.0,0,0.0,1.0,9.923257e-20,0.0
0,0.0,98166.5679237491,-1.0,2,0.0,1.0,1.0086141e-19,0.0
0,0.0,98166.5679237491,-1.0,2,0.0,1.0,9.922651e-20,0.0
0,0.0,98166.5679237491,-1.0,0,0.0,1.0,9.8892467e-20,0.0
0,0.0,98166.5679237491,-1.0,1,0.0,1.0,1.0312416e-19,0.0
0,0.0,98166.5679237491,-1.0,0,0.0,1.0,9.825772e-20,0.0
0,0.0,98166.5679237491,-1.0,2,0.0,1.0,9.825772e-20,0.0
0,0.0,98166.5679237491,-1.0,1,0.0,1.0,9.473318e-20,0.0
0,0.0,98165.5286295358,-0.9,1,-0.0002735912191117578,1.0,9.809743e-20,0.0
0,0.0,98165.5286295358,-0.9,0,0.0,1.0,9.956776e-20,0.0
0,0.0,98165.5286295358,-0.9,2,0.0,1.0,1.007522e-19,0.0
0,0.0,98165.5286295358,-0.9,0,0.0,1.0,1.0197095e-19,0.0
0,0.0,98165.5286295358,-0.9,2,0.0,1.0,1.0301407e-19,0.0
0,0.0,98165.5286295358,-0.9,0,0.0,1.0,1.0490968e-19,0.0
0,0.0,98165.5286295358,-0.9,1,0.0,1.0,1.03814094e-19,0.0
0,0.0,98162.92472271279,-0.65,2,-0.0006854709985286949,1.0,1.03322613e-19,0.0
0,0.0,98162.92472271279,-0.65,0,0.0,1.0,9.968634e-20,0.0
0,0.0,98162.92472271279,-0.65,1,0.0,1.0,1.0031194e-19,0.0
0,0.0,98162.92472271279,-0.65,2,0.0,1.0,9.517218e-20,0.0
0,0.0,98162.92472271279,-0.65,1,0.0,1.0,9.8049544e-20,0.0
0,0.0,98162.92472271279,-0.65,0,0.0,1.0,1.0005665e-19,0.0
0,0.0,98162.92472271279,-0.65,2,0.0,1.0,9.8353726e-20,0.0
0,0.0,98160.32930445572,-0.9,1,-0.0006832364079076996,1.0,9.813186e-20,0.0
0,0.0,98160.32930445572,-0.9,1,0.0,1.0,9.98538e-20,0.0
0,0.0,98160.32930445572,-0.9,2,0.0,1.0,9.903139e-20,0.0
0,0.0,98160.32930445572,-0.9,2,0.0,1.0,9.859113e-20,0.0
0,0.0,98159.29165238471,-1.0,0,-0.00027315892986609137,1.0,9.8803474e-20,0.0
0,0.0,98159.29165238471,-1.0,2,0.0,1.0,1.03540414e-19,0.0
0,0.0,98159.29165238471,-1.0,0,0.0,1.0,1.03598885e-19,0.0
0,0.0,98159.29165238471,-1.0,0,0.0,1.0,1.02462255e-19,0.0
0,0.0,98159.29165238471,-1.0,2,0.0,1.0,1.0219837e-19,0.0
0,0.0,98159.29165238471,-1.0,2,0.0,1.0,1.0150213e-19,0.0
0,0.0,98159.29165238471,-1.0,0,0.0,1.0,1.007768e-19,0.0
0,0.0,98159.29165238471,-1.0,1,0.0,1.0,1.0153466e-19,0.0
0,0.0,98159.29165238471,-1.0,1,0.0,1.0,1.0342988e-19,0.0
0,0.0,98156.69294116099,-0.75,2,-0.0006841032719278669,1.0,1.01739377e-19,0.0
0,0.0,98156.69294116099,-0.75,1,0.0,1.0,1.0378717e-19,0.0
0,0.0,98156.69294116099,-0.75,1,0.0,1.0,9.9147813e-20,0.0
0,0.0,98156.69294116099,-0.75,0,0.0,1.0,1.0212043e-19,0.0
0,0.0,98156.69294116099,-0.75,1,0.0,1.0,1.0223892e-19,0.0
0,0.0,98156.69294116099,-0.75,2,0.0,1.0,1.0095533e-19,0.0
0,0.0,98156.69294116099,-0.75,0,0.0,1.0,9.9116044e-20,0.0
0,0.0,98156.69294116099,-0.75,2,0.0,1.0,1.051565e-19,0.0
0,0.0,98156.69294116099,-0.75,1,0.0,1.0,1.0405357e-19,0.0
0,0.0,98156.69294116099,-0.75,1,0.0,1.0,1.0670984e-19,0.0
0,0.0,98151.48243750827,-0.25,1,-0.0013716501336058936,1.0,1.06760324e-19,0.0
0,0.0,98151.48243750827,-0.25,0,0.0,1.0,1.1066646e-19,0.0
0,0.0,98151.48243750827,-0.25,1,0.0,1.0,1.0957929e-19,0.0
0,0.0,98146.26200962777,0.25,0,-0.001374262658088485,1.0,1.0971146e-19,0.0
0,0.0,98146.26200962777,0.25,2,0.0,1.0,1.1325801e-19,0.0
0,0.0,98146.26200962777,0.25,2,0.0,1.0,1.1348808e-19,0.0
0,0.0,98146.26200962777,0.25,0,0.0,1.0,1.1655403e-19,0.0
0,0.0,98146.26200962777,0.25,2,0.0,1.0,1.1662164e-19,0.0
0,0.0,98135.8414859952,-0.75,0,-0.0027431729417150214,1.0,1.1419508e-19,0.0
0,0.0,98135.8414859952,-0.75,2,0.0,1.0,1.1122342e-19,0.0
0,0.0,98135.8414859952,-0.75,1,0.0,1.0,1.1277342e-19,0.0
0,0.0,98135.8414859952,-0.75,2,0.0,1.0,1.1060907e-19,0.0
0,0.0,98135.8414859952,-0.75,1,0.0,1.0,1.1085068e-19,0.0
0,0.0,98135.8414859952,-0.75,2,0.0,1.0,1.1012405e-19,0.0
0,0.0,98135.8414859952,-0.75,0,0.0,1.0,1.0933377e-19,0.0
0,0.0,98135.8414859952,-0.75,0,0.0,1.0,1.0856905e-19,0.0
0,0.0,98135.8414859952,-0.75,2,0.0,1.0,1.0978514e-19,0.0
0,0.0,98133.244954379,-1.0,1,-0.0006835294965042223,1.0,1.0907715e-19,0.0
0,0.0,98133.244954379,-1.0,0,0.0,1.0,1.1191118e-19,0.0
0,0.0,98133.244954379,-1.0,1,0.0,1.0,1.117866e-19,0.0
0,0.0,98133.244954379,-1.0,0,0.0,1.0,1.1348808e-19,0.0
0,0.0,98133.244954379,-1.0,1,0.0,1.0,1.1192484e-19,0.0
0,0.0,98133.244954379,-1.0,1,0.0,1.0,1.1476279e-19,0.0
0,0.0,98133.244954379,-1.0,1,0.0,1.0,1.1146977e-19,0.0
0,0.0,98133.244954379,-1.0,1,0.0,1.0,1.1387317e-19,0.0
0,0.0,98127.84574575594,-0.5,1,-0.0014213261755061533,1.0,1.1475753e-19,0.0
0,0.0,98127.84574575594,-0.5,2,0.0,1.0,1.15647e-19,0.0
0,0.0,98127.84574575594,-0.5,2,0.0,1.0,1.1743592e-19,0.0
0,0.0,98127.84574575594,-0.5,2,0.0,1.0,1.1446547e-19,0.0
0,0.0,98126.75727166681,-0.6,2,-0.0002865376802889095,1.0,1.1311811e-19,0.0
0,0.0,98126.75727166681,-0.6,0,0.0,1.0,1.0991253e-19,0.0
0,0.0,98126.75727166681,-0.6,1,0.0,1.0,1.1550768e-19,0.0
0,0.0,98126.75727166681,-0.6,2,0.0,1.0,1.0883775e-19,0.0
0,0.0,98126.75727166681,-0.6,0,0.0,1.0,1.0882945e-19,0.0
0,0.0,98126.75727166681,-0.6,1,0.0,1.0,1.0598448e-19,0.0
0,0.0,98121.37836012738,-0.09999999999999998,0,-0.0014159830264898457,1.0,1.1192313e-19,0.0
0,0.0,98121.37836012738,-0.09999999999999998,0,0.0,1.0,1.136371e-19,0.0
0,0.0,98121.35843825238,-0.09999999999999998,2,-5.244376420153581e-06,1.0,1.1291806e-19,0.0
0,0.0,98121.35843825238,-0.09999999999999998,0,0.0,1.0,1.0884771e-19,0.0
0,0.0,98121.35843825238,-0.09999999999999998,1,0.0,1.0,1.0761736e-19,0.0
0,0.0,98121.35843825238,-0.09999999999999998,0,0.0,1.0,1.0952746e-19,0.0
0,0.0,98121.35843825238,-0.09999999999999998,1,0.0,1.0,1.05272084e-19,0.0
0,0.0,98118.13328510885,0.18700000047683718,2,-0.0008490123095711348,1.0,1.0372068e-19,0.0
0,0.0,98118.17053901519,0.18700000047683718,2,7.324526747323294e-06,1.0,1.01663334e-19,0.0
0,0.0,98118.17053901519,0.18700000047683718,2,0.0,1.0,1.03332074e-19,0.0
0,0.0,98118.17053901519,0.18700000047683718,1,0.0,1.0,9.861821e-20,0.0
0,0.0,98117.12107231084,0.28700000047683716,1,-0.00027626909818768947,1.0,1.00339496e-19,0.0
0,0.0,98111.70991286199,0.7870000004768372,2,-0.0014244721960997577,1.0,9.818578e-20,0.0
0,0.0,98111.70991286199,0.7870000004768372,1,0.0,1.0,1.00810634e-19,0.0
0,0.0,98111.70991286199,0.7870000004768372,0,0.0,1.0,9.9343164e-20,0.0
0,0.0,98111.70991286199,0.7870000004768372,2,0.0,1.0,9.4634936e-20,0.0
0,0.0,98111.70991286199,0.7870000004768372,1,0.0,1.0,9.78851e-20,0.0
0,0.0,98111.70991286199,0.7870000004768372,1,0.0,1.0,1.0232008e-19,0.0
0,0.0,98109.45898341012,1.0,1,-0.0005925507185432028,1.0,1.04733745e-19,0.0
0,0.0,98109.45898341012,1.0,0,0.0,1.0,1.0880288e-19,0.0
0,0.0,98109.45898341012,1.0,0,0.0,1.0,1.0933544e-19,0.0
0,0.0,98109.45898341012,1.0,1,0.0,1.0,1.1208549e-19,0.0
0,0.0,98109.45898341012,1.0,0,0.0,1.0,1.0826135e-19,0.0
0,0.0,98109.45898341012,1.0,0,0.0,1.0,1.1246753e-19,0.0
0,0.0,98109.45898341012,1.0,2,0.0,1.0,1.1751478e-19,0.0
0,0.0,98109.45898341012,1.0,2,0.0,1.0,1.1319408e-19,0.0
0,0.0,98109.45898341012,1.0,2,0.0,1.0,1.1058375e-19,0.0
0,0.0,98109.45898341012,1.0,2,0.0,1.0,1.1024007e-19,0.0
0,0.0,98109.45898341012,1.0,2,0.0,1.0,1.1027707e-19,0.0
0,0.0,98109.45898341012,1.0,1,0.0,1.0,1.125053e-19,0.0
0,0.0,98109.45898341012,1.0,0,0.0,1.0,1.1185655e-19,0.0
0,0.0,98109.45898341012,1.0,0,0.0,1.0,1.0366372e-19,0.0
0,0.0,98109.56054591012,1.0,0,1.9968301874232747e-05,1.0,9.956776e-20,0.0
0,0.0,98109.56054591012,1.0,2,0.0,1.0,9.2974616e-20,0.0
0,0.0,98108.52289116223,0.9,1,-0.00027315963454786275,1.0,9.495605e-20,0.0
0,0.0,98108.52289116223,0.9,2,0.0,1.0,8.7742305e-20,0.0
0,0.0,98108.52289116223,0.9,0,0.0,1.0,9.503432e-20,0.0
0,0.0,98108.52289116223,0.9,0,0.0,1.0,9.1284906e-20,0.0
0,0.0,98108.52289116223,0.9,1,0.0,1.0,9.0275106e-20,0.0
0,0.0,98108.52289116223,0.9,1,0.0,1.0,9.544559e-20,0.0
0,0.0,98108.52289116223,0.9,2,0.0,1.0,9.080839e-20,0.0
0,0.0,98108.52289116223,0.9,1,0.0,1.0,8.9868294e-20,0.0
0,0.0,98108.52289116223,0.9,1,0.0,1.0,9.201771e-20,0.0
0,0.0,98108.52289116223,0.9,0,0.0,1.0,9.093596e-20,0.0
0,0.0,98108.52289116223,0.9,2,0.0,1.0,8.4359065e-20,0.0
0,0.0,98108.52289116223,0.9,1,0.0,1.0,8.196097e-20,0.0
0,0.0,98108.52289116223,0.9,0,0.0,1.0,8.4493036e-20,0.0
0,0.0,98108.52289116223,0.9,2,0.0,1.0,8.521812e-20,0.0
0,0.0,98108.52289116223,0.9,2,0.0,1.0,8.644132e-20,0.0
0,0.0,98108.52289116223,0.9,1,0.0,1.0,9.376676e-20,0.0
0,0.0,98108.52289116223,0.9,1,0.0,1.0,9.2847024e-20,0.0
0,0.0,98108.52289116223,0.9,1,0.0,1.0,9.615749e-20,0.0
0,0.0,98108.52289116223,0.9,2,0.0,1.0,9.548929e-20,0.0
0,0.0,98108.52289116223,0.9,2,0.0,1.0,9.253586e-20,0.0
0,0.0,98108.61078178723,0.9,1,1.72802612373168e-05,1.0,9.34183e-20,0.0
0,0.0,98108.61078178723,0.9,0,0.0,1.0,9.527244e-20,0.0
0,0.0,98108.61078178723,0.9,1,0.0,1.0,1.0024156e-19,0.0
0,0.0,98108.61078178723,0.9,1,0.0,1.0,1.038648e-19,0.0
0,0.0,98108.61078178723,0.9,2,0.0,1.0,1.01913395e-19,0.0
0,0.0,98108.61078178723,0.9,0,0.0,1.0,1.0662195e-19,0.0
0,0.0,98108.61078178723,0.9,1,0.0,1.0,1.0014219e-19,0.0
0,0.0,98108.61078178723,0.9,1,0.0,1.0,9.766132e-20,0.0
0,0.0,98108.70218803722,0.9,1,1.7971471685665046e-05,1.0,9.8975495e-20,0.0
0,0.0,98108.70218803722,0.9,2,0.0,1.0,8.6831294e-20,0.0
0,0.0,98108.70218803722,0.9,1,0.0,1.0,9.1502454e-20,0.0
0,0.0,98108.70218803722,0.9,0,0.0,1.0,8.5954664e-20,0.0
0,0.0,98108.70218803722,0.9,1,0.0,1.0,8.2605054e-20,0.0
0,0.0,98108.70218803722,0.9,0,0.0,1.0,8.400582e-20,0.0
0,0.0,98108.70218803722,0.9,2,0.0,1.0,8.5622176e-20,0.0
0,0.0,98108.70218803722,0.9,1,0.0,1.0,8.0981376e-20,0.0
0,0.0,98108.70218803722,0.9,0,0.0,1.0,8.150079e-20,0.0
0,0.0,98108.70218803722,0.9,0,0.0,1.0,8.0484926e-20,0.0
0,0.0,98108.70218803722,0.9,2,0.0,1.0,7.972466e-20,0.0
0,0.0,98108.70218803722,0.9,2,0.0,1.0,7.689423e-20,0.0
0,0.0,98108.70218803722,0.9,0,0.0,1.0,7.582233e-20,0.0
0,0.0,98108.70218803722,0.9,1,0.0,1.0,7.2367835e-20,0.0
0,0.0,98107.58478561424,1.0,2,-0.00029415298115705155,1.0,7.269987e-20,0.0
0,0.0,98105.68935670848,0.75,0,-0.0004989662199864684,1.0,7.444661e-20,0.0
0,0.0,98105.68935670848,0.75,0,0.0,1.0,7.5522113e-20,0.0
0,0.0,98105.68935670848,0.75,2,0.0,1.0,7.344468e-20,0.0
0,0.0,98104.65181337512,0.65,2,-0.00027313030498951943,1.0,7.5780685e-20,0.0
0,0.0,98104.65181337512,0.65,2,0.0,1.0,7.362758e-20,0.0
0,0.0,98104.65181337512,0.65,2,0.0,1.0,7.36096e-20,0.0
0,0.0,98104.65181337512,0.65,0,0.0,1.0,7.639952e-20,0.0
0,0.0,98104.65181337512,0.65,1,0.0,1.0,8.0743245e-20,0.0
0,0.0,98103.60512077167,0.75,1,-0.0002755388240878091,1.0,8.1380245e-20,0.0
0,0.0,98103.60512077167,0.75,1,0.0,1.0,8.643077e-20,0.0
0,0.0,98100.92483233969,1.0,0,-0.0007055782378932747,1.0,8.774632e-20,0.0
0,0.0,98100.92483233969,1.0,2,0.0,1.0,8.720041e-20,0.0
0,0.0,98100.92483233969,1.0,2,0.0,1.0,9.53117e-20,0.0
0,0.0,98100.92483233969,1.0,2,0.0,1.0,9.3726704e-20,0.0
0,0.0,98100.92483233969,1.0,2,0.0,1.0,9.142988e-20,0.0
0,0.0,98100.92483233969,1.0,0,0.0,1.0,9.105953e-20,0.0
0,0.0,98100.92483233969,1.0,0,0.0,1.0,9.831621e-20,0.0
0,0.0,98100.92483233969,1.0,1,0.0,1.0,9.231445e-20,0.0
0,0.0,98100.92483233969,1.0,1,0.0,1.0,8.826331e-20,0.0
0,0.0,98100.92483233969,1.0,2,0.0,1.0,8.6702875e-20,0.0
0,0.0,98100.92483233969,1.0,2,0.0,1.0,8.456269e-20,0.0
0,0.0,98100.92483233969,1.0,0,0.0,1.0,8.5190814e-20,0.0
0,0.0,98100.92483233969,1.0,0,0.0,1.0,8.385342e-20,0.0
0,0.0,98100.92483233969,1.0,1,0.0,1.0,7.8034855e-20,0.0
0,0.0,98100.92483233969,1.0,1,0.0,1.0,7.4613785e-20,0.0
0,0.0,98100.92483233969,1.0,1,0.0,1.0,7.8712924e-20,0.0
0,0.0,98102.62405108969,1.0,1,0.0003340850505881248,1.0,7.37704e-20,0.0
0,0.0,98102.62405108969,1.0,0,0.0,1.0,7.5912627e-20,0.0
0,0.0,98102.62405108969,1.0,1,0.0,1.0,6.702026e-20,0.0
0,0.0,98102.62405108969,1.0,0,0.0,1.0,7.255691e-20,0.0
0,0.0,98102.62405108969,1.0,0,0.0,1.0,7.296325e-20,0.0
0,0.0,98102.62405108969,1.0,2,0.0,1.0,7.65594e-20,0.0
0,0.0,98102.62405108969,1.0,1,0.0,1.0,7.223765e-20,0.0
0,0.0,98102.62405108969,1.0,0,0.0,1.0,7.163832e-20,0.0
0,0.0,98102.62405108969,1.0,2,0.0,1.0,7.12437e-20,0.0
0,0.0,98102.62405108969,1.0,2,0.0,1.0,7.183096e-20,0.0
0,0.0,98102.62405108969,1.0,0,0.0,1.0,6.7138993e-20,0.0
0,0.0,98102.62405108969,1.0,1,0.0,1.0,7.20813e-20,0.0
0,0.0,98102.62405108969,1.0,2,0.0,1.0,7.996589e-20,0.0
0,0.0,98102.62405108969,1.0,2,0.0,1.0,7.993296e-20,0.0
0,0.0,98102.62405108969,1.0,2,0.0,1.0,7.802414e-20,0.0
0,0.0,98102.62405108969,1.0,2,0.0,1.0,8.121154e-20,0.0
0,0.0,98102.62405108969,1.0,2,0.0,1.0,8.093567e-20,0.0
0,0.0,98102.62405108969,1.0,1,0.0,1.0,8.274382e-20,0.0
0,0.0,98102.62405108969,1.0,1,0.0,1.0,7.6466e-20,0.0
0,0.0,98102.62405108969,1.0,0,0.0,1.0,8.0977673e-20,0.0
0,0.0,98102.62405108969,1.0,2,0.0,1.0,7.964806e-20,0.0
0,0.0,98100.02811869733,0.75,1,-0.0006833717525469552,1.0,8.746293e-20,0.0
0,0.0,98100.02811869733,0.75,0,0.0,1.0,8.5105065e-20,0.0
0,0.0,98100.02811869733,0.75,0,0.0,1.0,8.6251596e-20,0.0
0,0.0,98100.02811869733,0.75,0,0.0,1.0,8.345007e-20,0.0
0,0.0,98100.02811869733,0.75,0,0.0,1.0,8.234581e-20,0.0
0,0.0,98100.02811869733,0.75,0,0.0,1.0,8.3971214e-20,0.0
0,0.0,98100.02811869733,0.75,1,0.0,1.0,8.000006e-20,0.0
0,0.0,98100.02811869733,0.75,0,0.0,1.0,8.281456e-20,0.0
0,0.0,98100.02811869733,0.75,1,0.0,1.0,8.3222454e-20,0.0
0,0.0,98100.10429057233,0.75,0,1.497622640567456e-05,1.0,8.933235e-20,0.0
0,0.0,98100.10429057233,0.75,1,0.0,1.0,8.6130595e-20,0.0
0,0.0,98100.10429057233,0.75,0,0.0,1.0,9.354239e-20,0.0
0,0.0,98100.10429057233,0.75,1,0.0,1.0,9.639254e-20,0.0
0,0.0,98100.10429057233,0.75,0,0.0,1.0,9.3017184e-20,0.0
0,0.0,98100.10429057233,0.75,2,0.0,1.0,8.994512e-20,0.0
0,0.0,98100.10626050293,0.65,2,3.8730997052040237e-07,1.0,9.49517e-20,0.0
0,0.0,98100.10626050293,0.65,2,0.0,1.0,1.00090244e-19,0.0
0,0.0,98100.10626050293,0.65,0,0.0,1.0,9.618391e-20,0.0
0,0.0,98100.10626050293,0.65,0,0.0,1.0,9.7409804e-20,0.0
0,0.0,98100.10626050293,0.65,2,0.0,1.0,9.354525e-20,0.0
0,0.0,98100.10626050293,0.65,1,0.0,1.0,9.740832e-20,0.0
0,0.0,98100.10626050293,0.65,0,0.0,1.0,9.000278e-20,0.0
0,0.0,98100.10626050293,0.65,1,0.0,1.0,8.9489245e-20,0.0
0,0.0,98096.46419591323,1.0,2,-0.0009587630513331628,1.0,9.0070094e-20,0.0
0,0.0,98093.86734502313,0.75,1,-0.0006836135444408373,1.0,8.691216e-20,0.0
0,0.0,98093.86734502313,0.75,1,0.0,1.0,8.627002e-20,0.0
0,0.0,98093.86734502313,0.75,1,0.0,1.0,9.241451e-20,0.0
0,0.0,98093.86734502313,0.75,1,0.0,1.0,9.303706e-20,0.0
0,0.0,98091.26361891396,1.0,0,-0.0006854234261309294,1.0,9.0356415e-20,0.0
0,0.0,98091.26361891396,1.0,2,0.0,1.0,9.951764e-20,0.0
0,0.0,98091.26361891396,1.0,1,0.0,1.0,1.03912354e-19,0.0
0,0.0,98091.26361891396,1.0,0,0.0,1.0,1.0596993e-19,0.0
0,0.0,98091.26361891396,1.0,1,0.0,1.0,1.00850636e-19,0.0
0,0.0,98091.26361891396,1.0,1,0.0,1.0,1.05015387e-19,0.0
0,0.0,98091.26361891396,1.0,1,0.0,1.0,1.1066984e-19,0.0
0,0.0,98091.26361891396,1.0,0,0.0,1.0,1.0956758e-19,0.0
0,0.0,98091.26361891396,1.0,0,0.0,1.0,1.1544072e-19,0.0
0,0.0,98091.26361891396,1.0,2,0.0,1.0,1.1731771e-19,0.0
0,0.0,98091.26361891396,1.0,1,0.0,1.0,1.1381932e-19,0.0
0,0.0,98091.26361891396,1.0,0,0.0,1.0,1.141463e-19,0.0
0,0.0,98091.46283766396,1.0,1,3.916859213791808e-05,1.0,1.0868507e-19,0.0
0,0.0,98091.46283766396,1.0,0,0.0,1.0,1.0833902e-19,0.0
0,0.0,98091.46283766396,1.0,2,0.0,1.0,1.0759109e-19,0.0
0,0.0,98091.46283766396,1.0,1,0.0,1.0,1.06313285e-19,0.0
0,0.0,98091.46283766396,1.0,2,0.0,1.0,1.04972134e-19,0.0
0,0.0,98091.46283766396,1.0,2,0.0,1.0,1.00386975e-19,0.0
0,0.0,98091.46283766396,1.0,1,0.0,1.0,1.05724436e-19,0.0
0,0.0,98091.46283766396,1.0,2,0.0,1.0,1.1114538e-19,0.0
0,0.0,98091.46283766396,1.0,1,0.0,1.0,1.1284744e-19,0.0
0,0.0,98091.46283766396,1.0,1,0.0,1.0,1.1343269e-19,0.0
0,0.0,98091.46283766396,1.0,0,0.0,1.0,1.1263584e-19,0.0
0,0.0,98091.46283766396,1.0,0,0.0,1.0,1.1408361e-19,0.0
0,0.0,98091.46283766396,1.0,2,0.0,1.0,1.07277984e-19,0.0
0,0.0,98091.46283766396,1.0,2,0.0,1.0,1.0929041e-19,0.0
0,0.0,98091.46283766396,1.0,2,0.0,1.0,1.0966627e-19,0.0
0,0.0,98091.46283766396,1.0,2,0.0,1.0,1.08017135e-19,0.0
0,0.0,98081.03029214818,0.0,2,-0.002746337667971592,1.0,1.0657478e-19,0.0
0,0.0,98081.03029214818,0.0,0,0.0,1.0,1.0785738e-19,0.0
0,0.0,98081.03029214818,0.0,1,0.0,1.0,1.0610746e-19,0.0
0,0.0,98081.03029214818,0.0,2,0.0,1.0,1.0853757e-19,0.0
0,0.0,98081.03029214818,0.0,2,0.0,1.0,9.535243e-20,0.0
0,0.0,98081.03029214818,0.0,1,0.0,1.0,9.295192e-20,0.0
0,0.0,98081.03029214818,0.0,1,0.0,1.0,9.313933e-20,0.0
0,0.0,98081.03029214818,0.0,1,0.0,1.0,9.2217306e-20,0.0
0,0.0,98075.82298305602,0.5,2,-0.0013708091747064678,1.0,9.461328e-20,0.0
0,0.0,98075.82298305602,0.5,1,0.0,1.0,9.8051037e-20,0.0
0,0.0,98075.82298305602,0.5,0,0.0,1.0,1.0212978e-19,0.0
0,0.0,98075.82298305602,0.5,1,0.0,1.0,9.7393454e-20,0.0
0,0.0,98075.82298305602,0.5,2,0.0,1.0,1.0178596e-19,0.0
0,0.0,98068.01335973258,-0.25,2,-0.002055860928033921,1.0,1.1177124e-19,0.0
0,0.0,98068.01335973258,-0.25,0,0.0,1.0,1.1411321e-19,0.0
0,0.0,98068.01335973258,-0.25,2,0.0,1.0,1.10756e-19,0.0
0,0.0,98068.01335973258,-0.25,2,0.0,1.0,1.1014927e-19,0.0
0,0.0,98068.01335973258,-0.25,1,0.0,1.0,1.0944226e-19,0.0
0,0.0,98068.01335973258,-0.25,0,0.0,1.0,1.0432861e-19,0.0
0,0.0,98068.01335973258,-0.25,0,0.0,1.0,1.08213454e-19,0.0
0,0.0,98068.01335973258,-0.25,1,0.0,1.0,1.0675381e-19,0.0
0,0.0,98068.01335973258,-0.25,2,0.0,1.0,1.0187763e-19,0.0
0,0.0,98068.01335973258,-0.25,1,0.0,1.0,9.949031e-20,0.0
0,0.0,98068.01335973258,-0.25,2,0.0,1.0,9.297036e-20,0.0
0,0.0,98068.01335973258,-0.25,0,0.0,1.0,9.358808e-20,0.0
0,0.0,98068.01335973258,-0.25,0,0.0,1.0,9.294199e-20,0.0
0,0.0,98068.01335973258,-0.25,1,0.0,1.0,8.792726e-20,0.0
0,0.0,98068.01335973258,-0.25,0,0.0,1.0,8.72257e-20,0.0
0,0.0,98068.01335973258,-0.25,2,0.0,1.0,9.550095e-20,0.0
0,0.0,98060.20372160494,-1.0,1,-0.002055864825197556,1.0,9.412226e-20,0.0
0,0.0,98052.36936753834,-0.25,1,-0.002062371225198175,1.0,9.125148e-20,0.0
0,0.0,98052.36936753834,-0.25,1,0.0,1.0,9.5032874e-20,0.0
0,0.0,98052.36936753834,-0.25,2,0.0,1.0,9.605044e-20,0.0
0,0.0,98052.36936753834,-0.25,0,0.0,1.0,9.200086e-20,0.0
0,0.0,98052.36936753834,-0.25,1,0.0,1.0,8.848717e-20,0.0
0,0.0,98052.36936753834,-0.25,1,0.0,1.0,8.9367805e-20,0.0
0,0.0,98052.36936753834,-0.25,1,0.0,1.0,9.00591e-20,0.0
0,0.0,98052.36936753834,-0.25,2,0.0,1.0,9.3650933e-20,0.0
0,0.0,98051.33133807949,-0.35,2,-0.00027325827613236954,1.0,8.9888864e-20,0.0
0,0.0,98046.13582770978,-0.85,2,-0.0013677031948808665,1.0,9.5554883e-20,0.0
0,0.0,98046.13582770978,-0.85,0,0.0,1.0,9.477366e-20,0.0
0,0.0,98046.13582770978,-0.85,2,0.0,1.0,9.563073e-20,0.0
0,0.0,98046.13582770978,-0.85,1,0.0,1.0,9.5205593e-20,0.0
0,0.0,98040.87076412697,-0.35,1,-0.0013860128786253056,1.0,9.7210834e-20,0.0
0,0.0,98040.87076412697,-0.35,2,0.0,1.0,9.720935e-20,0.0
0,0.0,98040.87076412697,-0.35,1,0.0,1.0,9.9446296e-20,0.0
0,0.0,98035.56014664324,0.15000000000000002,0,-0.001398004812314944,1.0,1.0021097e-19,0.0
0,0.0,98035.56014664324,0.15000000000000002,0,0.0,1.0,9.979287e-20,0.0
0,0.0,98035.56014664324,0.15000000000000002,1,0.0,1.0,1.0188074e-19,0.0
0,0.0,98026.24429803465,1.0,2,-0.002452370411821901,1.0,1.03117867e-19,0.0
0,0.0,98026.24429803465,1.0,1,0.0,1.0,1.03513556e-19,0.0
0,0.0,98026.24429803465,1.0,2,0.0,1.0,1.06880944e-19,0.0
0,0.0,98026.24429803465,1.0,1,0.0,1.0,1.0463152e-19,0.0
0,0.0,98026.24429803465,1.0,1,0.0,1.0,1.01633866e-19,0.0
0,0.0,98026.24429803465,1.0,1,0.0,1.0,1.0089528e-19,0.0
0,0.0,98026.24429803465,1.0,1,0.0,1.0,9.863477e-20,0.0
0,0.0,98026.24429803465,1.0,1,0.0,1.0,9.906917e-20,0.0
0,0.0,98026.24429803465,1.0,0,0.0,1.0,9.798373e-20,0.0
0,0.0,98026.24429803465,1.0,2,0.0,1.0,9.359379e-20,0.0
0,0.0,98018.4465064572,0.25,2,-0.0020527462548576747,1.0,9.7858226e-20,0.0
0,0.0,98018.4465064572,0.25,0,0.0,1.0,9.8500906e-20,0.0
0,0.0,98018.4465064572,0.25,2,0.0,1.0,1.00084137e-19,0.0
0,0.0,98018.4465064572,0.25,1,0.0,1.0,1.0331316e-19,0.0
0,0.0,98018.6222877072,0.25,0,3.45605224746336e-05,1.0,1.0464269e-19,0.0
0,0.0,98018.6222877072,0.25,1,0.0,1.0,1.0119902e-19,0.0
0,0.0,98017.57671684927,0.35,2,-0.00027524352779562897,1.0,9.9783734e-20,0.0
0,0.0,98009.78497000497,-0.4,0,-0.0020511549962032548,1.0,1.03021927e-19,0.0
0,0.0,98009.78497000497,-0.4,0,0.0,1.0,9.453246e-20,0.0
0,0.0,98009.78497000497,-0.4,0,0.0,1.0,9.446613e-20,0.0
0,0.0,98009.78497000497,-0.4,1,0.0,1.0,9.5804537e-20,0.0
0,0.0,98009.78497000497,-0.4,1,0.0,1.0,9.526808e-20,0.0
0,0.0,98009.78497000497,-0.4,1,0.0,1.0,9.741129e-20,0.0
0,0.0,98009.78497000497,-0.4,1,0.0,1.0,9.841677e-20,0.0
0,0.0,98009.58497000497,-0.4,2,-5.2649426044242464e-05,1.0,9.8731134e-20,0.0
0,0.0,98009.58497000497,-0.4,0,0.0,1.0,1.02952786e-19,0.0
0,0.0,98009.58497000497,-0.4,0,0.0,1.0,8.8794194e-20,0.0
0,0.0,98009.58497000497,-0.4,0,0.0,1.0,8.9066944e-20,0.0
0,0.0,98009.58497000497,-0.4,2,0.0,1.0,8.1612786e-20,0.0
0,0.0,98009.58497000497,-0.4,1,0.0,1.0,7.767964e-20,0.0
0,0.0,98004.3458897031,0.09999999999999998,1,-0.0013791728544881618,1.0,7.8151637e-20,0.0
0,0.0,98004.3458897031,0.09999999999999998,1,0.0,1.0,7.305014e-20,0.0
0,0.0,98004.3458897031,0.09999999999999998,1,0.0,1.0,7.994027e-20,0.0
0,0.0,98001.73668424404,0.35,2,-0.0006868658492638435,1.0,7.40049e-20,0.0
0,0.0,98001.73668424404,0.35,1,0.0,1.0,7.993905e-20,0.0
0,0.0,98001.73668424404,0.35,1,0.0,1.0,7.6571075e-20,0.0
0,0.0,98001.73668424404,0.35,0,0.0,1.0,7.701988e-20,0.0
0,0.0,98001.73668424404,0.35,0,0.0,1.0,7.7863584e-20,0.0
0,0.0,98001.73668424404,0.35,0,0.0,1.0,8.653502e-20,0.0
0,0.0,98001.73668424404,0.35,0,0.0,1.0,8.455753e-20,0.0
0,0.0,98001.73668424404,0.35,0,0.0,1.0,8.7531025e-20,0.0
0,0.0,98001.73668424404,0.35,2,0.0,1.0,8.0885055e-20,0.0
0,0.0,98001.77086393154,0.35,1,6.720101592289867e-06,1.0,8.3134876e-20,0.0
0,0.0,98001.77086393154,0.35,0,0.0,1.0,7.7659496e-20,0.0
0,0.0,98001.77086393154,0.35,2,0.0,1.0,8.1107515e-20,0.0
0,0.0,98001.77086393154,0.35,2,0.0,1.0,8.676375e-20,0.0
0,0.0,98001.77086393154,0.35,2,0.0,1.0,7.5682464e-20,0.0
0,0.0,98001.77086393154,0.35,2,0.0,1.0,7.599723e-20,0.0
0,0.0,98001.77086393154,0.35,0,0.0,1.0,7.4662757e-20,0.0
0,0.0,98001.77086393154,0.35,2,0.0,1.0,7.5504827e-20,0.0
0,0.0,98001.77086393154,0.35,2,0.0,1.0,7.770098e-20,0.0
0,0.0,98001.77086393154,0.35,1,0.0,1.0,7.428321e-20,0.0
0,0.0,98001.77086393154,0.35,2,0.0,1.0,7.198348e-20,0.0
0,0.0,98001.77086393154,0.35,1,0.0,1.0,6.921527e-20,0.0
0,0.0,97994.98513325013,1.0,1,-0.0017863241283615312,1.0,7.068604e-20,0.0
0,0.0,97994.98513325013,1.0,1,0.0,1.0,6.774408e-20,0.0
0,0.0,97994.98513325013,1.0,1,0.0,1.0,6.9409875e-20,0.0
0,0.0,97994.98513325013,1.0,2,0.0,1.0,7.1597885e-20,0.0
0,0.0,97994.98513325013,1.0,1,0.0,1.0,6.979859e-20,0.0
0,0.0,97994.98513325013,1.0,2,0.0,1.0,7.087613e-20,0.0
0,0.0,97994.98513325013,1.0,2,0.0,1.0,7.851619e-20,0.0
0,0.0,97994.98513325013,1.0,0,0.0,1.0,8.475646e-20,0.0
0,0.0,97994.98513325013,1.0,2,0.0,1.0,6.9316734e-20,0.0
0,0.0,97994.98513325013,1.0,2,0.0,1.0,7.959946e-20,0.0
0,0.0,97994.98513325013,1.0,0,0.0,1.0,6.6404405e-20,0.0
0,0.0,97994.98513325013,1.0,1,0.0,1.0,6.6002357e-20,0.0
0,0.0,97994.98513325013,1.0,2,0.0,1.0,6.4886936e-20,0.0
0,0.0,97994.98513325013,1.0,1,0.0,1.0,6.584041e-20,0.0
0,0.0,97994.98513325013,1.0,1,0.0,1.0,6.27535e-20,0.0
0,0.0,97994.98513325013,1.0,1,0.0,1.0,6.1058964e-20,0.0
0,0.0,97994.98513325013,1.0,2,0.0,1.0,6.316177e-20,0.0
0,0.0,97994.98513325013,1.0,2,0.0,1.0,6.1421534e-20,0.0
0,0.0,97994.98513325013,1.0,1,0.0,1.0,6.307798e-20,0.0
0,0.0,97994.98513325013,1.0,0,0.0,1.0,5.559143e-20,0.0
0,0.0,97994.98513325013,1.0,1,0.0,1.0,5.696882e-20,0.0
0,0.0,97994.98513325013,1.0,0,0.0,1.0,5.325414e-20,0.0
0,0.0,97994.98513325013,1.0,2,0.0,1.0,5.4521187e-20,0.0
0,0.0,97994.98513325013,1.0,1,0.0,1.0,5.3581807e-20,0.0
0,0.0,97994.98513325013,1.0,1,0.0,1.0,5.565933e-20,0.0
0,0.0,97994.98513325013,1.0,2,0.0,1.0,5.7084555e-20,0.0
0,0.0,97994.98513325013,1.0,1,0.0,1.0,5.1214787e-20,0.0
0,0.0,97994.98513325013,1.0,2,0.0,1.0,5.758848e-20,0.0
0,0.0,97984.59539840474,0.0,1,-0.002735067881848101,1.0,5.3086196e-20,0.0
0,0.0,97984.59539840474,0.0,2,0.0,1.0,5.1110175e-20,0.0
0,0.0,97984.59539840474,0.0,1,0.0,1.0,5.78739e-20,0.0
0,0.0,97984.59539840474,0.0,2,0.0,1.0,5.8002085e-20,0.0
0,0.0,97984.59539840474,0.0,2,0.0,1.0,5.6954914e-20,0.0
0,0.0,97984.59539840474,0.0,1,0.0,1.0,5.8270874e-20,0.0
0,0.0,97984.59539840474,0.0,1,0.0,1.0,5.3963337e-20,0.0
0,0.0,97976.76224664212,0.75,0,-0.00206205472212725,1.0,5.2315833e-20,0.0
0,0.0,97976.76224664212,0.75,0,0.0,1.0,5.537639e-20,0.0
0,0.0,97976.76224664212,0.75,0,0.0,1.0,5.528183e-20,0.0
0,0.0,97976.76224664212,0.75,1,0.0,1.0,6.166664e-20,0.0
0,0.0,97976.76224664212,0.75,1,0.0,1.0,5.7684345e-20,0.0
0,0.0,97976.76224664212,0.75,2,0.0,1.0,6.024916e-20,0.0
0,0.0,97976.76224664212,0.75,2,0.0,1.0,6.302603e-20,0.0
0,0.0,97976.76224664212,0.75,2,0.0,1.0,6.1254e-20,0.0
0,0.0,97976.76224664212,0.75,1,0.0,1.0,5.982318e-20,0.0
0,0.0,97976.76224664212,0.75,1,0.0,1.0,5.6821233e-20,0.0
0,0.0,97976.76224664212,0.75,0,0.0,1.0,5.630597e-20,0.0
0,0.0,97976.76224664212,0.75,0,0.0,1.0,5.2034798e-20,0.0
0,0.0,97976.76224664212,0.75,0,0.0,1.0,4.7684287e-20,0.0
0,0.0,97976.76224664212,0.75,0,0.0,1.0,4.7975487e-20,0.0
0,0.0,97976.76224664212,0.75,1,0.0,1.0,4.705258e-20,0.0
0,0.0,97976.76224664212,0.75,2,0.0,1.0,4.5973832e-20,0.0
0,0.0,97976.76224664212,0.75,0,0.0,1.0,4.7793552e-20,0.0
0,0.0,97976.76224664212,0.75,2,0.0,1.0,4.9372417e-20,0.0
0,0.0,97976.76224664212,0.75,2,0.0,1.0,4.8658173e-20,0.0
0,0.0,97976.57031174563,0.5,1,-5.0526310690377665e-05,1.0,5.109458e-20,0.0
0,0.0,97976.57031174563,0.5,2,0.0,1.0,5.6128405e-20,0.0
0,0.0,97976.57031174563,0.5,2,0.0,1.0,4.8237538e-20,0.0
0,0.0,97968.69324308819,-0.25,0,-0.002073615718657392,1.0,5.4193562e-20,0.0
0,0.0,97968.69324308819,-0.25,2,0.0,1.0,4.8603262e-20,0.0
0,0.0,97968.69324308819,-0.25,2,0.0,1.0,4.780522e-20,0.0
0,0.0,97968.69324308819,-0.25,0,0.0,1.0,4.8253736e-20,0.0
0,0.0,97968.69324308819,-0.25,1,0.0,1.0,4.697367e-20,0.0
0,0.0,97960.79052684363,0.5,2,-0.0020803673723622917,1.0,4.859807e-20,0.0
0,0.0,97960.79052684363,0.5,2,0.0,1.0,4.4792505e-20,0.0
0,0.0,97960.79052684363,0.5,2,0.0,1.0,5.331512e-20,0.0
0,0.0,97960.79052684363,0.5,2,0.0,1.0,5.4821505e-20,0.0
0,0.0,97960.79052684363,0.5,0,0.0,1.0,5.525737e-20,0.0
0,0.0,97960.79052684363,0.5,2,0.0,1.0,5.843471e-20,0.0
0,0.0,97960.79052684363,0.5,2,0.0,1.0,6.6643964e-20,0.0
0,0.0,97960.79052684363,0.5,1,0.0,1.0,6.2884816e-20,0.0
0,0.0,97960.79052684363,0.5,0,0.0,1.0,6.986359e-20,0.0
0,0.0,97960.79052684363,0.5,2,0.0,1.0,7.128611e-20,0.0
0,0.0,97952.96994755138,-0.25,1,-0.0020587450553829116,1.0,7.704691e-20,0.0
0,0.0,97952.96994755138,-0.25,2,0.0,1.0,7.3075785e-20,0.0
0,0.0,97952.96994755138,-0.25,1,0.0,1.0,7.091507e-20,0.0
0,0.0,97952.96994755138,-0.25,2,0.0,1.0,8.044932e-20,0.0
0,0.0,97952.96994755138,-0.25,0,0.0,1.0,7.41213e-20,0.0
0,0.0,97952.96994755138,-0.25,2,0.0,1.0,6.3754364e-20,0.0
0,0.0,97952.96994755138,-0.25,0,0.0,1.0,6.727538e-20,0.0
0,0.0,97952.96994755138,-0.25,0,0.0,1.0,6.725793e-20,0.0
0,0.0,97952.96994755138,-0.25,1,0.0,1.0,6.747997e-20,0.0
0,0.0,97952.96994755138,-0.25,1,0.0,1.0,6.288002e-20,0.0
0,0.0,97952.96994755138,-0.25,1,0.0,1.0,7.280977e-20,0.0
0,0.0,97952.96994755138,-0.25,1,0.0,1.0,5.9882545e-20,0.0
0,0.0,97952.96994755138,-0.25,0,0.0,1.0,6.1709936e-20,0.0
0,0.0,97952.96994755138,-0.25,2,0.0,1.0,6.3115535e-20,0.0
0,0.0,97952.96994755138,-0.25,0,0.0,1.0,6.3793293e-20,0.0
0,0.0,97952.96994755138,-0.25,0,0.0,1.0,6.448522e-20,0.0
0,0.0,97952.96994755138,-0.25,1,0.0,1.0,6.8702836e-20,0.0
0,0.0,97952.96994755138,-0.25,2,0.0,1.0,7.034174e-20,0.0
0,0.0,97953.09494755138,-0.25,2,2.4576371537517227e-05,1.0,6.9459674e-20,0.0
0,0.0,97953.09494755138,-0.25,0,0.0,1.0,7.862649e-20,0.0
0,0.0,97953.09494755138,-0.25,1,0.0,1.0,7.499616e-20,0.0
0,0.0,97953.09494755138,-0.25,2,0.0,1.0,7.365005e-20,0.0
0,0.0,97953.09494755138,-0.25,2,0.0,1.0,9.30399e-20,0.0
0,0.0,97953.09494755138,-0.25,0,0.0,1.0,8.507001e-20,0.0
0,0.0,97953.09494755138,-0.25,2,0.0,1.0,9.869649e-20,0.0
0,0.0,97953.09494755138,-0.25,1,0.0,1.0,8.516742e-20,0.0
0,0.0,97953.09494755138,-0.25,2,0.0,1.0,7.8284115e-20,0.0
0,0.0,97953.09494755138,-0.25,0,0.0,1.0,7.359388e-20,0.0
0,0.0,97953.09494755138,-0.25,0,0.0,1.0,6.816819e-20,0.0
0,0.0,97953.09494755138,-0.25,2,0.0,1.0,7.1868243e-20,0.0
0,0.0,97953.09494755138,-0.25,2,0.0,1.0,8.1207823e-20,0.0
0,0.0,97953.09494755138,-0.25,0,0.0,1.0,7.9825695e-20,0.0
0,0.0,97953.09494755138,-0.25,2,0.0,1.0,9.8616705e-20,0.0
0,0.0,97953.09494755138,-0.25,2,0.0,1.0,1.01300984e-19,0.0
0,0.0,97953.09494755138,-0.25,1,0.0,1.0,1.00692257e-19,0.0
0,0.0,97953.09494755138,-0.25,2,0.0,1.0,9.2912216e-20,0.0
0,0.0,97953.09494755138,-0.25,2,0.0,1.0,8.7719544e-20,0.0
0,0.0,97953.09494755138,-0.25,2,0.0,1.0,9.483442e-20,0.0
0,0.0,97953.09494755138,-0.25,2,0.0,1.0,9.53117e-20,0.0
0,0.0,97953.09494755138,-0.25,2,0.0,1.0,9.813635e-20,0.0
0,0.0,97945.26211046251,-1.0,0,-0.00206197188516347,1.0,9.0972044e-20,0.0
0,0.0,97945.26211046251,-1.0,0,0.0,1.0,8.975044e-20,0.0
0,0.0,97945.26211046251,-1.0,2,0.0,1.0,8.15381e-20,0.0
0,0.0,97945.26211046251,-1.0,2,0.0,1.0,8.135789e-20,0.0
0,0.0,97945.26211046251,-1.0,1,0.0,1.0,8.457817e-20,0.0
0,0.0,97937.46211893583,-0.25,1,-0.0020533253851793757,1.0,8.6646006e-20,0.0
0,0.0,97937.46211893583,-0.25,0,0.0,1.0,7.6522026e-20,0.0
0,0.0,97937.46211893583,-0.25,1,0.0,1.0,8.7836073e-20,0.0
0,0.0,97937.46211893583,-0.25,2,0.0,1.0,8.2736246e-20,0.0
0,0.0,97937.46211893583,-0.25,2,0.0,1.0,9.811689e-20,0.0
0,0.0,97937.46211893583,-0.25,1,0.0,1.0,8.30626e-20,0.0
0,0.0,97937.46211893583,-0.25,0,0.0,1.0,8.904792e-20,0.0
0,0.0,97937.46211893583,-0.25,0,0.0,1.0,8.1113706e-20,0.0
0,0.0,97937.46211893583,-0.25,0,0.0,1.0,8.111989e-20,0.0
0,0.0,97937.46211893583,-0.25,2,0.0,1.0,8.2806977e-20,0.0
0,0.0,97937.46211893583,-0.25,2,0.0,1.0,8.712461e-20,0.0
0,0.0,97937.46211893583,-0.25,1,0.0,1.0,8.8842985e-20,0.0
0,0.0,97937.46211893583,-0.25,1,0.0,1.0,7.939325e-20,0.0
0,0.0,97937.46211893583,-0.25,2,0.0,1.0,7.9228664e-20,0.0
0,0.0,97937.46211893583,-0.25,1,0.0,1.0,8.2482883e-20,0.0
0,0.0,97937.46211893583,-0.25,1,0.0,1.0,7.540811e-20,0.0
0,0.0,97937.46211893583,-0.25,1,0.0,1.0,6.904544e-20,0.0
0,0.0,97927.05664474494,0.75,1,-0.0027392112193828752,1.0,8.234204e-20,0.0
0,0.0,97927.05664474494,0.75,2,0.0,1.0,6.805594e-20,0.0
0,0.0,97927.05664474494,0.75,1,0.0,1.0,7.2242064e-20,0.0
0,0.0,97927.05664474494,0.75,2,0.0,1.0,7.620625e-20,0.0
0,0.0,97927.05664474494,0.75,0,0.0,1.0,7.806344e-20,0.0
0,0.0,97927.05664474494,0.75,1,0.0,1.0,7.736027e-20,0.0
0,0.0,97927.05664474494,0.75,1,0.0,1.0,7.456712e-20,0.0
0,0.0,97926.01834893326,0.85,2,-0.00027332839275009306,1.0,7.353888e-20,0.0
0,0.0,97924.97965503651,0.75,2,-0.00027343318749964836,1.0,7.240428e-20,0.0
0,0.0,97924.97965503651,0.75,2,0.0,1.0,7.232699e-20,0.0
0,0.0,97914.49970929755,-0.25,2,-0.002758815640695373,1.0,7.324323e-20,0.0
0,0.0,97914.49970929755,-0.25,0,0.0,1.0,7.048894e-20,0.0
0,0.0,97914.49970929755,-0.25,2,0.0,1.0,7.127632e-20,0.0
0,0.0,97914.49970929755,-0.25,1,0.0,1.0,7.20989e-20,0.0
0,0.0,97914.49970929755,-0.25,0,0.0,1.0,7.1512724e-20,0.0
0,0.0,97914.49970929755,-0.25,0,0.0,1.0,7.094321e-20,0.0
0,0.0,97914.49970929755,-0.25,1,0.0,1.0,7.1796996e-20,0.0
0,0.0,97914.49970929755,-0.25,1,0.0,1.0,7.14451e-20,0.0
0,0.0,97914.49970929755,-0.25,1,0.0,1.0,6.886657e-20,0.0
0,0.0,97914.49970929755,-0.25,0,0.0,1.0,7.099411e-20,0.0
0,0.0,97914.49970929755,-0.25,2,0.0,1.0,7.220349e-20,0.0
0,0.0,97906.6992869484,-1.0,1,-0.0020534387979593716,1.0,7.043625e-20,0.0
0,0.0,97906.6992869484,-1.0,0,0.0,1.0,7.1008195e-20,0.0
0,0.0,97906.6992869484,-1.0,0,0.0,1.0,7.1672214e-20,0.0
0,0.0,97906.6992869484,-1.0,1,0.0,1.0,6.982629e-20,0.0
0,0.0,97906.6992869484,-1.0,2,0.0,1.0,6.762325e-20,0.0
0,0.0,97906.6992869484,-1.0,1,0.0,1.0,6.7217924e-20,0.0
0,0.0,97904.10285164752,-0.75,2,-0.0006835041417703068,1.0,6.9411995e-20,0.0
0,0.0,97904.10285164752,-0.75,2,0.0,1.0,7.098978e-20,0.0
0,0.0,97904.10285164752,-0.75,1,0.0,1.0,6.716256e-20,0.0
0,0.0,97904.10285164752,-0.75,0,0.0,1.0,6.527522e-20,0.0
0,0.0,97904.10285164752,-0.75,1,0.0,1.0,6.7872386e-20,0.0
0,0.0,97901.50640166624,-0.5,2,-0.0006835080063457517,1.0,6.722921e-20,0.0
0,0.0,97896.30583881742,-1.0,2,-0.0013690332455045724,1.0,6.6496675e-20,0.0
0,0.0,97896.30583881742,-1.0,1,0.0,1.0,6.5018755e-20,0.0
0,0.0,97896.30583881742,-1.0,0,0.0,1.0,6.281673e-20,0.0
0,0.0,97896.30583881742,-1.0,2,0.0,1.0,6.1725e-20,0.0
0,0.0,97896.30583881742,-1.0,2,0.0,1.0,6.188438e-20,0.0
0,0.0,97896.30583881742,-1.0,2,0.0,1.0,6.348159e-20,0.0
0,0.0,97896.30583881742,-1.0,2,0.0,1.0,6.036511e-20,0.0
0,0.0,97896.30583881742,-1.0,0,0.0,1.0,5.884092e-20,0.0
0,0.0,97896.30583881742,-1.0,0,0.0,1.0,6.7484096e-20,0.0
0,0.0,97896.30583881742,-1.0,2,0.0,1.0,7.076806e-20,0.0
0,0.0,97896.30583881742,-1.0,2,0.0,1.0,6.709905e-20,0.0
0,0.0,97896.30583881742,-1.0,1,0.0,1.0,7.0318126e-20,0.0
0,0.0,97896.30583881742,-1.0,2,0.0,1.0,7.345028e-20,0.0
0,0.0,97896.30583881742,-1.0,1,0.0,1.0,7.108733e-20,0.0
0,0.0,97896.30583881742,-1.0,1,0.0,1.0,7.021413e-20,0.0
0,0.0,97896.30583881742,-1.0,2,0.0,1.0,7.32723e-20,0.0
0,0.0,97896.30583881742,-1.0,1,0.0,1.0,6.722818e-20,0.0
0,0.0,97896.30583881742,-1.0,2,0.0,1.0,6.799159e-20,0.0
0,0.0,97896.30583881742,-1.0,0,0.0,1.0,6.5149844e-20,0.0
0,0.0,97896.30583881742,-1.0,1,0.0,1.0,6.832856e-20,0.0
0,0.0,97896.30583881742,-1.0,0,0.0,1.0,6.790864e-20,0.0
0,0.0,97896.30583881742,-1.0,1,0.0,1.0,6.736373e-20,0.0
0,0.0,97896.30583881742,-1.0,1,0.0,1.0,6.2099105e-20,0.0
0,0.0,97896.30583881742,-1.0,2,0.0,1.0,6.513692e-20,0.0
0,0.0,97896.30583881742,-1.0,0,0.0,1.0,6.2624364e-20,0.0
0,0.0,97896.30583881742,-1.0,0,0.0,1.0,5.89065e-20,0.0
0,0.0,97896.30583881742,-1.0,2,0.0,1.0,6.2955863e-20,0.0
0,0.0,97896.30583881742,-1.0,0,0.0,1.0,6.3644536e-20,0.0
0,0.0,97896.30583881742,-1.0,0,0.0,1.0,6.2736266e-20,0.0
0,0.0,97896.30583881742,-1.0,2,0.0,1.0,6.570893e-20,0.0
0,0.0,97896.30583881742,-1.0,2,0.0,1.0,6.762222e-20,0.0
0,0.0,97896.30583881742,-1.0,2,0.0,1.0,6.4154474e-20,0.0
0,0.0,97896.30583881742,-1.0,1,0.0,1.0,6.332003e-20,0.0
0,0.0,97896.30583881742,-1.0,1,0.0,1.0,6.1976986e-20,0.0
0,0.0,97896.30583881742,-1.0,0,0.0,1.0,6.460143e-20,0.0
0,0.0,97896.30583881742,-1.0,1,0.0,1.0,6.2089624e-20,0.0
0,0.0,97896.30583881742,-1.0,1,0.0,1.0,6.0166475e-20,0.0
0,0.0,97896.30583881742,-1.0,1,0.0,1.0,6.4545265e-20,0.0
0,0.0,97896.30583881742,-1.0,0,0.0,1.0,6.4620164e-20,0.0
0,0.0,97896.30583881742,-1.0,2,0.0,1.0,6.284837e-20,0.0
0,0.0,97896.30583881742,-1.0,0,0.0,1.0,6.3136725e-20,0.0
0,0.0,97896.30583881742,-1.0,2,0.0,1.0,6.155664e-20,0.0
0,0.0,97896.30583881742,-1.0,1,0.0,1.0,6.194957e-20,0.0
0,0.0,97896.30583881742,-1.0,2,0.0,1.0,6.006557e-20,0.0
0,0.0,97896.30583881742,-1.0,0,0.0,1.0,6.280235e-20,0.0
0,0.0,97896.30583881742,-1.0,0,0.0,1.0,6.331424e-20,0.0
0,0.0,97896.30583881742,-1.0,0,0.0,1.0,6.388096e-20,0.0
0,0.0,97896.30583881742,-1.0,2,0.0,1.0,6.644596e-20,0.0
0,0.0,97896.30583881742,-1.0,0,0.0,1.0,6.599329e-20,0.0
0,0.0,97896.30583881742,-1.0,0,0.0,1.0,6.4614244e-20,0.0
0,0.0,97896.30583881742,-1.0,2,0.0,1.0,6.63568e-20,0.0
0,0.0,97896.30583881742,-1.0,0,0.0,1.0,6.390826e-20,0.0
0,0.0,97896.30583881742,-1.0,1,0.0,1.0,6.4130983e-20,0.0
0,0.0,97896.30583881742,-1.0,2,0.0,1.0,6.457088e-20,0.0
0,0.0,97896.30583881742,-1.0,2,0.0,1.0,6.421127e-20,0.0
0,0.0,97896.30583881742,-1.0,1,0.0,1.0,6.6410486e-20,0.0
0,0.0,97896.30583881742,-1.0,1,0.0,1.0,6.582132e-20,0.0
0,0.0,97896.30583881742,-1.0,1,0.0,1.0,6.88004e-20,0.0
0,0.0,97896.30583881742,-1.0,0,0.0,1.0,6.968792e-20,0.0
0,0.0,97896.30583881742,-1.0,2,0.0,1.0,7.1294813e-20,0.0
0,0.0,97896.30583881742,-1.0,0,0.0,1.0,7.1994466e-20,0.0
0,0.0,97896.30583881742,-1.0,2,0.0,1.0,7.0063225e-20,0.0
0,0.0,97896.30583881742,-1.0,2,0.0,1.0,7.1861665e-20,0.0
0,0.0,97896.30583881742,-1.0,1,0.0,1.0,7.1784944e-20,0.0
0,0.0,97896.30583881742,-1.0,0,0.0,1.0,7.424242e-20,0.0
0,0.0,97896.30583881742,-1.0,2,0.0,1.0,7.1530185e-20,0.0
0,0.0,97896.30583881742,-1.0,0,0.0,1.0,7.342227e-20,0.0
0,0.0,97896.30583881742,-1.0,0,0.0,1.0,6.910657e-20,0.0
0,0.0,97896.30583881742,-1.0,2,0.0,1.0,6.899489e-20,0.0
0,0.0,97896.30583881742,-1.0,2,0.0,1.0,6.817859e-20,0.0
0,0.0,97896.30583881742,-1.0,0,0.0,1.0,6.734728e-20,0.0
0,0.0,97896.30583881742,-1.0,2,0.0,1.0,6.746659e-20,0.0
0,0.0,97896.30583881742,-1.0,0,0.0,1.0,6.930299e-20,0.0
0,0.0,97896.30583881742,-1.0,2,0.0,1.0,6.9862524e-20,0.0
0,0.0,97896.30583881742,-1.0,1,0.0,1.0,6.7699654e-20,0.0
0,0.0,97896.30583881742,-1.0,2,0.0,1.0,7.051691e-20,0.0
0,0.0,97896.30583881742,-1.0,2,0.0,1.0,6.704583e-20,0.0
0,0.0,97896.30583881742,-1.0,0,0.0,1.0,6.799574e-20,0.0
0,0.0,97896.30583881742,-1.0,2,0.0,1.0,6.9820965e-20,0.0
0,0.0,97896.30583881742,-1.0,2,0.0,1.0,6.944166e-20,0.0
0,0.0,97896.30583881742,-1.0,1,0.0,1.0,6.813387e-20,0.0
0,0.0,97896.30583881742,-1.0,0,0.0,1.0,6.971876e-20,0.0
0,0.0,97896.30583881742,-1.0,0,0.0,1.0,7.0180924e-20,0.0
0,0.0,97896.30583881742,-1.0,1,0.0,1.0,7.332822e-20,0.0
0,0.0,97896.30583881742,-1.0,1,0.0,1.0,7.5171453e-20,0.0
0,0.0,97896.30583881742,-1.0,1,0.0,1.0,7.345253e-20,0.0
0,0.0,97896.30583881742,-1.0,2,0.0,1.0,7.3908975e-20,0.0
0,0.0,97896.30583881742,-1.0,0,0.0,1.0,7.301448e-20,0.0
0,0.0,97896.30583881742,-1.0,0,0.0,1.0,7.574485e-20,0.0
0,0.0,97896.30583881742,-1.0,0,0.0,1.0,7.4973286e-20,0.0
0,0.0,97896.30583881742,-1.0,2,0.0,1.0,7.582927e-20,0.0
0,0.0,97896.30583881742,-1.0,0,0.0,1.0,7.7274147e-20,0.0
0,0.0,97896.30583881742,-1.0,0,0.0,1.0,7.5157695e-20,0.0
0,0.0,97896.30583881742,-1.0,0,0.0,1.0,7.3774895e-20,0.0
0,0.0,97896.30583881742,-1.0,1,0.0,1.0,7.6620163e-20,0.0
0,0.0,97896.30583881742,-1.0,1,0.0,1.0,7.830084e-20,0.0
0,0.0,97896.30583881742,-1.0,2,0.0,1.0,7.941505e-20,0.0
0,0.0,97896.30583881742,-1.0,0,0.0,1.0,8.0832e-20,0.0
0,0.0,97896.30583881742,-1.0,0,0.0,1.0,8.145603e-20,0.0
0,0.0,97896.30583881742,-1.0,1,0.0,1.0,8.0851735e-20,0.0
0,0.0,97896.30583881742,-1.0,0,0.0,1.0,7.883071e-20,0.0
0,0.0,97896.30583881742,-1.0,0,0.0,1.0,7.8227996e-20,0.0
0,0.0,97896.30583881742,-1.0,1,0.0,1.0,7.5381654e-20,0.0
0,0.0,97896.30583881742,-1.0,1,0.0,1.0,7.6058714e-20,0.0
0,0.0,97896.30583881742,-1.0,1,0.0,1.0,7.959217e-20,0.0
0,0.0,97888.49621859551,-0.25,1,-0.0020558601115670365,1.0,7.5142786e-20,0.0
0,0.0,97888.49621859551,-0.25,1,0.0,1.0,7.760619e-20,0.0
0,0.0,97888.49621859551,-0.25,2,0.0,1.0,7.64275e-20,0.0
0,0.0,97888.49621859551,-0.25,1,0.0,1.0,7.9177896e-20,0.0
0,0.0,97888.49621859551,-0.25,1,0.0,1.0,7.721875e-20,0.0
0,0.0,97883.29466328943,0.25,0,-0.0013692945070317088,1.0,7.7666605e-20,0.0
0,0.0,97883.29466328943,0.25,2,0.0,1.0,7.543113e-20,0.0
0,0.0,97883.29466328943,0.25,0,0.0,1.0,7.765594e-20,0.0
0,0.0,97883.29466328943,0.25,1,0.0,1.0,7.558552e-20,0.0
0,0.0,97883.29466328943,0.25,2,0.0,1.0,7.899327e-20,0.0
0,0.0,97883.29466328943,0.25,2,0.0,1.0,8.212246e-20,0.0
0,0.0,97883.29466328943,0.25,1,0.0,1.0,8.323515e-20,0.0
0,0.0,97883.29466328943,0.25,1,0.0,1.0,8.076665e-20,0.0
0,0.0,97883.29466328943,0.25,1,0.0,1.0,7.8727335e-20,0.0
0,0.0,97875.48527489504,1.0,1,-0.002055799083637181,1.0,7.850182e-20,0.0
0,0.0,97875.48527489504,1.0,2,0.0,1.0,7.809561e-20,0.0
0,0.0,97875.48527489504,1.0,0,0.0,1.0,7.8225605e-20,0.0
0,0.0,97875.48527489504,1.0,1,0.0,1.0,7.699873e-20,0.0
0,0.0,97875.48527489504,1.0,1,0.0,1.0,7.4753953e-20,0.0
0,0.0,97875.48527489504,1.0,0,0.0,1.0,7.086964e-20,0.0
0,0.0,97875.48527489504,1.0,1,0.0,1.0,7.022377e-20,0.0
0,0.0,97875.48527489504,1.0,1,0.0,1.0,7.262004e-20,0.0
0,0.0,97875.48527489504,1.0,1,0.0,1.0,6.873324e-20,0.0
0,0.0,97875.48527489504,1.0,2,0.0,1.0,7.27387e-20,0.0
0,0.0,97867.68104776366,0.25,1,-0.002054440395958949,1.0,7.253145e-20,0.0
0,0.0,97867.68104776366,0.25,2,0.0,1.0,7.2705415e-20,0.0
0,0.0,97867.70643838866,0.25,0,4.992075468558187e-06,1.0,7.3496245e-20,0.0
0,0.0,97867.70643838866,0.25,1,0.0,1.0,7.289648e-20,0.0
0,0.0,97865.10720309996,0.5,1,-0.0006842412305291324,1.0,7.76204e-20,0.0
0,0.0,97865.10720309996,0.5,2,0.0,1.0,8.065458e-20,0.0
0,0.0,97865.10720309996,0.5,2,0.0,1.0,8.2602534e-20,0.0
0,0.0,97859.913347171,0.0,0,-0.0013672676681037179,1.0,8.076419e-20,0.0
0,0.0,97859.913347171,0.0,0,0.0,1.0,8.4170054e-20,0.0
0,0.0,97859.913347171,0.0,1,0.0,1.0,8.1642675e-20,0.0
0,0.0,97858.87472014697,0.1,1,-0.00027341558344926806,1.0,8.4090464e-20,0.0
0,0.0,97858.87472014697,0.1,0,0.0,1.0,7.9882964e-20,0.0
0,0.0,97858.87472014697,0.1,0,0.0,1.0,8.4866456e-20,0.0
0,0.0,97858.87472014697,0.1,2,0.0,1.0,7.9976875e-20,0.0
0,0.0,97858.87472014697,0.1,2,0.0,1.0,7.5554386e-20,0.0
0,0.0,97858.87472014697,0.1,1,0.0,1.0,6.9203655e-20,0.0
0,0.0,97858.87472014697,0.1,2,0.0,1.0,7.341891e-20,0.0
0,0.0,97858.87472014697,0.1,2,0.0,1.0,7.116113e-20,0.0
0,0.0,97858.87472014697,0.1,0,0.0,1.0,6.534498e-20,0.0
0,0.0,97858.87472014697,0.1,2,0.0,1.0,6.589066e-20,0.0
0,0.0,97858.87472014697,0.1,0,0.0,1.0,6.6186915e-20,0.0
0,0.0,97858.87472014697,0.1,2,0.0,1.0,6.105524e-20,0.0
0,0.0,97858.87472014697,0.1,2,0.0,1.0,5.84044e-20,0.0
0,0.0,97858.87472014697,0.1,1,0.0,1.0,5.9962096e-20,0.0
0,0.0,97858.87472014697,0.1,1,0.0,1.0,5.821755e-20,0.0
0,0.0,97858.87472014697,0.1,2,0.0,1.0,6.22756e-20,0.0
0,0.0,97858.87472014697,0.1,1,0.0,1.0,6.677731e-20,0.0
0,0.0,97858.87472014697,0.1,0,0.0,1.0,7.241202e-20,0.0
0,0.0,97858.87472014697,0.1,2,0.0,1.0,7.1857277e-20,0.0
0,0.0,97858.87472014697,0.1,0,0.0,1.0,7.50305e-20,0.0
0,0.0,97858.87472014697,0.1,0,0.0,1.0,7.6745365e-20,0.0
0,0.0,97858.87472014697,0.1,0,0.0,1.0,7.138734e-20,0.0
0,0.0,97858.87472014697,0.1,2,0.0,1.0,7.1711596e-20,0.0
0,0.0,97851.0783552419,-0.65,1,-0.0020523706874456746,1.0,6.8870773e-20,0.0
0,0.0,97851.0783552419,-0.65,1,0.0,1.0,6.957635e-20,0.0
0,0.0,97851.0783552419,-0.65,1,0.0,1.0,7.017128e-20,0.0
0,0.0,97851.0783552419,-0.65,0,0.0,1.0,6.716256e-20,0.0
0,0.0,97851.0783552419,-0.65,0,0.0,1.0,6.742645e-20,0.0
0,0.0,97851.0783552419,-0.65,1,0.0,1.0,6.742131e-20,0.0
0,0.0,97851.0783552419,-0.65,1,0.0,1.0,6.703765e-20,0.0
0,0.0,97843.263433447,0.09999999999999998,2,-0.0020572557354394576,1.0,6.2990456e-20,0.0
0,0.0,97843.263433447,0.09999999999999998,1,0.0,1.0,6.5573716e-20,0.0
0,0.0,97835.4480109956,0.85,2,-0.002057387531827443,1.0,6.785685e-20,0.0
0,0.0,97835.4480109956,0.85,2,0.0,1.0,6.11121e-20,0.0
0,0.0,97835.4480109956,0.85,2,0.0,1.0,6.650885e-20,0.0
0,0.0,97834.40987733401,0.75,1,-0.0002732857072055277,1.0,6.2686506e-20,0.0
0,0.0,97834.40987733401,0.75,0,0.0,1.0,6.504257e-20,0.0
0,0.0,97834.40987733401,0.75,2,0.0,1.0,6.93252e-20,0.0
0,0.0,97834.40987733401,0.75,1,0.0,1.0,6.8341074e-20,0.0
0,0.0,97834.40987733401,0.75,1,0.0,1.0,6.8672444e-20,0.0
0,0.0,97834.40987733401,0.75,2,0.0,1.0,6.695382e-20,0.0
0,0.0,97834.40987733401,0.75,0,0.0,1.0,6.922266e-20,0.0
0,0.0,97834.40987733401,0.75,0,0.0,1.0,7.171488e-20,0.0
0,0.0,97834.40987733401,0.75,1,0.0,1.0,6.612735e-20,0.0
0,0.0,97834.40987733401,0.75,1,0.0,1.0,6.673453e-20,0.0
0,0.0,97834.40987733401,0.75,1,0.0,1.0,6.948935e-20,0.0
0,0.0,97834.40987733401,0.75,0,0.0,1.0,6.871751e-20,0.0
0,0.0,97834.40987733401,0.75,0,0.0,1.0,7.101036e-20,0.0
0,0.0,97834.40987733401,0.75,2,0.0,1.0,7.184083e-20,0.0
0,0.0,97834.40987733401,0.75,1,0.0,1.0,7.289648e-20,0.0
0,0.0,97831.8117386082,1.0,0,-0.0006839525634952629,1.0,7.16252e-20,0.0
0,0.0,97831.8117386082,1.0,1,0.0,1.0,7.13329e-20,0.0
0,0.0,97831.8117386082,1.0,1,0.0,1.0,7.2535875e-20,0.0
0,0.0,97831.8117386082,1.0,2,0.0,1.0,7.075835e-20,0.0
0,0.0,97824.00687153319,0.25,0,-0.0020546088592853736,1.0,7.307467e-20,0.0
0,0.0,97824.00687153319,0.25,0,0.0,1.0,7.297104e-20,0.0
0,0.0,97824.00687153319,0.25,0,0.0,1.0,7.240207e-20,0.0
0,0.0,97824.00687153319,0.25,2,0.0,1.0,7.408851e-20,0.0
0,0.0,97821.40980645112,0.0,2,-0.0006836699298618761,1.0,7.399022e-20,0.0
0,0.0,97821.40980645112,0.0,2,0.0,1.0,7.292875e-20,0.0
0,0.0,97820.37156832997,-0.1,0,-0.0002733132058837605,1.0,7.356918e-20,0.0
0,0.0,97820.37156832997,-0.1,2,0.0,1.0,7.309028e-20,0.0
0,0.0,97820.37156832997,-0.1,2,0.0,1.0,7.188469e-20,0.0
0,0.0,97820.37156832997,-0.1,2,0.0,1.0,7.0710856e-20,0.0
0,0.0,97820.37156832997,-0.1,2,0.0,1.0,7.36523e-20,0.0
0,0.0,97810.99979652085,-1.0,0,-0.0024670920338750978,1.0,7.256244e-20,0.0
0,0.0,97811.19901527085,-1.0,2,3.916859213791808e-05,1.0,7.6424005e-20,0.0
0,0.0,97811.40214027085,-1.0,0,3.993660374846549e-05,1.0,7.506142e-20,0.0
0,0.0,97811.40214027085,-1.0,1,0.0,1.0,6.75253e-20,0.0
0,0.0,97811.40214027085,-1.0,0,0.0,1.0,8.048984e-20,0.0
0,0.0,97811.40214027085,-1.0,1,0.0,1.0,6.4207355e-20,0.0
0,0.0,97801.00895901382,0.0,1,-0.002735975139819922,1.0,7.308805e-20,0.0
0,0.0,97801.00895901382,0.0,1,0.0,1.0,7.604827e-20,0.0
0,0.0,97801.00895901382,0.0,2,0.0,1.0,7.2820884e-20,0.0
0,0.0,97799.96937808787,-0.1,1,-0.00027366669539299085,1.0,6.2614806e-20,0.0
0,0.0,97799.96937808787,-0.1,2,0.0,1.0,6.687418e-20,0.0
0,0.0,97799.96937808787,-0.1,2,0.0,1.0,6.6498704e-20,0.0
0,0.0,97800.00961246288,-0.1,2,7.91051958921057e-06,1.0,5.9345866e-20,0.0
0,0.0,97800.00961246288,-0.1,2,0.0,1.0,5.4046566e-20,0.0
0,0.0,97800.00961246288,-0.1,0,0.0,1.0,5.7453316e-20,0.0
0,0.0,97800.00961246288,-0.1,0,0.0,1.0,5.577836e-20,0.0
0,0.0,97800.00961246288,-0.1,2,0.0,1.0,5.812169e-20,0.0
0,0.0,97800.00961246288,-0.1,1,0.0,1.0,6.688847e-20,0.0
0,0.0,97800.00961246288,-0.1,2,0.0,1.0,6.7649054e-20,0.0
0,0.0,97792.04895970583,-0.85,1,-0.0020956189930096828,1.0,6.4279895e-20,0.0
0,0.0,97792.04895970583,-0.85,1,0.0,1.0,6.943e-20,0.0
0,0.0,97792.04895970583,-0.85,0,0.0,1.0,6.557471e-20,0.0
0,0.0,97792.04895970583,-0.85,0,0.0,1.0,7.4841835e-20,0.0
0,0.0,97792.04895970583,-0.85,0,0.0,1.0,7.021627e-20,0.0
0,0.0,97792.13196751833,-0.85,0,1.632024672413253e-05,1.0,6.964327e-20,0.0
0,0.0,97794.08763158083,-0.85,0,0.00038450501281941805,1.0,7.015416e-20,0.0
0,0.0,97794.08763158083,-0.85,2,0.0,1.0,7.264331e-20,0.0
0,0.0,97794.08763158083,-0.85,1,0.0,1.0,5.594116e-20,0.0
0,0.0,97793.04943023031,-0.75,1,-0.00027330352611884047,1.0,7.445343e-20,0.0
0,0.0,97793.04943023031,-0.75,0,0.0,1.0,6.546774e-20,0.0
0,0.0,97793.04943023031,-0.75,2,0.0,1.0,5.1500036e-20,0.0
0,0.0,97792.00962178124,-0.85,2,-0.0002737265902023417,1.0,6.503463e-20,0.0
0,0.0,97792.00962178124,-0.85,1,0.0,1.0,9.2320084e-20,0.0
0,0.0,97792.00962178124,-0.85,0,0.0,1.0,7.5982155e-20,0.0
0,0.0,97792.00962178124,-0.85,1,0.0,1.0,7.077778e-20,0.0
0,0.0,97792.00962178124,-0.85,1,0.0,1.0,9.012784e-20,0.0
0,0.0,97781.59819346713,0.15000000000000002,2,-0.002740778625233163,1.0,7.9387186e-20,0.0
0,0.0,97770.92485448699,-0.85,0,-0.0028097258564402823,1.0,7.620276e-20,0.0
0,0.0,97770.92485448699,-0.85,1,0.0,1.0,8.396353e-20,0.0
0,0.0,97763.12302699396,-0.09999999999999998,1,-0.0020538086980526745,1.0,7.7390966e-20,0.0
0,0.0,97763.12302699396,-0.09999999999999998,2,0.0,1.0,6.762944e-20,0.0
0,0.0,97763.12302699396,-0.09999999999999998,1,0.0,1.0,7.2045014e-20,0.0
0,0.0,97763.13318324396,-0.09999999999999998,1,1.9968301885677013e-06,1.0,6.9445897e-20,0.0
0,0.0,97763.13318324396,-0.09999999999999998,0,0.0,1.0,7.433197e-20,0.0
0,0.0,97763.13318324396,-0.09999999999999998,2,0.0,1.0,6.640542e-20,0.0
0,0.0,97763.15310511895,-0.09999999999999998,2,3.916859212075169e-06,1.0,5.34112e-20,0.0
0,0.0,97762.10928311727,-0.19999999999999998,1,-0.0002747831464081209,1.0,6.967835e-20,0.0
0,0.0,97756.91666616306,0.30000000000000004,2,-0.0013669415115544785,1.0,6.88025e-20,0.0
0,0.0,97756.76666616306,0.30000000000000004,1,-3.948706953222417e-05,1.0,6.110277e-20,0.0
0,0.0,97756.76666616306,0.30000000000000004,2,0.0,1.0,6.9406696e-20,0.0
0,0.0,97756.76666616306,0.30000000000000004,1,0.0,1.0,6.376993e-20,0.0
0,0.0,97756.76666616306,0.30000000000000004,1,0.0,1.0,5.602402e-20,0.0
0,0.0,97756.76666616306,0.30000000000000004,1,0.0,1.0,5.695057e-20,0.0
0,0.0,97756.76666616306,0.30000000000000004,1,0.0,1.0,6.186644e-20,0.0
0,0.0,97756.76666616306,0.30000000000000004,2,0.0,1.0,5.2747876e-20,0.0
0,0.0,97756.76666616306,0.30000000000000004,1,0.0,1.0,5.3314304e-20,0.0
0,0.0,97756.76666616306,0.30000000000000004,0,0.0,1.0,5.0550193e-20,0.0
0,0.0,97756.76666616306,0.30000000000000004,2,0.0,1.0,5.866073e-20,0.0
0,0.0,97751.37935513008,-0.19999999999999996,1,-0.0014181941690637463,1.0,6.0305267e-20,0.0
0,0.0,97750.13494895039,0.050000000000000044,2,-0.0003275863556363933,1.0,6.63811e-20,0.0
0,0.0,97750.13494895039,0.050000000000000044,1,0.0,1.0,6.0520973e-20,0.0
0,0.0,97740.26167432702,1.0,1,-0.0025991112105266095,1.0,6.2905935e-20,0.0
0,0.0,97740.26167432702,1.0,1,0.0,1.0,6.2561324e-20,0.0
0,0.0,97740.26167432702,1.0,2,0.0,1.0,6.3210945e-20,0.0
0,0.0,97740.26167432702,1.0,0,0.0,1.0,6.1741956e-20,0.0
0,0.0,97740.26167432702,1.0,2,0.0,1.0,7.7191655e-20,0.0
0,0.0,97740.26167432702,1.0,1,0.0,1.0,6.075692e-20,0.0
0,0.0,97740.26167432702,1.0,1,0.0,1.0,7.2367835e-20,0.0
0,0.0,97740.26167432702,1.0,1,0.0,1.0,7.564898e-20,0.0
0,0.0,97740.26167432702,1.0,2,0.0,1.0,6.260334e-20,0.0
0,0.0,97735.04907231037,0.5,1,-0.0013722025218875944,1.0,6.6707043e-20,0.0
0,0.0,97735.04907231037,0.5,1,0.0,1.0,6.215029e-20,0.0
0,0.0,97735.04907231037,0.5,2,0.0,1.0,7.006643e-20,0.0
0,0.0,97735.04907231037,0.5,1,0.0,1.0,7.3233175e-20,0.0
0,0.0,97735.04907231037,0.5,1,0.0,1.0,7.8955915e-20,0.0
0,0.0,97735.04907231037,0.5,1,0.0,1.0,7.215173e-20,0.0
0,0.0,97729.85617000797,1.0,0,-0.0013670166286454451,1.0,7.1430923e-20,0.0
0,0.0,97729.85617000797,1.0,1,0.0,1.0,6.859076e-20,0.0
0,0.0,97729.85617000797,1.0,1,0.0,1.0,6.405079e-20,0.0
0,0.0,97729.85617000797,1.0,0,0.0,1.0,6.4968174e-20,0.0
0,0.0,97729.85617000797,1.0,0,0.0,1.0,6.1853225e-20,0.0
0,0.0,97729.85617000797,1.0,0,0.0,1.0,6.3148286e-20,0.0
0,0.0,97729.85617000797,1.0,2,0.0,1.0,5.83652e-20,0.0
0,0.0,97729.85617000797,1.0,2,0.0,1.0,6.108786e-20,0.0
0,0.0,97729.85617000797,1.0,2,0.0,1.0,5.9879805e-20,0.0
0,0.0,97721.97054583693,0.25,2,-0.0020758679330609604,1.0,5.9810406e-20,0.0
0,0.0,97711.40966755028,-0.75,1,-0.002780120901615923,1.0,6.3504846e-20,0.0
0,0.0,97711.40966755028,-0.75,0,0.0,1.0,6.1439344e-20,0.0
0,0.0,97711.40966755028,-0.75,1,0.0,1.0,6.568988e-20,0.0
0,0.0,97711.40966755028,-0.75,1,0.0,1.0,5.8766446e-20,0.0
0,0.0,97703.61730478091,0.0,2,-0.002051317136708378,1.0,6.528618e-20,0.0
0,0.0,97703.61730478091,0.0,0,0.0,1.0,6.122223e-20,0.0
0,0.0,97703.61730478091,0.0,2,0.0,1.0,5.711766e-20,0.0
0,0.0,97703.61730478091,0.0,2,0.0,1.0,5.870192e-20,0.0
0,0.0,97703.61730478091,0.0,2,0.0,1.0,5.805344e-20,0.0
0,0.0,97703.61730478091,0.0,0,0.0,1.0,5.660403e-20,0.0
0,0.0,97703.61730478091,0.0,2,0.0,1.0,5.7420015e-20,0.0
0,0.0,97703.61730478091,0.0,0,0.0,1.0,5.943195e-20,0.0
0,0.0,97703.61730478091,0.0,2,0.0,1.0,5.729136e-20,0.0
0,0.0,97703.61730478091,0.0,1,0.0,1.0,5.792072e-20,0.0
0,0.0,97703.61730478091,0.0,0,0.0,1.0,5.6676626e-20,0.0
0,0.0,97703.61730478091,0.0,2,0.0,1.0,5.6173816e-20,0.0
0,0.0,97703.61730478091,0.0,1,0.0,1.0,5.646859e-20,0.0
0,0.0,97703.61730478091,0.0,2,0.0,1.0,5.651083e-20,0.0
0,0.0,97703.61730478091,0.0,1,0.0,1.0,5.5519374e-20,0.0
0,0.0,97703.61730478091,0.0,2,0.0,1.0,5.6316285e-20,0.0
0,0.0,97703.61730478091,0.0,1,0.0,1.0,5.79897e-20,0.0
0,0.0,97703.61730478091,0.0,2,0.0,1.0,5.775921e-20,0.0
0,0.0,97703.61730478091,0.0,1,0.0,1.0,5.8281543e-20,0.0
0,0.0,97703.61730478091,0.0,0,0.0,1.0,5.7568275e-20,0.0
0,0.0,97703.61730478091,0.0,1,0.0,1.0,5.6627357e-20,0.0
0,0.0,97703.61730478091,0.0,0,0.0,1.0,5.626389e-20,0.0
0,0.0,97703.61730478091,0.0,1,0.0,1.0,5.578687e-20,0.0
0,0.0,97703.61730478091,0.0,0,0.0,1.0,5.6748455e-20,0.0
0,0.0,97703.61730478091,0.0,2,0.0,1.0,5.65298e-20,0.0
0,0.0,97703.61730478091,0.0,0,0.0,1.0,5.598556e-20,0.0
0,0.0,97703.61730478091,0.0,2,0.0,1.0,5.5232084e-20,0.0
0,0.0,97703.61730478091,0.0,2,0.0,1.0,5.571541e-20,0.0
0,0.0,97703.61730478091,0.0,2,0.0,1.0,5.4350904e-20,0.0
0,0.0,97703.61730478091,0.0,1,0.0,1.0,5.5260744e-20,0.0
0,0.0,97703.61730478091,0.0,2,0.0,1.0,5.4756293e-20,0.0
0,0.0,97703.61730478091,0.0,0,0.0,1.0,5.549566e-20,0.0
0,0.0,97703.61730478091,0.0,2,0.0,1.0,5.4927e-20,0.0
0,0.0,97703.61730478091,0.0,1,0.0,1.0,5.3955104e-20,0.0
0,0.0,97703.61730478091,0.0,0,0.0,1.0,5.4132402e-20,0.0
0,0.0,97703.61730478091,0.0,2,0.0,1.0,5.503271e-20,0.0
0,0.0,97703.61730478091,0.0,2,0.0,1.0,5.5211017e-20,0.0
0,0.0,97703.61730478091,0.0,0,0.0,1.0,5.534513e-20,0.0
0,0.0,97703.61730478091,0.0,0,0.0,1.0,5.5564294e-20,0.0
0,0.0,97703.61730478091,0.0,1,0.0,1.0,5.479641e-20,0.0
0,0.0,97703.61730478091,0.0,2,0.0,1.0,5.458778e-20,0.0
0,0.0,97698.41744855925,-0.5,0,-0.0013688472279351784,1.0,5.1846963e-20,0.0
0,0.0,97698.41744855925,-0.5,1,0.0,1.0,4.911469e-20,0.0
0,0.0,97698.41744855925,-0.5,2,0.0,1.0,5.1936438e-20,0.0
0,0.0,97698.41744855925,-0.5,1,0.0,1.0,4.954524e-20,0.0
0,0.0,97698.41744855925,-0.5,1,0.0,1.0,5.0470037e-20,0.0
0,0.0,97698.41744855925,-0.5,0,0.0,1.0,4.903382e-20,0.0
0,0.0,97698.41744855925,-0.5,0,0.0,1.0,5.02495e-20,0.0
0,0.0,97698.41744855925,-0.5,0,0.0,1.0,4.811698e-20,0.0
0,0.0,97699.01705793425,-0.5,2,0.00011788978221902794,1.0,4.696507e-20,0.0
0,0.0,97699.01705793425,-0.5,1,0.0,1.0,4.7602865e-20,0.0
0,0.0,97699.01705793425,-0.5,2,0.0,1.0,4.7235296e-20,0.0
0,0.0,97699.01705793425,-0.5,0,0.0,1.0,4.7522305e-20,0.0
0,0.0,97699.01705793425,-0.5,2,0.0,1.0,4.8844143e-20,0.0
0,0.0,97699.01705793425,-0.5,0,0.0,1.0,4.7457087e-20,0.0
0,0.0,97699.01705793425,-0.5,1,0.0,1.0,4.929037e-20,0.0
0,0.0,97699.01705793425,-0.5,0,0.0,1.0,4.897624e-20,0.0
0,0.0,97699.01705793425,-0.5,2,0.0,1.0,4.7461433e-20,0.0
0,0.0,97699.01705793425,-0.5,2,0.0,1.0,4.6683566e-20,0.0
0,0.0,97693.77736074479,-1.0,0,-0.0013793352483744078,1.0,4.7442608e-20,0.0
0,0.0,97693.87892324479,-1.0,1,1.9968301874232747e-05,1.0,4.7989397e-20,0.0
0,0.0,97692.77438201178,-0.75,0,-0.0002907673098059427,1.0,5.0433086e-20,0.0
0,0.0,97692.77438201178,-0.75,0,0.0,1.0,5.1887324e-20,0.0
0,0.0,97692.85055388678,-0.75,0,1.497622640567456e-05,1.0,5.1215566e-20,0.0
0,0.0,97692.85055388678,-0.75,2,0.0,1.0,4.733053e-20,0.0
0,0.0,97692.85055388678,-0.75,1,0.0,1.0,4.9800667e-20,0.0
0,0.0,97692.85055388678,-0.75,0,0.0,1.0,5.2135734e-20,0.0
0,0.0,97692.85055388678,-0.75,2,0.0,1.0,5.503355e-20,0.0
0,0.0,97690.24720812446,-1.0,2,-0.0006853233009123004,1.0,5.690887e-20,0.0
0,0.0,97690.24720812446,-1.0,2,0.0,1.0,6.0858056e-20,0.0
0,0.0,97690.24720812446,-1.0,2,0.0,1.0,6.143465e-20,0.0
0,0.0,97690.24720812446,-1.0,1,0.0,1.0,5.8519474e-20,0.0
0,0.0,97690.24720812446,-1.0,2,0.0,1.0,5.9610874e-20,0.0
0,0.0,97690.24720812446,-1.0,2,0.0,1.0,6.068928e-20,0.0
0,0.0,97690.24720812446,-1.0,2,0.0,1.0,6.115967e-20,0.0
0,0.0,97690.24720812446,-1.0,2,0.0,1.0,5.805964e-20,0.0
0,0.0,97690.24720812446,-1.0,2,0.0,1.0,6.0924023e-20,0.0
0,0.0,97690.24720812446,-1.0,1,0.0,1.0,5.947187e-20,0.0
0,0.0,97690.24720812446,-1.0,1,0.0,1.0,5.1874658e-20,0.0
0,0.0,97690.24720812446,-1.0,1,0.0,1.0,5.1374456e-20,0.0
0,0.0,97690.24720812446,-1.0,1,0.0,1.0,4.9155176e-20,0.0
0,0.0,97690.24720812446,-1.0,2,0.0,1.0,5.0659067e-20,0.0
0,0.0,97690.24720812446,-1.0,0,0.0,1.0,5.6204687e-20,0.0
0,0.0,97690.24720812446,-1.0,2,0.0,1.0,5.895056e-20,0.0
0,0.0,97690.24720812446,-1.0,0,0.0,1.0,6.012151e-20,0.0
0,0.0,97690.24720812446,-1.0,0,0.0,1.0,5.935492e-20,0.0
0,0.0,97690.24720812446,-1.0,2,0.0,1.0,5.729486e-20,0.0
0,0.0,97690.24720812446,-1.0,1,0.0,1.0,6.265304e-20,0.0
0,0.0,97682.45104719658,-0.25,0,-0.002052316991038698,1.0,5.709588e-20,0.0
0,0.0,97682.45104719658,-0.25,1,0.0,1.0,5.570861e-20,0.0
0,0.0,97682.45104719658,-0.25,1,0.0,1.0,5.837856e-20,0.0
0,0.0,97677.25510267522,0.25,1,-0.0013678174840559992,1.0,6.3799135e-20,0.0
0,0.0,97677.25510267522,0.25,0,0.0,1.0,6.200442e-20,0.0
0,0.0,97677.63010267522,0.25,2,7.372911461255168e-05,1.0,6.120168e-20,0.0
0,0.0,97677.65549330022,0.25,1,4.992075468558187e-06,1.0,6.0015185e-20,0.0
0,0.0,97677.95529798772,0.25,1,5.894489110951397e-05,1.0,6.170617e-20,0.0
0,0.0,97678.15549330022,0.25,0,3.936059504055493e-05,1.0,6.4611284e-20,0.0
0,0.0,97678.50510267522,0.25,2,6.873703914399348e-05,1.0,5.9449186e-20,0.0
0,0.0,97678.50510267522,0.25,1,0.0,1.0,8.716449e-20,0.0
0,0.0,97678.50510267522,0.25,1,0.0,1.0,8.954115e-20,0.0
0,0.0,97678.55490736272,0.25,0,9.79214803447952e-06,1.0,7.8281724e-20,0.0
0,0.0,97678.55490736272,0.25,0,0.0,1.0,8.2736246e-20,0.0
0,0.0,97678.55490736272,0.25,2,0.0,1.0,7.2509315e-20,0.0
0,0.0,97678.55490736272,0.25,0,0.0,1.0,9.3466776e-20,0.0
0,0.0,97678.55490736272,0.25,1,0.0,1.0,7.185947e-20,0.0
0,0.0,97678.55490736272,0.25,1,0.0,1.0,8.7063474e-20,0.0
0,0.0,97677.51539657846,0.35,0,-0.00027364823079528634,1.0,7.19681e-20,0.0
0,0.0,97677.51539657846,0.35,1,0.0,1.0,6.860855e-20,0.0
0,0.0,97677.51539657846,0.35,1,0.0,1.0,6.4882974e-20,0.0
0,0.0,97677.51539657846,0.35,2,0.0,1.0,8.195972e-20,0.0
0,0.0,97669.72359677176,-0.4,1,-0.0020511689384014762,1.0,6.7484096e-20,0.0
0,0.0,97669.72359677176,-0.4,2,0.0,1.0,7.752334e-20,0.0
0,0.0,97669.72359677176,-0.4,0,0.0,1.0,6.6134415e-20,0.0
0,0.0,97669.72359677176,-0.4,2,0.0,1.0,7.1769615e-20,0.0
0,0.0,97669.72359677176,-0.4,2,0.0,1.0,6.582032e-20,0.0
0,0.0,97669.72359677176,-0.4,2,0.0,1.0,6.9975615e-20,0.0
0,0.0,97669.72359677176,-0.4,2,0.0,1.0,8.532872e-20,0.0
0,0.0,97669.72359677176,-0.4,2,0.0,1.0,7.9062e-20,0.0
0,0.0,97664.5265109568,-0.9,2,-0.0013681179263209658,1.0,8.4110995e-20,0.0
0,0.0,97664.5265109568,-0.9,0,0.0,1.0,8.911316e-20,0.0
0,0.0,97664.5265109568,-0.9,1,0.0,1.0,9.2469525e-20,0.0
0,0.0,97664.5265109568,-0.9,2,0.0,1.0,7.7550554e-20,0.0
0,0.0,97663.48850949261,-1.0,2,-0.00027325090661611313,1.0,7.893182e-20,0.0
0,0.0,97663.48850949261,-1.0,1,0.0,1.0,8.084433e-20,0.0
0,0.0,97663.48850949261,-1.0,2,0.0,1.0,7.047173e-20,0.0
0,0.0,97663.48850949261,-1.0,0,0.0,1.0,7.7076315e-20,0.0
0,0.0,97663.48850949261,-1.0,2,0.0,1.0,8.921112e-20,0.0
0,0.0,97663.48850949261,-1.0,2,0.0,1.0,8.864663e-20,0.0
0,0.0,97663.48850949261,-1.0,1,0.0,1.0,9.261073e-20,0.0
0,0.0,97663.48850949261,-1.0,2,0.0,1.0,9.3628076e-20,0.0
0,0.0,97663.88694699261,-1.0,2,7.833718427583616e-05,1.0,8.876168e-20,0.0
0,0.0,97664.28538449261,-1.0,2,7.833718427583616e-05,1.0,8.410714e-20,0.0
0,0.0,97664.28538449261,-1.0,1,0.0,1.0,8.774364e-20,0.0
0,0.0,97661.85854594324,-0.25,0,-0.0006388582836432289,1.0,6.8651487e-20,0.0
0,0.0,97661.85854594324,-0.25,2,0.0,1.0,7.4765366e-20,0.0
0,0.0,97661.85854594324,-0.25,2,0.0,1.0,9.5492205e-20,0.0
0,0.0,97661.85854594324,-0.25,2,0.0,1.0,8.247407e-20,0.0
0,0.0,97661.85854594324,-0.25,0,0.0,1.0,7.745476e-20,0.0
0,0.0,97661.85854594324,-0.25,0,0.0,1.0,7.425375e-20,0.0
0,0.0,97661.85854594324,-0.25,0,0.0,1.0,7.181233e-20,0.0
0,0.0,97661.90932719324,-0.25,0,9.984150937116373e-06,1.0,7.303454e-20,0.0
0,0.0,97661.90932719324,-0.25,1,0.0,1.0,7.6235324e-20,0.0
0,0.0,97659.3134947776,0.0,0,-0.0006833454339618823,1.0,7.0906413e-20,0.0
0,0.0,97659.3134947776,0.0,0,0.0,1.0,7.665408e-20,0.0
0,0.0,97659.3134947776,0.0,1,0.0,1.0,7.335284e-20,0.0
0,0.0,97655.38082634365,0.75,2,-0.0010352636793630765,1.0,9.141314e-20,0.0
0,0.0,97655.38082634365,0.75,2,0.0,1.0,8.1681307e-20,0.0
0,0.0,97655.38082634365,0.75,1,0.0,1.0,7.8223214e-20,0.0
0,0.0,97652.78211590978,1.0,1,-0.0006841030640024226,1.0,7.1896755e-20,0.0
0,0.0,97652.78211590978,1.0,0,0.0,1.0,7.5285094e-20,0.0
0,0.0,97652.78211590978,1.0,2,0.0,1.0,7.492411e-20,0.0
0,0.0,97652.78211590978,1.0,1,0.0,1.0,7.5522113e-20,0.0
0,0.0,97652.78211590978,1.0,2,0.0,1.0,8.410714e-20,0.0
0,0.0,97652.78211590978,1.0,2,0.0,1.0,7.989515e-20,0.0
0,0.0,97652.78211590978,1.0,1,0.0,1.0,7.849343e-20,0.0
0,0.0,97652.78211590978,1.0,1,0.0,1.0,7.323206e-20,0.0
0,0.0,97652.78211590978,1.0,2,0.0,1.0,8.201852e-20,0.0
0,0.0,97652.78211590978,1.0,2,0.0,1.0,7.4624034e-20,0.0
0,0.0,97652.78211590978,1.0,2,0.0,1.0,7.6685666e-20,0.0
0,0.0,97644.99101392631,0.25,1,-0.0020509852384396165,1.0,6.777407e-20,0.0
0,0.0,97644.99101392631,0.25,1,0.0,1.0,7.775672e-20,0.0
0,0.0,97644.99101392631,0.25,2,0.0,1.0,8.002082e-20,0.0
0,0.0,97644.99101392631,0.25,2,0.0,1.0,7.373438e-20,0.0
0,0.0,97644.99101392631,0.25,2,0.0,1.0,7.1314394e-20,0.0
0,0.0,97644.99101392631,0.25,1,0.0,1.0,7.21077e-20,0.0
0,0.0,97644.99101392631,0.25,0,0.0,1.0,6.812035e-20,0.0
0,0.0,97644.99101392631,0.25,1,0.0,1.0,6.433288e-20,0.0
0,0.0,97644.99101392631,0.25,0,0.0,1.0,7.238882e-20,0.0
0,0.0,97644.99101392631,0.25,1,0.0,1.0,6.274967e-20,0.0
0,0.0,97644.99101392631,0.25,0,0.0,1.0,6.991691e-20,0.0
0,0.0,97644.99101392631,0.25,2,0.0,1.0,7.161427e-20,0.0
0,0.0,97644.99101392631,0.25,2,0.0,1.0,7.413261e-20,0.0
0,0.0,97644.99101392631,0.25,1,0.0,1.0,7.4488655e-20,0.0
0,0.0,97644.99101392631,0.25,0,0.0,1.0,7.933996e-20,0.0
0,0.0,97644.99101392631,0.25,0,0.0,1.0,7.512788e-20,0.0
0,0.0,97644.99101392631,0.25,1,0.0,1.0,7.6272554e-20,0.0
0,0.0,97644.99101392631,0.25,1,0.0,1.0,8.09925e-20,0.0
0,0.0,97644.99101392631,0.25,1,0.0,1.0,8.533653e-20,0.0
0,0.0,97644.99101392631,0.25,2,0.0,1.0,8.114713e-20,0.0
0,0.0,97637.13116927759,-0.5,1,-0.0020690815477890983,1.0,7.892941e-20,0.0
0,0.0,97637.13116927759,-0.5,1,0.0,1.0,7.20956e-20,0.0
0,0.0,97637.13116927759,-0.5,1,0.0,1.0,8.250554e-20,0.0
0,0.0,97637.13116927759,-0.5,0,0.0,1.0,8.4866456e-20,0.0
0,0.0,97637.13116927759,-0.5,0,0.0,1.0,8.157792e-20,0.0
0,0.0,97637.13116927759,-0.5,0,0.0,1.0,8.279055e-20,0.0
0,0.0,97637.13116927759,-0.5,2,0.0,1.0,9.090405e-20,0.0
0,0.0,97631.90539117217,-1.0,0,-0.001375671089445031,1.0,8.192596e-20,0.0
0,0.0,97631.90539117217,-1.0,1,0.0,1.0,8.185348e-20,0.0
0,0.0,97630.86731037655,-0.9,0,-0.00027327179038985535,1.0,9.168554e-20,0.0
0,0.0,97628.88801350155,-0.9,1,-0.0005210442222063797,1.0,8.403787e-20,0.0
0,0.0,97628.88801350155,-0.9,0,0.0,1.0,9.218495e-20,0.0
0,0.0,97628.88801350155,-0.9,2,0.0,1.0,9.116102e-20,0.0
0,0.0,97628.88801350155,-0.9,1,0.0,1.0,8.8380565e-20,0.0
0,0.0,97618.44393364395,0.09999999999999998,1,-0.002749374050353345,1.0,9.0090716e-20,0.0
0,0.0,97618.44393364395,0.09999999999999998,1,0.0,1.0,1.01381395e-19,0.0
0,0.0,97618.44393364395,0.09999999999999998,1,0.0,1.0,9.173172e-20,0.0
0,0.0,97618.44393364395,0.09999999999999998,0,0.0,1.0,9.328298e-20,0.0
0,0.0,97618.44393364395,0.09999999999999998,2,0.0,1.0,8.964505e-20,0.0
0,0.0,97618.44393364395,0.09999999999999998,1,0.0,1.0,8.856956e-20,0.0
0,0.0,97618.44393364395,0.09999999999999998,2,0.0,1.0,8.8464214e-20,0.0
0,0.0,97610.5556794153,-0.65,0,-0.0020765602881800973,1.0,8.9781945e-20,0.0
0,0.0,97610.5556794153,-0.65,2,0.0,1.0,8.892436e-20,0.0
0,0.0,97610.5556794153,-0.65,1,0.0,1.0,8.946058e-20,0.0
0,0.0,97610.5556794153,-0.65,2,0.0,1.0,8.649673e-20,0.0
0,0.0,97610.5556794153,-0.65,1,0.0,1.0,8.691348e-20,0.0
0,0.0,97610.5556794153,-0.65,1,0.0,1.0,9.088047e-20,0.0
0,0.0,97610.5556794153,-0.65,2,0.0,1.0,9.3745296e-20,0.0
0,0.0,97610.5556794153,-0.65,0,0.0,1.0,9.4548334e-20,0.0
0,0.0,97610.5556794153,-0.65,1,0.0,1.0,8.8518226e-20,0.0
0,0.0,97600.13458405793,0.35,0,-0.0027433234466275433,1.0,8.6663196e-20,0.0
0,0.0,97600.13458405793,0.35,1,0.0,1.0,9.158906e-20,0.0
0,0.0,97600.13458405793,0.35,1,0.0,1.0,9.362236e-20,0.0
0,0.0,97594.93420452253,0.85,1,-0.001368984988773979,1.0,9.0952605e-20,0.0
0,0.0,97594.93420452253,0.85,0,0.0,1.0,9.892114e-20,0.0
0,0.0,97594.93420452253,0.85,1,0.0,1.0,9.773586e-20,0.0
0,0.0,97593.37632228727,1.0,0,-0.0004101080276631561,1.0,9.544413e-20,0.0
0,0.0,97593.37632228727,1.0,0,0.0,1.0,1.02971637e-19,0.0
0,0.0,97593.37632228727,1.0,0,0.0,1.0,1.0529779e-19,0.0
0,0.0,97593.37632228727,1.0,2,0.0,1.0,1.1026025e-19,0.0
0,0.0,97593.37632228727,1.0,2,0.0,1.0,1.0676359e-19,0.0
0,0.0,97593.37632228727,1.0,1,0.0,1.0,1.0435249e-19,0.0
0,0.0,97593.37632228727,1.0,0,0.0,1.0,1.00128436e-19,0.0
0,0.0,97593.37632228727,1.0,2,0.0,1.0,1.068304e-19,0.0
0,0.0,97585.45620248126,0.25,2,-0.0020849488099689835,1.0,1.02740924e-19,0.0
0,0.0,97585.45620248126,0.25,0,0.0,1.0,1.0587457e-19,0.0
0,0.0,97585.45620248126,0.25,2,0.0,1.0,1.04044044e-19,0.0
0,0.0,97585.45620248126,0.25,1,0.0,1.0,1.0925873e-19,0.0
0,0.0,97585.45620248126,0.25,2,0.0,1.0,1.07939696e-19,0.0
0,0.0,97584.41607864616,0.15,2,-0.0002738096146698383,1.0,1.0980525e-19,0.0
0,0.0,97584.41607864616,0.15,1,0.0,1.0,1.1129132e-19,0.0
0,0.0,97584.41607864616,0.15,1,0.0,1.0,1.08269606e-19,0.0
0,0.0,97584.41607864616,0.15,0,0.0,1.0,1.094406e-19,0.0
0,0.0,97584.41607864616,0.15,1,0.0,1.0,1.0921872e-19,0.0
0,0.0,97584.41607864616,0.15,1,0.0,1.0,1.0846142e-19,0.0
0,0.0,97584.41607864616,0.15,2,0.0,1.0,1.1053483e-19,0.0
0,0.0,97584.41607864616,0.15,2,0.0,1.0,1.1522427e-19,0.0
0,0.0,97584.41607864616,0.15,0,0.0,1.0,1.0900728e-19,0.0
0,0.0,97584.41607864616,0.15,1,0.0,1.0,1.0969975e-19,0.0
0,0.0,97576.60917850678,0.9,1,-0.0020551440576437453,1.0,1.0845977e-19,0.0
0,0.0,97576.60917850678,0.9,1,0.0,1.0,1.0957929e-19,0.0
0,0.0,97576.60917850678,0.9,0,0.0,1.0,1.1093529e-19,0.0
0,0.0,97576.60917850678,0.9,1,0.0,1.0,1.1287844e-19,0.0
0,0.0,97576.60917850678,0.9,0,0.0,1.0,1.1339115e-19,0.0
0,0.0,97576.60917850678,0.9,2,0.0,1.0,1.1062425e-19,0.0
0,0.0,97576.60917850678,0.9,1,0.0,1.0,1.06581285e-19,0.0
0,0.0,97576.60917850678,0.9,1,0.0,1.0,1.0738443e-19,0.0
0,0.0,97576.60917850678,0.9,1,0.0,1.0,1.04596394e-19,0.0
0,0.0,97576.60917850678,0.9,1,0.0,1.0,1.05864875e-19,0.0
0,0.0,97576.60917850678,0.9,0,0.0,1.0,1.03869554e-19,0.0
0,0.0,97576.60917850678,0.9,1,0.0,1.0,1.0263751e-19,0.0
0,0.0,97576.60917850678,0.9,2,0.0,1.0,1.021516e-19,0.0
0,0.0,97576.60917850678,0.9,0,0.0,1.0,1.0271428e-19,0.0
0,0.0,97576.60917850678,0.9,0,0.0,1.0,1.0404881e-19,0.0
0,0.0,97576.60917850678,0.9,1,0.0,1.0,1.042395e-19,0.0
0,0.0,97576.60917850678,0.9,1,0.0,1.0,1.06063754e-19,0.0
0,0.0,97576.60917850678,0.9,1,0.0,1.0,1.045246e-19,0.0
0,0.0,97576.60917850678,0.9,2,0.0,1.0,1.0321704e-19,0.0
0,0.0,97576.60917850678,0.9,1,0.0,1.0,1.043716e-19,0.0
0,0.0,97576.60917850678,0.9,1,0.0,1.0,1.04152056e-19,0.0
0,0.0,97576.60917850678,0.9,0,0.0,1.0,1.0127626e-19,0.0
0,0.0,97576.60917850678,0.9,0,0.0,1.0,1.0470498e-19,0.0
0,0.0,97576.60917850678,0.9,2,0.0,1.0,1.027864e-19,0.0
0,0.0,97576.60917850678,0.9,1,0.0,1.0,1.0277542e-19,0.0
0,0.0,97576.60917850678,0.9,0,0.0,1.0,1.04682615e-19,0.0
0,0.0,97576.60917850678,0.9,2,0.0,1.0,1.0208615e-19,0.0
0,0.0,97576.60917850678,0.9,2,0.0,1.0,1.0157495e-19,0.0
0,0.0,97568.53553108379,0.15000000000000002,0,-0.0021253645145515926,1.0,1.02174984e-19,0.0
0,0.0,97568.53553108379,0.15000000000000002,1,0.0,1.0,1.0059551e-19,0.0
0,0.0,97568.53553108379,0.15000000000000002,0,0.0,1.0,9.734591e-20,0.0
0,0.0,97568.53553108379,0.15000000000000002,1,0.0,1.0,9.827871e-20,0.0
0,0.0,97568.53553108379,0.15000000000000002,2,0.0,1.0,9.882157e-20,0.0
0,0.0,97568.53553108379,0.15000000000000002,1,0.0,1.0,9.765834e-20,0.0
0,0.0,97568.53553108379,0.15000000000000002,2,0.0,1.0,9.803907e-20,0.0
0,0.0,97568.53553108379,0.15000000000000002,0,0.0,1.0,1.01305624e-19,0.0
0,0.0,97568.53553108379,0.15000000000000002,1,0.0,1.0,9.9620954e-20,0.0
0,0.0,97568.53553108379,0.15000000000000002,0,0.0,1.0,9.988276e-20,0.0
0,0.0,97568.53553108379,0.15000000000000002,2,0.0,1.0,9.9634635e-20,0.0
0,0.0,97568.53553108379,0.15000000000000002,0,0.0,1.0,9.880197e-20,0.0
0,0.0,97568.53553108379,0.15000000000000002,1,0.0,1.0,9.59933e-20,0.0
0,0.0,97568.53553108379,0.15000000000000002,1,0.0,1.0,9.5285526e-20,0.0
0,0.0,97560.73423643367,0.9,1,-0.002053668428685594,1.0,9.900268e-20,0.0
0,0.0,97560.73423643367,0.9,2,0.0,1.0,9.932498e-20,0.0
0,0.0,97560.73423643367,0.9,0,0.0,1.0,9.7950844e-20,0.0
0,0.0,97560.73423643367,0.9,0,0.0,1.0,9.869348e-20,0.0
0,0.0,97560.73423643367,0.9,2,0.0,1.0,9.8253224e-20,0.0
0,0.0,97560.73423643367,0.9,1,0.0,1.0,9.6344014e-20,0.0
0,0.0,97560.73423643367,0.9,2,0.0,1.0,9.4054785e-20,0.0
0,0.0,97560.73423643367,0.9,1,0.0,1.0,9.529716e-20,0.0
0,0.0,97560.73423643367,0.9,1,0.0,1.0,9.3032797e-20,0.0
0,0.0,97558.95419613055,1.0,2,-0.0004685905014797342,1.0,9.396871e-20,0.0
0,0.0,97558.95419613055,1.0,1,0.0,1.0,9.2575405e-20,0.0
0,0.0,97558.95419613055,1.0,2,0.0,1.0,9.421422e-20,0.0
0,0.0,97558.95419613055,1.0,0,0.0,1.0,9.308676e-20,0.0
0,0.0,97558.95419613055,1.0,0,0.0,1.0,9.1454995e-20,0.0
0,0.0,97558.95419613055,1.0,0,0.0,1.0,9.506478e-20,0.0
0,0.0,97558.95419613055,1.0,0,0.0,1.0,9.4244416e-20,0.0
0,0.0,97558.95419613055,1.0,1,0.0,1.0,8.974222e-20,0.0
0,0.0,97558.95419613055,1.0,1,0.0,1.0,9.239195e-20,0.0
0,0.0,97558.95419613055,1.0,1,0.0,1.0,9.3715266e-20,0.0
0,0.0,97558.95419613055,1.0,1,0.0,1.0,8.9272395e-20,0.0
0,0.0,97558.95419613055,1.0,2,0.0,1.0,8.878065e-20,0.0
0,0.0,97558.95419613055,1.0,2,0.0,1.0,8.8194656e-20,0.0
0,0.0,97558.95419613055,1.0,0,0.0,1.0,9.182836e-20,0.0
0,0.0,97558.95419613055,1.0,1,0.0,1.0,9.1393616e-20,0.0
0,0.0,97558.95419613055,1.0,0,0.0,1.0,9.254998e-20,0.0
0,0.0,97558.95419613055,1.0,0,0.0,1.0,9.301577e-20,0.0
0,0.0,97558.95419613055,1.0,1,0.0,1.0,9.401748e-20,0.0
0,0.0,97558.95419613055,1.0,1,0.0,1.0,9.021452e-20,0.0
0,0.0,97558.95419613055,1.0,2,0.0,1.0,9.176252e-20,0.0
0,0.0,97558.95419613055,1.0,0,0.0,1.0,9.5032874e-20,0.0
0,0.0,97558.95419613055,1.0,2,0.0,1.0,9.6690105e-20,0.0
0,0.0,97558.95419613055,1.0,1,0.0,1.0,9.3386946e-20,0.0
0,0.0,97558.95419613055,1.0,0,0.0,1.0,9.5845476e-20,0.0
0,0.0,97558.95419613055,1.0,1,0.0,1.0,9.2086534e-20,0.0
0,0.0,97558.95419613055,1.0,1,0.0,1.0,8.994649e-20,0.0
0,0.0,97558.95419613055,1.0,1,0.0,1.0,9.093041e-20,0.0
0,0.0,97558.95419613055,1.0,2,0.0,1.0,8.824311e-20,0.0
0,0.0,97558.95419613055,1.0,2,0.0,1.0,8.750431e-20,0.0
0,0.0,97558.95419613055,1.0,2,0.0,1.0,8.7728915e-20,0.0
0,0.0,97558.95419613055,1.0,1,0.0,1.0,9.0897113e-20,0.0
0,0.0,97558.95419613055,1.0,1,0.0,1.0,8.656671e-20,0.0
0,0.0,97558.95419613055,1.0,2,0.0,1.0,8.680878e-20,0.0
0,0.0,97558.95419613055,1.0,2,0.0,1.0,8.5416e-20,0.0
0,0.0,97558.95419613055,1.0,2,0.0,1.0,8.699309e-20,0.0
0,0.0,97558.95419613055,1.0,2,0.0,1.0,8.7382895e-20,0.0
0,0.0,97558.65341488055,1.0,2,-7.917980088800126e-05,1.0,8.769947e-20,0.0
0,0.0,97558.65341488055,1.0,0,0.0,1.0,8.743891e-20,0.0
0,0.0,97558.65341488055,1.0,0,0.0,1.0,8.46944e-20,0.0
0,0.0,97558.65341488055,1.0,1,0.0,1.0,8.088012e-20,0.0
0,0.0,97558.65341488055,1.0,1,0.0,1.0,7.8164755e-20,0.0
0,0.0,97558.65341488055,1.0,0,0.0,1.0,7.986346e-20,0.0
0,0.0,97558.65341488055,1.0,1,0.0,1.0,8.169128e-20,0.0
0,0.0,97558.65341488055,1.0,2,0.0,1.0,7.770098e-20,0.0
0,0.0,97558.65341488055,1.0,0,0.0,1.0,8.520252e-20,0.0
0,0.0,97558.65341488055,1.0,2,0.0,1.0,8.16514e-20,0.0
0,0.0,97558.65341488055,1.0,1,0.0,1.0,7.8214864e-20,0.0
0,0.0,97558.65341488055,1.0,1,0.0,1.0,8.1367825e-20,0.0
0,0.0,97558.65341488055,1.0,2,0.0,1.0,8.3993005e-20,0.0
0,0.0,97550.49990041839,0.25,0,-0.0021463892834118386,1.0,7.8485055e-20,0.0
0,0.0,97550.49990041839,0.25,0,0.0,1.0,8.569014e-20,0.0
0,0.0,97550.49990041839,0.25,0,0.0,1.0,8.3423336e-20,0.0
0,0.0,97550.49990041839,0.25,1,0.0,1.0,8.827409e-20,0.0
0,0.0,97550.49990041839,0.25,2,0.0,1.0,8.3980184e-20,0.0
0,0.0,97550.49990041839,0.25,2,0.0,1.0,7.936175e-20,0.0
0,0.0,97550.32509573089,0.25,2,-4.601683233426046e-05,1.0,8.187722e-20,0.0
0,0.0,97550.32509573089,0.25,1,0.0,1.0,8.3800976e-20,0.0
0,0.0,97550.32509573089,0.25,1,0.0,1.0,7.663888e-20,0.0
0,0.0,97550.32509573089,0.25,1,0.0,1.0,8.1702497e-20,0.0
0,0.0,97550.32509573089,0.25,1,0.0,1.0,8.1323144e-20,0.0
0,0.0,97550.32509573089,0.25,2,0.0,1.0,7.680394e-20,0.0
0,0.0,97550.32509573089,0.25,2,0.0,1.0,7.9942715e-20,0.0
0,0.0,97550.32509573089,0.25,2,0.0,1.0,8.2374717e-20,0.0
0,0.0,97550.32509573089,0.25,2,0.0,1.0,8.090727e-20,0.0
0,0.0,97550.32509573089,0.25,0,0.0,1.0,7.745358e-20,0.0
0,0.0,97550.32509573089,0.25,0,0.0,1.0,7.934238e-20,0.0
0,0.0,97550.32509573089,0.25,0,0.0,1.0,7.7983674e-20,0.0
0,0.0,97550.32509573089,0.25,0,0.0,1.0,7.78921e-20,0.0
0,0.0,97550.32509573089,0.25,0,0.0,1.0,7.5325315e-20,0.0
0,0.0,97550.32509573089,0.25,1,0.0,1.0,7.3986834e-20,0.0
0,0.0,97550.32509573089,0.25,2,0.0,1.0,7.14233e-20,0.0
0,0.0,97542.41261515842,-0.5,2,-0.0020829378036645013,1.0,7.054166e-20,0.0
0,0.0,97542.41261515842,-0.5,0,0.0,1.0,7.271873e-20,0.0
0,0.0,97542.41261515842,-0.5,1,0.0,1.0,7.2043916e-20,0.0
0,0.0,97542.41261515842,-0.5,0,0.0,1.0,7.19209e-20,0.0
0,0.0,97542.41261515842,-0.5,1,0.0,1.0,7.1477814e-20,0.0
0,0.0,97542.41261515842,-0.5,2,0.0,1.0,6.673962e-20,0.0
0,0.0,97537.15974984391,-1.0,2,-0.0013828017195041489,1.0,7.328795e-20,0.0
0,0.0,97537.15974984391,-1.0,1,0.0,1.0,6.983162e-20,0.0
0,0.0,97537.15974984391,-1.0,0,0.0,1.0,7.29421e-20,0.0
0,0.0,97537.15974984391,-1.0,1,0.0,1.0,7.124805e-20,0.0
0,0.0,97537.15974984391,-1.0,1,0.0,1.0,6.8907564e-20,0.0
0,0.0,97537.15974984391,-1.0,0,0.0,1.0,6.95668e-20,0.0
0,0.0,97537.15974984391,-1.0,1,0.0,1.0,6.9684726e-20,0.0
0,0.0,97537.15974984391,-1.0,1,0.0,1.0,6.7170756e-20,0.0
0,0.0,97537.15974984391,-1.0,1,0.0,1.0,6.357465e-20,0.0
0,0.0,97537.15974984391,-1.0,2,0.0,1.0,6.600034e-20,0.0
0,0.0,97537.15974984391,-1.0,0,0.0,1.0,6.7536635e-20,0.0
0,0.0,97537.86287484391,-1.0,1,0.0001382420898985344,1.0,6.626978e-20,0.0
0,0.0,97537.86287484391,-1.0,0,0.0,1.0,6.688438e-20,0.0
0,0.0,97537.86287484391,-1.0,0,0.0,1.0,6.4130983e-20,0.0
0,0.0,97537.86287484391,-1.0,0,0.0,1.0,6.667448e-20,0.0
0,0.0,97537.86287484391,-1.0,0,0.0,1.0,6.526825e-20,0.0
0,0.0,97537.86287484391,-1.0,1,0.0,1.0,6.629608e-20,0.0
0,0.0,97536.8250246417,-0.9,1,-0.000273211087334409,1.0,6.772135e-20,0.0
0,0.0,97536.8250246417,-0.9,1,0.0,1.0,7.0447005e-20,0.0
0,0.0,97536.8250246417,-0.9,0,0.0,1.0,7.012526e-20,0.0
0,0.0,97536.8250246417,-0.9,1,0.0,1.0,6.986466e-20,0.0
0,0.0,97536.8250246417,-0.9,0,0.0,1.0,7.4712905e-20,0.0
0,0.0,97536.8250246417,-0.9,2,0.0,1.0,7.108733e-20,0.0
0,0.0,97535.78543555965,-1.0,2,-0.00027366884246320003,1.0,6.703253e-20,0.0
0,0.0,97535.78543555965,-1.0,1,0.0,1.0,7.2057105e-20,0.0
0,0.0,97535.78543555965,-1.0,0,0.0,1.0,7.3708513e-20,0.0
0,0.0,97535.78543555965,-1.0,0,0.0,1.0,6.9231114e-20,0.0
0,0.0,97535.78543555965,-1.0,2,0.0,1.0,7.4734566e-20,0.0
0,0.0,97535.78543555965,-1.0,0,0.0,1.0,7.921295e-20,0.0
0,0.0,97535.78543555965,-1.0,1,0.0,1.0,7.657692e-20,0.0
0,0.0,97535.78543555965,-1.0,2,0.0,1.0,7.183645e-20,0.0
0,0.0,97535.78543555965,-1.0,1,0.0,1.0,7.319519e-20,0.0
0,0.0,97535.78543555965,-1.0,2,0.0,1.0,7.825426e-20,0.0
0,0.0,97535.78543555965,-1.0,2,0.0,1.0,7.2735374e-20,0.0
0,0.0,97535.78543555965,-1.0,2,0.0,1.0,7.3596127e-20,0.0
0,0.0,97535.78543555965,-1.0,2,0.0,1.0,8.2401115e-20,0.0
0,0.0,97535.78543555965,-1.0,0,0.0,1.0,8.319071e-20,0.0
0,0.0,97535.78543555965,-1.0,2,0.0,1.0,7.99232e-20,0.0
0,0.0,97535.78543555965,-1.0,2,0.0,1.0,7.955696e-20,0.0
0,0.0,97535.78543555965,-1.0,1,0.0,1.0,7.522424e-20,0.0
0,0.0,97535.78543555965,-1.0,2,0.0,1.0,6.835672e-20,0.0
0,0.0,97535.78543555965,-1.0,0,0.0,1.0,6.857192e-20,0.0
0,0.0,97535.78543555965,-1.0,1,0.0,1.0,7.141676e-20,0.0
0,0.0,97535.78543555965,-1.0,0,0.0,1.0,7.614581e-20,0.0
0,0.0,97535.78543555965,-1.0,2,0.0,1.0,7.6782846e-20,0.0
0,0.0,97535.78543555965,-1.0,2,0.0,1.0,7.7762655e-20,0.0
0,0.0,97535.78543555965,-1.0,0,0.0,1.0,7.4512527e-20,0.0
0,0.0,97535.78543555965,-1.0,2,0.0,1.0,6.9855067e-20,0.0
0,0.0,97535.78543555965,-1.0,1,0.0,1.0,7.0975696e-20,0.0
0,0.0,97535.78543555965,-1.0,2,0.0,1.0,7.2866456e-20,0.0
0,0.0,97535.78543555965,-1.0,1,0.0,1.0,7.6235324e-20,0.0
0,0.0,97535.78543555965,-1.0,0,0.0,1.0,7.712455e-20,0.0
0,0.0,97535.78543555965,-1.0,2,0.0,1.0,7.968939e-20,0.0
0,0.0,97535.78543555965,-1.0,2,0.0,1.0,8.233199e-20,0.0
0,0.0,97535.78543555965,-1.0,2,0.0,1.0,7.930849e-20,0.0
0,0.0,97535.78543555965,-1.0,2,0.0,1.0,7.351307e-20,0.0
0,0.0,97535.78543555965,-1.0,1,0.0,1.0,7.33506e-20,0.0
0,0.0,97535.78543555965,-1.0,0,0.0,1.0,7.540466e-20,0.0
0,0.0,97535.78543555965,-1.0,1,0.0,1.0,7.4356926e-20,0.0
0,0.0,97535.78543555965,-1.0,2,0.0,1.0,7.580613e-20,0.0
0,0.0,97535.78543555965,-1.0,0,0.0,1.0,8.286385e-20,0.0
0,0.0,97535.78543555965,-1.0,1,0.0,1.0,7.911389e-20,0.0
0,0.0,97535.78543555965,-1.0,0,0.0,1.0,7.437508e-20,0.0
0,0.0,97535.78543555965,-1.0,0,0.0,1.0,8.018338e-20,0.0
0,0.0,97535.78543555965,-1.0,1,0.0,1.0,7.735319e-20,0.0
0,0.0,97535.78543555965,-1.0,1,0.0,1.0,8.0534065e-20,0.0
0,0.0,97535.78543555965,-1.0,1,0.0,1.0,8.057217e-20,0.0
0,0.0,97535.78543555965,-1.0,2,0.0,1.0,8.7133913e-20,0.0
0,0.0,97535.78543555965,-1.0,0,0.0,1.0,8.498827e-20,0.0
0,0.0,97535.78543555965,-1.0,1,0.0,1.0,7.9795244e-20,0.0
0,0.0,97535.78543555965,-1.0,2,0.0,1.0,8.384702e-20,0.0
0,0.0,97535.88309180965,-1.0,0,1.9200290263685333e-05,1.0,7.640069e-20,0.0
0,0.0,97536.08231055965,-1.0,1,3.916859213791808e-05,1.0,7.310701e-20,0.0
0,0.0,97528.2946243446,-0.25,0,-0.002050086047203522,1.0,7.7690315e-20,0.0
0,0.0,97528.3698196571,-0.25,0,1.4784223503037707e-05,1.0,7.27709e-20,0.0
0,0.0,97528.3698196571,-0.25,2,0.0,1.0,6.6169744e-20,0.0
0,0.0,97528.5446243446,-0.25,0,3.436851957199674e-05,1.0,6.45433e-20,0.0
0,0.0,97528.5446243446,-0.25,1,0.0,1.0,6.9675155e-20,0.0
0,0.0,97528.5446243446,-0.25,0,0.0,1.0,6.55327e-20,0.0
0,0.0,97528.5446243446,-0.25,2,0.0,1.0,6.518067e-20,0.0
0,0.0,97528.5446243446,-0.25,0,0.0,1.0,7.5359805e-20,0.0
0,0.0,97528.5446243446,-0.25,2,0.0,1.0,6.7358584e-20,0.0
0,0.0,97528.5446243446,-0.25,2,0.0,1.0,6.655454e-20,0.0
0,0.0,97528.5446243446,-0.25,0,0.0,1.0,7.4047825e-20,0.0
0,0.0,97528.5446243446,-0.25,2,0.0,1.0,7.8177874e-20,0.0
0,0.0,97520.22040016687,-1.0,1,-0.0021913281261382402,1.0,7.732722e-20,0.0
0,0.0,97520.22040016687,-1.0,1,0.0,1.0,7.960675e-20,0.0
0,0.0,97520.22040016687,-1.0,2,0.0,1.0,8.324786e-20,0.0
0,0.0,97521.02118141687,-1.0,2,0.00015744238016221973,1.0,7.5216205e-20,0.0
0,0.0,97521.02118141687,-1.0,0,0.0,1.0,7.6119086e-20,0.0
0,0.0,97521.02118141687,-1.0,0,0.0,1.0,7.1748806e-20,0.0
0,0.0,97521.02118141687,-1.0,2,0.0,1.0,7.8570125e-20,0.0
0,0.0,97521.02118141687,-1.0,2,0.0,1.0,6.877521e-20,0.0
0,0.0,97521.02118141687,-1.0,1,0.0,1.0,6.738531e-20,0.0
0,0.0,97521.02118141687,-1.0,1,0.0,1.0,7.200106e-20,0.0
0,0.0,97521.02118141687,-1.0,0,0.0,1.0,6.4204415e-20,0.0
0,0.0,97521.02118141687,-1.0,0,0.0,1.0,5.4006173e-20,0.0
0,0.0,97521.02118141687,-1.0,0,0.0,1.0,5.444304e-20,0.0
0,0.0,97521.02118141687,-1.0,0,0.0,1.0,6.4031243e-20,0.0
0,0.0,97521.02118141687,-1.0,1,0.0,1.0,5.571626e-20,0.0
0,0.0,97521.02118141687,-1.0,0,0.0,1.0,6.147498e-20,0.0
0,0.0,97521.02118141687,-1.0,0,0.0,1.0,6.279756e-20,0.0
0,0.0,97521.02118141687,-1.0,2,0.0,1.0,6.2673116e-20,0.0
0,0.0,97521.02118141687,-1.0,1,0.0,1.0,5.536878e-20,0.0
0,0.0,97521.02118141687,-1.0,0,0.0,1.0,6.143841e-20,0.0
0,0.0,97521.02118141687,-1.0,1,0.0,1.0,5.898205e-20,0.0
0,0.0,97513.23432854404,-0.25,1,-0.0020498666722567624,1.0,5.8457e-20,0.0
0,0.0,97513.23432854404,-0.25,2,0.0,1.0,5.7481375e-20,0.0
